date,Omega,Clustering,AbsorptionRatio,Omega_memory
2006-02-01,5.850613435732967,0.33796042526963455,0.824785089903484,5.850613435732967
2006-02-06,6.450174607446233,0.3510639103440458,0.8369528250384952,6.210350138760926
2006-02-09,7.849056049474748,0.3616980836766043,0.8438836258744531,7.19357368518922
2006-02-14,8.207737539802725,0.3676340162627747,0.8503349261668601,7.802071997957323
2006-02-17,2.592953897918507,0.29512469777616085,0.8182131944614796,7.385342549954218
2006-02-23,4.690147788793123,0.33817291588867543,0.8326623215598821,7.169726969061331
2006-02-28,7.923323104586147,0.3806494418845218,0.8556806237677443,7.62188465037622
2006-03-03,8.365412576429604,0.37552550069967,0.877538717457602,8.06800140600825
2006-03-08,7.06217444200583,0.3721462895690661,0.864059930763016,7.987535248888057
2006-03-13,6.205090415050208,0.3760477235961863,0.859694790149719,7.844939662181029
2006-03-16,5.129675812691141,0.35646069523378543,0.8546764104656197,7.627718554221838
2006-03-21,5.424139770122579,0.35979612030629193,0.8437412097331194,7.451432251493898
2006-03-24,5.86575365134767,0.355942452320066,0.8452590756390954,7.3245779634822
2006-03-29,6.275779344309203,0.3569507094770859,0.8442684428298978,7.2406740739483615
2006-04-03,5.512071873976654,0.34767007320588195,0.8442514524694816,7.102385897950625
2006-04-06,6.739709045206044,0.3588119161123178,0.8461254424711795,7.073371749731058
2006-04-11,10.54096093235811,0.3853545286308571,0.8512057280156852,9.15392525930729
2006-04-17,10.430766115597221,0.3919720591985822,0.8443506395821747,9.920029773081248
2006-04-20,15.12082369780849,0.4244239151226688,0.8638322275642606,13.040506127917594
2006-04-25,9.75999678693498,0.3899217231484127,0.8540948687101626,12.778065380638985
2006-04-28,4.9270316551039395,0.33400906221987187,0.8526646000052919,12.149982682596182
2006-05-03,5.680558604133061,0.3390769287320582,0.8535645599519899,11.632428756319133
2006-05-08,5.75936172964904,0.3438404503518238,0.8503643264815863,11.162583394185525
2006-05-11,6.019034030461854,0.34386570304282094,0.8633003837808108,10.75109944508763
2006-05-16,4.571769622563217,0.32602543234657616,0.8412319903160573,10.256753059285678
2006-05-19,12.777952412913633,0.40040112527457417,0.8678115213957676,11.769472671462452
2006-05-24,10.148479695155226,0.38559976556737696,0.8582737464647022,11.639793233357874
2006-05-30,21.444392352004318,0.48137833083171044,0.8596017179526557,17.522552704545742
2006-06-02,23.508371248780854,0.5057873967730627,0.8655010643261875,21.11404383108681
2006-06-07,21.56048171236543,0.510232714481114,0.8625458447390101,21.38190655985398
2006-06-12,19.544116413374077,0.5041716502953739,0.8561000625756545,21.234883348135586
2006-06-15,30.373019473878628,0.49507675580239974,0.8741039415331617,26.717765023581414
2006-06-20,33.65602020250083,0.5047426743973431,0.8849578587208647,30.88071813093306
2006-06-23,37.03506508877289,0.5121660754049697,0.8881887323319855,34.57332630563696
2006-06-28,25.89839172794211,0.47046299150241283,0.8735315732256026,33.87933153942137
2006-07-03,23.50500673391609,0.48058147881290825,0.8722716923263344,33.04938555498095
2006-07-07,34.26789496314786,0.5043120556987692,0.8828198672840114,33.7804911998811
2006-07-12,37.87315297074297,0.516377150422641,0.8747620125850064,36.236088262398226
2006-07-17,26.828891371137352,0.49559227650657806,0.8659551505396011,35.48351251109736
2006-07-20,37.05841518196303,0.5349278180256205,0.8879740216097307,36.42845411361676
2006-07-25,37.81323982765366,0.5151742730575378,0.8915632361918344,37.2593255420389
2006-07-28,26.607190979108644,0.4484674214395364,0.8712592719793467,36.40715477700448
2006-08-02,22.53757945813034,0.4373051432594379,0.8641001285790479,35.29758875149455
2006-08-07,20.304186091447253,0.43111852063072215,0.8669805981091157,34.098116538690775
2006-08-10,7.795359173789937,0.3565077187924831,0.8636084537670442,31.99389594949871
2006-08-15,10.039462979444716,0.37656622747849566,0.8662374677740261,30.237541311894393
2006-08-18,6.821400695341818,0.3483665028856763,0.850247696647822,28.36425006257019
2006-08-23,8.768926460404558,0.37686111015100354,0.8595866163756933,26.79662417439694
2006-08-28,5.405833733903734,0.3457614218785376,0.8597730538023599,25.085360939157486
2006-08-31,4.583838854774456,0.33415287641213604,0.8457356411492544,23.445239172406843
2006-09-06,4.949956867567974,0.33472002342024065,0.8514176408994998,21.965616588019735
2006-09-11,6.32861319919738,0.3460637235654171,0.8354741704294744,20.71465631691395
2006-09-14,3.8360619277598866,0.3206733804346959,0.8217728708544751,19.364368765781624
2006-09-19,2.453813895619743,0.30577665296141465,0.8310638537067045,18.011524376168673
2006-09-22,6.0359583035781235,0.34792386501049694,0.8540694615735728,17.053479090361428
2006-09-27,8.44315076250808,0.3628011387944376,0.8586480911462785,16.364652824133163
2006-10-02,9.78515341639964,0.3706483548840887,0.861770147526655,15.838292871514483
2006-10-05,5.914321832634052,0.3419725551010664,0.8526494008536851,15.044375188404048
2006-10-10,4.313195805622235,0.3260740603451539,0.8447221468486747,14.185880837781504
2006-10-13,5.893707304214482,0.3382580170388701,0.85302792269178,13.522506955096143
2006-10-18,3.476984496448829,0.308373953783706,0.838399783631364,12.718865158404357
2006-10-23,1.244227188671204,0.26545545807675835,0.8638734153698452,11.800894120825706
2006-10-26,0.6295487252415735,0.2458203874993419,0.8475412898706917,10.907186489178976
2006-10-31,1.000705550459825,0.2618766073173265,0.8471803877580878,10.114668014081445
2006-11-03,0.6882923635301714,0.2491059730169833,0.8463904513806784,9.360557962037344
2006-11-08,1.6866020787028835,0.2827185041742474,0.8480733737099045,8.746641491370587
2006-11-13,1.3142010734027885,0.27847622469269,0.8508634861738609,8.152046257933163
2006-11-16,3.5334655397497547,0.32312164168044527,0.8611215512233308,7.7825598004784915
2006-11-21,3.2727240995766054,0.31735533331663995,0.8442655928533435,7.421772944406341
2006-11-27,6.6639406873258835,0.36256409895919484,0.8603661320646965,7.3611463638399055
2006-11-30,6.221019310000735,0.36998757915259906,0.8667752373510672,7.269936199532772
2006-12-05,5.460629773058152,0.3499923783446087,0.8612637621609743,7.125191685414803
2006-12-08,5.239653883637285,0.3403079086706363,0.850562711559775,6.974348661272602
2006-12-13,4.806416476213329,0.3309281622574082,0.8457755467266023,6.80091408646786
2006-12-18,6.413999183539139,0.3430879533787045,0.8381695879533624,6.769960894233563
2006-12-21,6.568857067660194,0.3476615041217592,0.8456883254879183,6.7538725881076935
2006-12-27,3.589053075424421,0.31225769552496163,0.8425236118177132,6.500687027093032
2007-01-03,2.6892097588567005,0.29515165612514693,0.8517274966875009,6.1957688456341256
2007-01-08,2.1073271974317285,0.2893976884608132,0.8399005751979229,5.868693513777934
2007-01-11,2.2170783447782534,0.2914001091374646,0.8488202315182004,5.57656430025796
2007-01-17,1.1532385495817332,0.2592199230802296,0.8563578496519938,5.222698240203862
2007-01-22,1.2154484735181499,0.26518653328001557,0.8577500535061438,4.902118258869006
2007-01-25,3.000361421193594,0.3001097495075701,0.8515966292227618,4.7499777118549735
2007-01-30,1.0267597712230505,0.2524498232447553,0.8240020565347672,4.45212027660442
2007-02-02,1.3838664315352776,0.2677292846876115,0.8123540633944877,4.206659968998888
2007-02-07,0.8911392010973156,0.2504018553003504,0.8096922847675824,3.9414183075667624
2007-02-12,1.3771743203025182,0.2722430173250276,0.8231369248954308,3.736278788585623
2007-02-15,3.124432828841656,0.30852565366413737,0.8149593924171817,3.6873311118061056
2007-02-21,4.222407135966987,0.32772599428894966,0.8013197634383297,4.008376726302634
2007-02-26,1.9334183147798891,0.2755846787016465,0.7885872041579874,3.842380053380815
2007-03-01,63.196726366349075,0.5878324902071269,0.8918818626866086,39.454987841161774
2007-03-06,76.57725840145308,0.6088292030151615,0.901001199013199,61.72835017733655
2007-03-09,72.98335208656538,0.6045556388602987,0.8987127521169346,68.48135132287385
2007-03-14,74.29770733054043,0.6295268721602199,0.9020441456787005,71.97116492747381
2007-03-19,77.17364649744124,0.6390473781175806,0.9063308859834429,75.09265386945427
2007-03-22,88.97942061950526,0.6710789912921679,0.9213769544030924,83.42471391948486
2007-03-27,45.91967272195565,0.5386043714814097,0.8830336170060674,80.42431062368252
2007-03-30,51.68982413256833,0.5720293826614612,0.8965389285252844,78.12555170439339
2007-04-04,54.33932129734973,0.5570095904189117,0.8889391631249606,76.2226532718299
2007-04-10,50.577220012768585,0.5654171185576661,0.8888613998902043,74.171018611105
2007-04-13,23.04493747074712,0.4828316735097412,0.8700025877717127,70.08093211987637
2007-04-18,11.611917465842781,0.41550777778863784,0.857138199562236,65.40341094755368
2007-04-23,5.45876366683542,0.35368760472042066,0.850252543032884,60.60783916509622
2007-04-26,3.9999309835604655,0.31061147509912196,0.8178783532653037,56.07920651057337
2007-05-01,3.868197028735937,0.31512762863928334,0.7886445589557625,51.90232575202638
2007-05-04,3.055124704507009,0.2975002803638548,0.7707704752979335,47.99454966822483
2007-05-09,2.1594253804735373,0.27932913908537954,0.7837215858504831,44.32773972520473
2007-05-14,6.449909992111313,0.35642917023967047,0.8108746824943361,41.29751334655725
2007-05-17,13.509798272974606,0.40840266884333726,0.8420471461588611,39.07449614067065
2007-05-22,10.401915781017347,0.3851549103933773,0.8130259383817651,36.78068971189839
2007-05-25,11.8598388743879,0.3856514300634706,0.823195845232922,34.78702164489756
2007-05-31,10.738356288514048,0.3808384854141257,0.8234511851914695,32.86312841638688
2007-06-05,9.59669388058195,0.38858225852431993,0.8200159943896387,31.001813653522486
2007-06-08,28.03342071336781,0.4831174079570449,0.84780209167419,30.764342218310112
2007-06-13,30.157262103372737,0.5439619600529841,0.879963959051059,30.715775809115122
2007-06-18,30.92669010308739,0.5363105515924064,0.8811277175389254,30.842324385498483
2007-06-21,33.71129632946331,0.5627625316681326,0.8835934345829276,32.56370755187738
2007-06-26,33.525347937158955,0.5851397707057069,0.8875088284339822,33.14069178304632
2007-06-29,28.673911188731353,0.5809999848905978,0.884811877302256,32.78334933550113
2007-07-05,33.37763007791616,0.5896646751780229,0.8861486008369561,33.13991778095014
2007-07-10,32.161027991389595,0.5561282847283151,0.8760294493596413,33.0616065977853
2007-07-13,52.73365971811022,0.5741396546509808,0.888352080189445,44.86483846998025
2007-07-18,45.692433152360636,0.5464768074606257,0.8889596099047385,45.361395279408484
2007-07-23,19.21745486590412,0.46584193672752766,0.8720145144706702,43.26988004632814
2007-07-26,29.39110382990452,0.5592854921575019,0.8914493685857123,42.159577949014256
2007-07-31,38.8595257663503,0.5580143614030274,0.8886785180955794,41.89557377440114
2007-08-03,50.29590482641951,0.5892233303875684,0.8962040172342285,46.93577240561216
2007-08-08,56.78116713891902,0.5945375244484918,0.8975146107473237,52.84300924559628
2007-08-13,58.43691970496144,0.5785185947133171,0.8946023331165568,56.19935552121538
2007-08-16,54.496060357333356,0.5836239143555828,0.9102840587039885,56.063091908104816
2007-08-21,61.621842868953095,0.5977141170253008,0.9184462189335075,59.398342484613785
2007-08-24,55.04899473159622,0.5833633306403067,0.9128412766246509,59.050394664372384
2007-08-29,66.04697020913824,0.6323967503907459,0.926213026962923,63.2483399912319
2007-09-04,60.99391316226386,0.5971864699038629,0.9276625028779683,63.06798584491446
2007-09-07,38.26967175036816,0.5829282624525132,0.9140747154788992,61.08412071735076
2007-09-12,47.70082711614574,0.5945109480608619,0.91792570847566,60.01345722925436
2007-09-17,59.82281289452549,0.6132162831175205,0.9017615470100229,59.998205682476055
2007-09-20,92.30126736039185,0.6743290536992026,0.9255624181017409,79.38004268922553
2007-09-25,88.84370554604496,0.6577942123016949,0.926647343960424,85.05824040331719
2007-09-28,46.85347396671038,0.573641021899289,0.8987353309563487,82.00185908838866
2007-10-03,38.02511780634739,0.5438824772675728,0.8897301191649584,78.48371978582536
2007-10-08,26.769362556161596,0.5129060964010023,0.8842610099828415,74.34657120745226
2007-10-11,28.545567732283562,0.5090620306376477,0.8844040213398092,70.68249092943876
2007-10-16,8.53819219954944,0.3756657598583042,0.8503501529013,65.71094703104762
2007-10-19,20.132547269172367,0.44542597691098873,0.8598062448173688,62.064675050097605
2007-10-24,16.13783990105679,0.4530707245914101,0.8548350170706769,58.39052823817434
2007-10-29,12.814831662240762,0.418793881963283,0.8533546508565301,54.744472512099655
2007-11-01,36.1217969518026,0.5243102746170976,0.8755911595380187,53.25465846727589
2007-11-06,25.25601515980912,0.48378700528117063,0.8640889843538508,51.014767002678546
2007-11-09,26.984403457697606,0.49029072141569774,0.8961982637526225,49.09233791908007
2007-11-14,36.41222215097966,0.5323630241468497,0.9129810122325739,48.07792865763204
2007-11-19,28.793908138921356,0.50978513988748,0.9118796767804007,46.53520701613519
2007-11-23,38.6175729091468,0.5479426867915157,0.9304536156739612,45.90179628757612
2007-11-28,60.72860927898018,0.6118081756634633,0.9403282108456968,54.797884082418555
2007-12-03,47.31321007708164,0.5809825058667383,0.9392935456684055,54.199110161991605
2007-12-06,39.759491756945145,0.5637225047566956,0.9307689498864696,53.04394068958789
2007-12-11,57.20982539211631,0.638830556681659,0.9331132763782982,55.54347151110494
2007-12-14,46.90555754612003,0.5928570292977308,0.9153268899508594,54.85243839390615
2007-12-19,59.042766729022794,0.601618900916751,0.9148912366446079,57.36663539497614
2007-12-24,29.77073323586654,0.5460051894545271,0.905164853395718,55.15896322224738
2007-12-28,25.622944105066054,0.5117665794872734,0.9025104729645992,52.796081692872875
2008-01-03,46.7503618764415,0.5530981647284452,0.9151550804186236,52.31242410755837
2008-01-08,34.73420003430859,0.520243761529752,0.9167276884581576,50.90616618169839
2008-01-11,34.474548033074534,0.5274835797304237,0.9084719426713249,49.591636729808485
2008-01-16,28.716607822576158,0.5281990829354848,0.9172281934191795,47.9216344172299
2008-01-22,17.215035926162088,0.4886293752023112,0.9179249852723979,45.46510653794448
2008-01-25,22.118339061062635,0.48217194062544416,0.9187811309525273,43.597365139793936
2008-01-30,23.37139286223515,0.48232382439116384,0.8998105385261711,41.979287357589236
2008-02-04,24.616022444900526,0.47524512922403045,0.8883932205554569,40.59022616457414
2008-02-07,30.93167324552607,0.5042419930261957,0.8897391790261878,39.8175419310503
2008-02-12,26.43731252125592,0.48463130630313817,0.8916919958228815,38.74712357826675
2008-02-15,18.183361855067844,0.47252671303352195,0.8917959636420624,37.10202264041084
2008-02-21,24.987315270847912,0.4868510346249519,0.8741927504069384,36.1328460508458
2008-02-26,23.68193077255444,0.48233856438033784,0.8822712414592419,35.136772828582494
2008-02-29,40.8297888484891,0.5213724233656689,0.8994547129610118,38.55258244052646
2008-03-05,19.353996470299002,0.44590053747708336,0.8777194472349097,37.01669556290826
2008-03-10,29.36811740197187,0.4956097518780536,0.8898318810747661,36.40480931003335
2008-03-13,51.91971288480713,0.5635668956723789,0.9127070756277194,45.71375145489762
2008-03-18,66.95121217813423,0.6241847510425991,0.9388038757048992,58.456227888839585
2008-03-24,49.41947037990415,0.6252785642727717,0.9439470795778794,57.73328728812475
2008-03-27,57.301096880517605,0.6292148827585613,0.9418381954858835,57.69871205551618
2008-04-01,58.13762649962686,0.6387589031269283,0.9415570054731017,57.96206072198259
2008-04-04,63.74298470398774,0.6299743873600225,0.9385721906084401,61.43061511118568
2008-04-09,34.27911687274012,0.5943444298832267,0.9329661283177355,59.25849525211004
2008-04-14,26.493891334964854,0.5777118492551168,0.9366900293900271,56.637326938738425
2008-04-17,24.904846661873375,0.53139180504844,0.9181356316676427,54.098728516589226
2008-04-22,32.467293612622505,0.5247574498467957,0.9084814194485245,52.36821372427189
2008-04-25,20.75725231914438,0.47326327020108533,0.8978225112326172,49.83933681186169
2008-04-30,8.318741938109032,0.3871884263557646,0.8723091366352214,46.51768922196148
2008-05-05,16.229993970229522,0.44221334114061783,0.8794531596118809,44.09467360182293
2008-05-08,21.431876134074553,0.46865758096546656,0.8869640231494251,42.28164980440307
2008-05-13,19.57509461522728,0.4470819591586507,0.8838060863275519,40.465125389269005
2008-05-16,14.348128740403629,0.4082344230798224,0.8839694816628773,38.37576565735978
2008-05-21,25.594283066213066,0.47193361949179546,0.8911217400568061,37.35324705006804
2008-05-27,31.419986505210414,0.5126942772014377,0.8860370129636364,36.87858620647943
2008-05-30,21.577964379646613,0.47167632869550985,0.8810763378445249,35.65453646033281
2008-06-04,23.627548729467595,0.4809472629408201,0.8745252338396258,34.69237744186359
2008-06-09,48.66307980429666,0.556763768273132,0.890544264668045,43.07479885932343
2008-06-12,46.75010969119293,0.5622994409449495,0.9028015914266342,45.27998535844513
2008-06-17,55.62831123183299,0.5734808998166173,0.909922438755475,51.48898088247785
2008-06-20,47.186707822317544,0.569612308192784,0.898147403199931,51.144799037665024
2008-06-25,38.64889790725409,0.516779625693631,0.8963541089288377,50.14512694723216
2008-06-30,47.002169957211606,0.5374574870616969,0.8973597567753951,49.893690388030514
2008-07-03,26.584627451442813,0.5270233700389884,0.8958520444264311,48.028965353103494
2008-07-09,27.4757709695373,0.5205295777778485,0.9023882189708425,46.3847098024182
2008-07-14,14.907732091363547,0.4636861996336904,0.8960002057287787,43.86655158553383
2008-07-17,26.927564186864274,0.48871330118418005,0.931760713438589,42.511432593640265
2008-07-22,21.834375323525,0.4652905307942084,0.9222026979793813,40.85726801203105
2008-07-25,21.369905401643603,0.4548397109093188,0.9230597794613284,39.29827900320005
2008-07-30,28.83001757263381,0.5034743237323207,0.9324004577360546,38.46081808875475
2008-08-04,31.677768729775412,0.5106294668568555,0.9368062766296315,37.9181741400364
2008-08-07,30.297367696231067,0.5191008743214922,0.9439464542659791,37.30850962453197
2008-08-12,39.15590846495475,0.5263536010287668,0.9422821075480509,38.41694892878564
2008-08-15,45.96739123360411,0.5527455433428892,0.9352258782426968,42.947214311676724
2008-08-20,47.260615393845406,0.6032480466621789,0.9423579984392416,45.53525496097793
2008-08-25,46.12558664672309,0.6057340402364054,0.9387589957739049,45.88945397242503
2008-08-28,57.83433861090439,0.6176205309367623,0.942055344431364,53.05638475551265
2008-09-03,50.1683708259253,0.5630761718975652,0.9385861424838308,52.825343641145665
2008-09-08,62.60937944147094,0.6072828570001729,0.9406645633169832,58.69576512134083
2008-09-11,67.72233230613921,0.6151107092981485,0.9441211511427383,64.11170543221985
2008-09-16,57.019175152095194,0.5968775730005272,0.9811703062908871,63.54430300980988
2008-09-19,74.16327306787942,0.6475733972279796,0.9858184061499733,69.91568504465161
2008-09-24,75.53583127201114,0.6237055287636134,0.9810837587449914,73.28777278106733
2008-09-29,71.59361552578707,0.6802163276323782,0.9770560240736057,73.15224020064491
2008-10-02,73.85233513304992,0.6795787972994268,0.9756100135068817,73.57229716008791
2008-10-07,77.18850953140989,0.690618363630298,0.9719168022451099,75.7420245828811
2008-10-10,52.19207110668741,0.6563146499783205,0.9647713321057092,73.8580283047856
2008-10-15,109.20702423544792,0.7041623430793551,0.9610434873582442,95.06742586318299
2008-10-20,122.46465025140539,0.7090837962843964,0.9599302126050969,111.50576049611642
2008-10-23,100.21715295671679,0.6947368999819968,0.9535533289288587,110.60267189296445
2008-10-28,118.9006952524703,0.7078757458467865,0.9539332104140347,115.58148590866796
2008-10-31,110.7686907722041,0.7079874018230875,0.9543624398995217,115.19646229775086
2008-11-05,113.51322789956417,0.7134301047667165,0.9561263908826835,115.06180354589593
2008-11-10,110.85206163127049,0.7095991907779261,0.9445069075493605,114.7250241927259
2008-11-13,92.23473330841013,0.7446482184241471,0.9427973641038145,112.92580092198064
2008-11-18,92.00642827099253,0.7441405582666117,0.9434322196614359,111.2522511099016
2008-11-21,99.22113936469918,0.7696104775828033,0.9582362037183542,110.2897621702854
2008-11-26,85.8484111898619,0.7268684405783586,0.9633112209066936,108.33445409185153
2008-12-02,84.87079079367561,0.7673391773364068,0.9678337463351496,106.45736102799746
2008-12-05,73.20723002344562,0.7500464238477984,0.9644714722697678,103.79735054763333
2008-12-10,70.85788223755101,0.7366554262269466,0.9637375169617622,101.16219308282675
2008-12-15,68.6552000537073,0.6959137935375888,0.9615735957193685,98.56163364049719
2008-12-18,63.57757501716876,0.6852466894658035,0.9581989013828087,95.76290895063092
2008-12-23,59.517319874081046,0.6682141473134984,0.9407243012389734,92.86326182450694
2008-12-29,89.12484432282439,0.683245895587855,0.9477054542119107,92.56418842437233
2009-01-02,45.98426626288465,0.5808586748063419,0.9230645715859387,88.83779465145332
2009-01-07,35.59158764750107,0.5487773904112806,0.9140013961363482,84.57809809113715
2009-01-12,40.80687904322236,0.562488652153284,0.9120009651492466,81.07640056730396
2009-01-15,25.339820424345277,0.4983298133939046,0.8977483519081825,76.61747415586727
2009-01-21,41.629132432179304,0.6108131023240754,0.9619941130707143,73.81840681797225
2009-01-26,30.1141854907565,0.5475044799868403,0.9468906744270214,70.32206911179499
2009-01-29,35.44598887289845,0.5567665457716097,0.9508825971212983,67.53198269268326
2009-02-03,23.33657746310004,0.5074930880011072,0.9435332116536824,63.996350274316605
2009-02-06,40.56641715068978,0.5211312317298223,0.9433563570691982,62.12195562442646
2009-02-11,46.429802159102536,0.5546101733939858,0.9462893439125449,60.86658334720055
2009-02-17,47.01466223974035,0.5852127596985834,0.9484802366685114,59.75842965860374
2009-02-20,35.82150688505349,0.5271527123847763,0.9293529767514609,57.84347583671972
2009-02-25,33.720414209967906,0.5830239537485965,0.942409155160011,55.91363090657958
2009-03-02,33.21900386499679,0.5627339875507649,0.9476175643944484,54.09806074325296
2009-03-05,45.34086459305077,0.6030341961998629,0.951214323654028,53.397485051236785
2009-03-10,68.14264748151693,0.6126379840369973,0.9569631905485112,62.24458250940488
2009-03-13,58.69779748277811,0.5962813789530982,0.9552640547845915,61.960839707274744
2009-03-18,42.87867159095328,0.5808208080891445,0.9573673012498517,60.43426625796903
2009-03-23,52.68419889771702,0.6213531797197565,0.9609740512817939,59.814260869148875
2009-03-26,66.23547755296667,0.6204524811206817,0.9618010137611863,63.66699087943955
2009-03-31,80.12372557320427,0.6232466952544047,0.964334251404737,73.54103169569838
2009-04-03,74.67109453993324,0.6299191221792598,0.9639580723388672,74.2190694022393
2009-04-08,111.04991903471206,0.6479751190264169,0.9618525759850434,96.31757918172296
2009-04-14,72.71839245534761,0.6441273064907376,0.9680044077615458,94.42964424361294
2009-04-17,50.371889001445595,0.6438836806806687,0.9600049648557184,90.90502382423956
2009-04-22,46.62683724764096,0.5832136542199002,0.9600848563951722,87.36276889811168
2009-04-27,47.775396785535015,0.5613949226930683,0.9594746686529869,84.19577912910555
2009-04-30,28.85319829609193,0.4860986118855014,0.9455936218887316,79.76837266246446
2009-05-05,25.039007657621156,0.46996025403372244,0.9423629665114023,75.390023462077
2009-05-08,12.113828167645497,0.40204320134049354,0.9278122965764559,70.32792783852248
2009-05-13,17.522926933560097,0.45040259824708695,0.9387910676905856,66.1035277661255
2009-05-18,15.276647428294643,0.4174238035658223,0.9257868412339747,62.037377339099024
2009-05-21,14.4223724225838,0.42109962124592565,0.9250933853542685,58.228176945777804
2009-05-27,19.239252620560002,0.45056732247516196,0.9301935312363933,55.10906299976038
2009-06-01,18.38262806775434,0.46461026471236316,0.934080956048133,52.1709482051999
2009-06-04,21.75044748575498,0.47215109319780874,0.9274763462874472,49.737308147644306
2009-06-09,23.574391169911845,0.48519387654023577,0.9077476461652376,47.64427478942571
2009-06-12,20.083229301833306,0.4505889978816205,0.8869139970276912,45.43939115041832
2009-06-17,20.17995724663053,0.4422258867619775,0.8881597667710415,43.4186364381153
2009-06-22,29.52862639489651,0.4797064845822412,0.9042339799869059,42.30743563465779
2009-06-25,15.985293953233725,0.4354009209091942,0.8860324785449387,40.20166430014387
2009-06-30,22.858547379969956,0.4585316342239148,0.8931208888713248,38.81421494652996
2009-07-06,27.366213889168204,0.4995178672885346,0.9074844591007509,37.89837486194102
2009-07-09,25.870212734342886,0.5152381684312287,0.9265175269145894,36.93612189173317
2009-07-14,39.114432471065285,0.5304084008935306,0.9460121358665161,38.24310823933244
2009-07-17,49.43923250855254,0.5615944118478771,0.9493268729580583,44.9607828008645
2009-07-22,33.671543189129785,0.5141554485870314,0.9376498607466961,44.05764363192572
2009-07-27,23.294158359244392,0.49818675695557013,0.9395162896172139,42.396564810111215
2009-07-30,25.127171924721814,0.48543661064970167,0.9268082895786527,41.01501337928006
2009-08-04,7.514281021830996,0.367712233767701,0.9152058834990651,38.33495479068414
2009-08-07,6.4219165465492525,0.3611538351182771,0.9252053033813187,35.78191173115334
2009-08-12,3.2155107688268383,0.31147118390028755,0.9239664872880483,33.17659965416723
2009-08-17,11.667747990519976,0.40199187049273616,0.9250737463617624,31.455891521075447
2009-08-20,12.454529588356081,0.3981485117144022,0.9421647879640159,29.9357825664579
2009-08-25,13.045536427324528,0.4323475617073752,0.944551649309164,28.58456287532723
2009-08-28,17.361450991363423,0.4463656663219257,0.9474465219733734,27.686713924610125
2009-09-02,30.558720240140072,0.5316998966925626,0.9416352291357977,29.409917713928092
2009-09-08,42.50360642138473,0.5670330987529988,0.9469383918001161,37.26613093840207
2009-09-11,27.6315518458499,0.5230831000421616,0.9406260446275831,36.495364610997896
2009-09-16,9.652917986412582,0.40492097077426986,0.9299513070822333,34.34796888103107
2009-09-21,6.69588230301849,0.37038802917556096,0.9224589573799759,32.13580195479007
2009-09-24,12.299124748267118,0.40761234372387956,0.9258770389084472,30.54886777826823
2009-09-29,14.299477291354107,0.4307616690666122,0.9161691388094992,29.248916539315104
2009-10-02,14.268912402051367,0.4194020126217906,0.8924985373533462,28.050516208334006
2009-10-07,18.265553770951513,0.42570268099558795,0.8964666970220903,27.26771921334341
2009-10-12,19.881885024243815,0.43345492899028054,0.9000122446421274,26.67685247821544
2009-10-15,26.553715085934357,0.47731082565586186,0.8986556894689982,26.66700148683296
2009-10-20,29.1046561559529,0.46751955539224266,0.8909773971862907,28.129594288304922
2009-10-23,18.705141197780055,0.46259017631256444,0.8833791010394184,27.375638041062935
2009-10-28,26.4109657576057,0.4885493505210297,0.8909946485612324,27.298464258386357
2009-11-02,29.564687762317007,0.5182750249319941,0.8962624278227559,28.658198360744745
2009-11-05,34.57273878011158,0.5349104366752615,0.9064040615174682,32.20692261236485
2009-11-10,40.04416735077045,0.5617607243360528,0.9151302173880222,36.90926945540821
2009-11-13,43.01272907970128,0.5713127319201511,0.918850133991444,40.57134522998405
2009-11-18,48.389440906424696,0.5950287377742968,0.9278766104628179,45.26220263584844
2009-11-23,60.519228362508635,0.6170399811971462,0.9251456549595608,54.41641807184456
2009-11-27,70.14600167991131,0.6265738488219099,0.927435878347686,63.85416823668461
2009-12-02,39.98538255071633,0.5401304332503375,0.9110425582855197,61.94466538180715
2009-12-07,36.570014197444934,0.5012440134189102,0.897535824461507,59.91469328705818
2009-12-10,20.541585019160582,0.4526950700261998,0.8839502846323345,56.76484462562637
2009-12-15,10.03285208288318,0.4063283649019549,0.8790108457805238,53.026285222206916
2009-12-18,9.224907993981635,0.40407621791395637,0.8694484340133369,49.5221750439489
2009-12-23,11.37610070413766,0.3993985109660247,0.8826729281509764,46.470489096764
2009-12-29,7.431234422370899,0.360433505660852,0.8563144705988437,43.347348722812555
2010-01-04,12.542428909411633,0.4100852460844243,0.8723360710755613,40.88295513774048
2010-01-07,6.860860721529562,0.3659809227993803,0.8802004720028634,38.16118758444361
2010-01-12,6.536903420046597,0.35451317719651193,0.884938754770293,35.631244851291854
2010-01-15,8.498258808881113,0.37245517467608374,0.8864284267609887,33.460605967899
2010-01-21,17.890127089635047,0.43436826024695024,0.8803226011698333,32.214967657637885
2010-01-26,24.055482178904242,0.47754870443016484,0.8820338701667051,31.562208819339197
2010-01-29,23.526075074889782,0.4596608684950336,0.8786819423064363,30.919318119783245
2010-02-03,20.746857432762848,0.45413781526723906,0.8645500606784792,30.105521264821615
2010-02-08,34.439959694563704,0.5324566701079565,0.8861341161704754,32.70618432266687
2010-02-11,46.932466186742104,0.5735911583917432,0.9062478019125337,41.24195344111201
2010-02-17,58.69471101473696,0.5955523406103325,0.9163849410565514,51.713607985286984
2010-02-22,38.69423864485772,0.5541045168604632,0.9144428692225491,50.672058438052645
2010-02-25,49.4763319298918,0.5981655492446027,0.9276084507427471,50.57640031739978
2010-03-02,53.94001482746763,0.6173325371994879,0.933198264042388,52.59456902344049
2010-03-05,23.440382735239897,0.5015852582540553,0.9186659492802253,50.26223412038445
2010-03-10,15.037418052719616,0.4226047407546616,0.9161381369522692,47.44424883497126
2010-03-15,10.846146623404277,0.3973265295315898,0.9027308435037212,44.5164006580459
2010-03-18,3.0194221618797568,0.31262358648916555,0.8824992191878193,41.196642378352614
2010-03-23,1.6154356435472172,0.2725445140014361,0.8672506325178697,38.030145839568185
2010-03-26,1.0675915726990604,0.25727042568624514,0.8482759373612895,35.073141498218654
2010-03-31,0.8700819428646703,0.2518034596561588,0.8415436043223967,32.33689673379034
2010-04-06,0.6829341882897642,0.24057910022758114,0.8409751316323189,29.804579730150294
2010-04-09,0.9813599497045402,0.2543303478143102,0.8174308736505934,27.498722147714634
2010-04-14,2.229314534699553,0.2937993082017568,0.8526759076820517,25.47716953867343
2010-04-19,5.092788515598901,0.3541913868419588,0.8838074190952097,23.846419056827468
2010-04-22,4.621303690169597,0.3277761764259444,0.8796131148059101,22.308409827494838
2010-04-27,12.75804749391334,0.4097150617952394,0.9065673823023851,21.54438084080832
2010-04-30,19.915872972156077,0.44962632356719656,0.9103212343190165,21.41410021131614
2010-05-05,38.91534772302054,0.5150167398219142,0.9081281537735117,31.914848718338774
2010-05-10,114.26372899636476,0.6708879471210647,0.9321838117702015,81.32417688515437
2010-05-13,119.32853088323644,0.6812791471342865,0.9371641605555623,104.12678928400362
2010-05-18,103.28013456177715,0.6975374007034544,0.9421403740372907,104.0590569062255
2010-05-21,114.25544662661838,0.7339799086515885,0.9498930802901822,110.17689073846122
2010-05-26,103.08837024392828,0.7258803864981704,0.9480361284660073,109.6098090988986
2010-06-01,90.69340406946716,0.7471457326534341,0.952530112517775,108.0964966965441
2010-06-04,96.9249353827039,0.7676489879900866,0.956213473686498,107.20277179143687
2010-06-09,72.778650857576,0.7268245047833232,0.9434268087956691,104.448842116728
2010-06-14,103.84472039056497,0.7368931379940113,0.940328304349357,104.40051237863496
2010-06-17,98.30653893224407,0.7597145111319489,0.9503842056911016,103.9129945029237
2010-06-22,129.42627967560114,0.7309139506268943,0.941343920333653,119.22096560653017
2010-06-25,116.2751026993928,0.6892912543766919,0.9373002159189309,118.98529657395918
2010-06-30,95.36554239081964,0.6700076790317866,0.93156982199304,117.09571623930802
2010-07-06,79.22183396432162,0.617305552165372,0.9139677023695576,114.06580565730911
2010-07-09,97.3885785162635,0.6557342201220708,0.9268552918554477,112.73162748602546
2010-07-14,91.94795183230542,0.6388167614668251,0.9245794356759138,111.06893343372786
2010-07-19,107.98716167676797,0.6659126828065176,0.929917028925242,110.82239169317107
2010-07-22,110.27822843517076,0.6598904319671776,0.9284941429934513,110.77885863253105
2010-07-27,129.53391020820948,0.6735712350274659,0.9261680890994499,122.0318895779381
2010-07-30,69.22240769540898,0.6192181752721861,0.9108260773415182,117.80713102733577
2010-08-04,44.80769383354254,0.567731666761539,0.9056917576401564,111.96717605183233
2010-08-09,45.232552838768854,0.5605649709342704,0.9007208421453234,106.62840619478726
2010-08-12,78.52633137975822,0.5901270493973056,0.902947064424309,104.38024020958494
2010-08-17,63.56229021446334,0.569243495168244,0.8958183304615293,101.1148042099752
2010-08-20,62.733162868057164,0.591592501009176,0.9022564240911062,98.04427290262177
2010-08-25,59.79278809584565,0.5861287006888725,0.9053368169503999,94.98415411807969
2010-08-30,31.42125420958055,0.5894990105613698,0.9105169721524747,89.89912212539976
2010-09-02,79.47811892296627,0.6924208563806958,0.9304226374900413,89.06544186920509
2010-09-08,131.6620364216517,0.70662004910294,0.9395363385107591,114.62339860067306
2010-09-13,101.1959006425613,0.6512065573546858,0.9306755617688833,113.54919876402413
2010-09-16,98.6051394051634,0.6476826259032751,0.927579572979248,112.35367401531528
2010-09-21,68.99643224291955,0.6291160947618528,0.9288655087026124,108.88509467352362
2010-09-24,51.15275826490078,0.6434565863160449,0.9269806451952974,104.2665077608338
2010-09-29,42.572938927866176,0.6039648608948294,0.9110606511258083,99.3310222541964
2010-10-04,27.126506736019667,0.5049026786467534,0.8891632262167128,93.55466101274227
2010-10-07,29.60991384148402,0.5392719790242064,0.8892786056446214,88.43908123904161
2010-10-12,29.344682836444147,0.5368002342442835,0.8851985434751084,83.71152936683382
2010-10-15,25.06598006908568,0.5042488626300429,0.8966922412560366,79.01988542301396
2010-10-20,31.575084741302263,0.5087810925028553,0.8970069905907143,75.22430136847703
2010-10-25,18.181942287959863,0.42928635679831983,0.8725700812638935,70.66091264203565
2010-10-28,15.78963041119039,0.41152864607046463,0.8730420050877519,66.27121006356805
2010-11-02,4.036074583622189,0.32721073442970705,0.8450917925881666,61.29239922517238
2010-11-05,8.967428945374753,0.383760992350632,0.8744634221312041,57.10640160278857
2010-11-10,9.15674194107051,0.39241931814693654,0.8869699607392477,53.27042882985113
2010-11-15,13.597070649061733,0.41649272480801913,0.8836357923996716,50.09656017538798
2010-11-18,17.68073040318418,0.4581059829921787,0.892716359644767,47.503293793611675
2010-11-23,31.739091662558415,0.4897096898090833,0.9059987427887951,46.24215762312741
2010-11-29,50.08759825677495,0.546271201869473,0.9209814490290201,48.54942200331594
2010-12-02,70.12574001812045,0.5989249902794058,0.9299224221965131,61.495212812198645
2010-12-07,58.55698615876572,0.5762504609029757,0.9136364097356189,61.260154679924014
2010-12-10,46.417833491383526,0.5512233327911067,0.9036132077649571,60.07276898484078
2010-12-15,27.018165630175044,0.4957531701817844,0.897206762702454,57.42840071646752
2010-12-20,17.953548159621544,0.4655393527385541,0.8945151790849056,54.27041251191985
2010-12-23,10.35228507254317,0.4031333259951993,0.8812021742668663,50.756962316769716
2010-12-29,6.932623461591447,0.3670052857805043,0.8860704399921514,47.251015208355454
2011-01-03,1.9678135583610998,0.2876913650373863,0.8797921284895086,43.628359076355906
2011-01-06,1.6350424023445624,0.27890684056892096,0.8730878544439061,40.268893742435004
2011-01-11,1.7872153039037355,0.2792335900543716,0.8675722892739133,37.1903594673525
2011-01-14,4.112792675437748,0.3091597929486542,0.8720714534817812,34.54415412399932
2011-01-20,3.51074632901747,0.30796942440430114,0.8791436457560828,32.061481500400774
2011-01-25,2.7088420583904536,0.2875391936329725,0.8588506011650398,29.71327034503995
2011-01-28,4.29040417055313,0.32052312533427096,0.832702296411537,27.679441051081007
2011-02-02,7.213934847207084,0.35486288295944,0.8305941918423818,26.042200554771092
2011-02-07,7.532271160506841,0.3644784209380323,0.8454068556990875,24.561406203229954
2011-02-10,5.2948370796275706,0.3379549888463232,0.8371762038974268,23.020080673341763
2011-02-15,5.372238152108438,0.3492433614261828,0.8513601060344853,21.6082532716431
2011-02-18,6.2065370636550705,0.35626688742038287,0.8298821168331709,20.37611597500406
2011-02-24,19.817932752178194,0.47404182454448246,0.8690928614288048,20.33146131717799
2011-03-01,26.193285956166058,0.47921779779372975,0.8787142012738725,23.848556100570832
2011-03-04,26.488626038703067,0.4867015814217786,0.8736860194358235,25.432598063450172
2011-03-09,29.13227998307387,0.4972951161230506,0.877414741866571,27.652407215224393
2011-03-14,56.546738462534634,0.5358661088318848,0.8879761633308585,44.98900596361054
2011-03-17,71.1775738136824,0.5877649659480174,0.9046201094426342,60.70214667365365
2011-03-22,35.158047762869636,0.5838573387358676,0.9000416779328096,58.65861876079093
2011-03-25,34.42085917756035,0.6075223736170652,0.9021868813536454,56.719597994132485
2011-03-30,34.033542871559696,0.6114877392610696,0.8994434426448238,54.904713584326664
2011-04-04,23.826378017496047,0.5728580047290543,0.8909657887727103,52.418446738980215
2011-04-07,19.212584894861852,0.5249752133718966,0.8806716868159711,49.761977791450754
2011-04-12,13.28969786237647,0.4873107202935383,0.8861984681709244,46.844195397124814
2011-04-15,2.6580365146395133,0.3135956266321195,0.8361662791434787,43.30930268652599
2011-04-20,3.0385779721360078,0.31908830197388766,0.8477265503421478,40.08764470937479
2011-04-26,3.4951656838340845,0.32171028153124215,0.8588238432594042,37.16024638733153
2011-04-29,2.180021505564005,0.2974008119584559,0.8435746630384053,34.36182839679013
2011-05-04,2.3817442837689273,0.3037251239211497,0.8482269271348057,31.803421667748438
2011-05-09,3.979176113767441,0.32298838451286765,0.849146736877257,29.57748202342996
2011-05-12,5.248373668503097,0.334671914487207,0.8535965572995998,27.63115335503581
2011-05-17,3.3046508914284694,0.3145416707682398,0.8504481983683452,25.685033157947224
2011-05-20,6.559737537749105,0.35243163044400955,0.8441730826545482,24.15500950833138
2011-05-25,6.34788214678241,0.3526453295987857,0.8520928435779561,22.73043931940746
2011-05-31,10.344251641328844,0.39570353185188384,0.8787538813492622,21.73954430516117
2011-06-03,31.005766418282004,0.5032662455911959,0.9012245256998711,27.29927757303367
2011-06-08,21.84682784190537,0.46371090810826404,0.8839629797166914,26.863081594543406
2011-06-13,26.187064623088606,0.4947781298785646,0.8943008181770128,26.809000236827025
2011-06-16,36.05600985107376,0.5593719452080871,0.9114586332015475,32.35720600537507
2011-06-21,39.948942565600404,0.5516907009615367,0.9086252399271912,36.91224794151027
2011-06-24,47.65790609465074,0.5587552020405583,0.9135129150747767,43.35964283339456
2011-06-29,32.05641171067109,0.5067426618057738,0.8969691974730787,42.45538434357668
2011-07-05,37.047546305548885,0.5238276590909051,0.9020899089126038,42.02275730053446
2011-07-08,40.78230804644991,0.534982710531264,0.9098823276471842,41.9235213602077
2011-07-13,47.217911911987386,0.5809384312487024,0.9147320439997884,45.10015569127551
2011-07-18,39.9543609957558,0.5536490870652063,0.9088875642359586,44.688492115633935
2011-07-21,32.69823705670673,0.5398378193887952,0.9082530299432144,43.729271710919754
2011-07-26,21.688713167190816,0.5112695916628205,0.9069933818163314,41.96602702742144
2011-07-29,39.83912160457559,0.5288663536444267,0.9008318527607234,41.79587459359377
2011-08-03,43.42342358713134,0.5411755160135806,0.8957999860891535,42.77240398971631
2011-08-08,59.71130671928644,0.7596436437775789,0.9589612049305944,52.93574562745839
2011-08-11,49.64720615564913,0.8243922856066893,0.9730806464116303,52.67266246971365
2011-08-16,53.96074380128347,0.8186889500308997,0.9714249951191039,53.445511268655544
2011-08-19,103.76024359630166,0.8146401380243447,0.97243981521425,83.63435066524322
2011-08-24,113.01199435797697,0.8279817310746563,0.9750876247577042,101.26093688088346
2011-08-29,120.71189438626773,0.8313030789022139,0.9776438744832585,112.93151138411402
2011-09-01,120.38757068301416,0.8140917037378026,0.9746722348697489,117.4051469634541
2011-09-07,140.07287268447524,0.7835694606879726,0.9687334746816734,131.0057823960668
2011-09-12,140.89653107548125,0.7553357154941516,0.9599366092727252,136.94023160371546
2011-09-15,142.06795819698726,0.7598325778684725,0.9596219667141842,140.01686755967853
2011-09-20,111.86426322598943,0.7380542494589787,0.9493808318730259,137.76465921298342
2011-09-23,126.37581723901751,0.7573930538155593,0.955275625327257,136.85355185506614
2011-09-28,143.81001825306902,0.7518506925421857,0.954917857916209,141.02743169386787
2011-10-03,129.75568681571957,0.7566992758608723,0.9592251757071851,140.125692103616
2011-10-06,120.40447441877976,0.7389999170159506,0.9625813460957083,138.5479946888291
2011-10-11,123.11354001649416,0.7341090088232111,0.9612211796008154,137.31323831504233
2011-10-14,122.43988943218832,0.7259374152353127,0.9604215597180074,136.123370404414
2011-10-19,115.45559177409221,0.7108090631108764,0.9573686252001823,134.46994811398827
2011-10-24,100.72747457508538,0.667280679312528,0.9529216438164679,131.77055023087604
2011-10-27,115.50243869518401,0.68451923453268,0.9531239614686565,130.46910130802067
2011-11-01,116.68249059922843,0.6861293932550822,0.9503785577468697,129.3661724513173
2011-11-04,133.93615629490208,0.7182886850204192,0.9526255650908476,132.10816275746816
2011-11-09,123.68248890110252,0.7356220379605642,0.9544269017687813,131.4341088489589
2011-11-14,125.47423185159158,0.7413388791508099,0.954063869578853,130.95731868916954
2011-11-17,98.7970531401734,0.7756389910455951,0.9571217342405766,128.38449744524985
2011-11-22,107.214227012497,0.7985467999788982,0.9591345299176227,126.69087581062963
2011-11-28,96.0090366755837,0.8183365220840716,0.9602860465394463,124.23632867982597
2011-12-01,109.910864497772,0.8250334066930487,0.9623828526509909,123.09029154526166
2011-12-06,96.95109023777368,0.80430742740345,0.9608175839462612,120.99915544066263
2011-12-09,112.54642658340322,0.7843662736149415,0.961723258760541,120.32293713208188
2011-12-14,96.23833311363379,0.7807505870722602,0.9611757188521645,118.39616881060604
2011-12-19,110.69570105654518,0.7648881745832452,0.9598649507313982,117.78013139028118
2011-12-22,133.09427315402667,0.7218834124011076,0.9572053784317872,126.96861644852846
2011-12-28,137.63511598793426,0.7312076229091898,0.9613807687072864,133.36851617217195
2012-01-03,119.96601518435139,0.6781829023710896,0.954995897591473,132.29631609314632
2012-01-06,119.53638194868672,0.6720660487426237,0.9544149517692492,131.27552136158954
2012-01-11,60.540478782396825,0.5798926625352263,0.9323374572085807,125.61671795525413
2012-01-17,48.55193130624504,0.5701672260195185,0.9348210055758154,119.4515350233334
2012-01-20,12.419825730846979,0.4171739072468575,0.9152607569897635,110.8889982799345
2012-01-25,14.27392924338729,0.41875540619034096,0.9000859696938259,103.15979275701073
2012-01-30,4.9403335779263875,0.33561338734169155,0.8808721468376096,95.30223602268399
2012-02-02,1.5951922740658715,0.2706275483673449,0.8687224239263228,87.80567252279454
2012-02-07,3.1737646343575285,0.30864462407273896,0.8815155963703698,81.03511989171959
2012-02-10,4.946375022980223,0.33645704540923255,0.8902401591100281,74.94802030222044
2012-02-15,5.509431075253636,0.344401431672896,0.8795748527992986,69.39293316406311
2012-02-21,10.437317991156874,0.3883490069261673,0.8752760313872416,64.67648395023062
2012-02-24,11.285583904291947,0.39974771630894756,0.8761441760404204,60.405211946555525
2012-02-29,15.448493078590861,0.42343931270101787,0.8807436268622125,56.808674437118356
2012-03-05,5.419496880449543,0.3394407172672279,0.8587735364183456,52.69754023258485
2012-03-08,19.18199960990341,0.44388714016362885,0.8870593851732966,50.016296982770335
2012-03-13,24.598234549996615,0.4815145538573093,0.9022785286626612,47.98285198814844
2012-03-16,19.21019311040626,0.44665477269754644,0.9001416256360212,45.68103927792907
2012-03-21,18.406263893958304,0.44659828756189235,0.8972214993650677,43.499057247211404
2012-03-26,23.442665712878092,0.49094580965518997,0.8989809618049903,41.89454592446474
2012-03-29,25.076467107334917,0.4822552130472784,0.9036591709757097,40.54909961909435
2012-04-03,17.41973990756919,0.4361856074323874,0.8935863467450827,38.69875084217234
2012-04-09,28.494963415766325,0.48360189305129586,0.894020545549926,37.88244784805986
2012-04-12,37.18516205035566,0.5318832937195339,0.908481457416492,37.82666498424353
2012-04-17,64.12966580528379,0.5817034416026682,0.9138608576368246,53.608465476867686
2012-04-20,54.08955599183816,0.5611879982068962,0.9071258449872112,53.89711978584997
2012-04-25,38.156694864759075,0.5138492377300524,0.8932466074143728,52.637885792162706
2012-04-30,45.61365605722093,0.5177168839327808,0.8894425683640372,52.075947413367366
2012-05-03,34.76451545057792,0.5074442258391388,0.88730209712965,50.69103285634421
2012-05-08,21.456903873390516,0.46877772712133214,0.8806517751819329,48.352302537707914
2012-05-11,9.57482281162704,0.39499831172645083,0.8459963816889569,45.25010415962144
2012-05-16,10.049519471781647,0.38209608794028443,0.8534723311093318,42.43405738459426
2012-05-21,14.18924723455376,0.4266117470429132,0.8682813778159854,40.17447257259102
2012-05-24,12.443438347133567,0.4160098032170648,0.878632454005701,37.95598983455442
2012-05-30,21.258767127333147,0.4477464470328428,0.8959498788045449,36.62021201797672
2012-06-04,28.95823733056151,0.49794434466008625,0.9046365270989063,36.007254042983504
2012-06-07,38.22955888524803,0.579220619898743,0.9272598680163527,37.34063694834222
2012-06-12,43.19961727065039,0.6219145295272491,0.9328752104182063,40.85602514172712
2012-06-15,76.86836669889897,0.6221625362531382,0.9279310556738029,62.46343007603022
2012-06-20,71.64873689607056,0.6228276215369003,0.9258295122540469,67.97461416805443
2012-06-25,96.77689724455142,0.6826336064204094,0.9411869796790798,85.25598401395263
2012-06-28,89.72526432455223,0.6734943754979124,0.9339732477541317,87.93755220031238
2012-07-03,60.79911951988953,0.6565853630390869,0.931115438081684,85.76647758587856
2012-07-09,83.15410214561217,0.6371649323521558,0.9350380268617614,85.55748755065726
2012-07-12,74.23760596467318,0.611942234081464,0.9211099565769448,84.65189702377853
2012-07-17,71.55376778612035,0.6239985499249879,0.9216621033605595,83.60404668476588
2012-07-20,39.79425488450548,0.5499900492433542,0.9125855732794361,80.09926334074505
2012-07-25,23.936373493092482,0.5033066843249433,0.888505067237581,75.60623215293285
2012-07-30,20.52790339158678,0.47446048691159187,0.8675317136639413,71.19996585202517
2012-08-02,24.951961549954344,0.478121763687367,0.8685433115263202,67.50012550785951
2012-08-07,28.584777550473035,0.4913038905277796,0.874140400216953,64.3868976712686
2012-08-10,25.1136918073562,0.48581868324542454,0.8868815074293837,61.24504120215561
2012-08-15,36.912220329658595,0.5239879599615255,0.8966965655347776,59.298415532355854
2012-08-20,32.287863450730164,0.5274357439389642,0.8984551556640523,57.137571365825806
2012-08-23,33.15899621885472,0.5282398721695567,0.903854318588313,55.21928535406812
2012-08-28,25.53577700537748,0.4827581716904404,0.8964737114779141,52.84460468617287
2012-08-31,7.567984587338132,0.3608789434980392,0.8680614559229439,49.22247507826609
2012-09-06,32.101292315765996,0.5076640243743733,0.8976705612214392,47.85278045726609
2012-09-11,21.616421731058075,0.4643587185408845,0.8976878153199709,45.753871759169456
2012-09-14,24.12162192752586,0.4926518053751386,0.9035651307934143,44.023291772637975
2012-09-19,26.15132420459387,0.4877614401674497,0.9033870110395049,42.59353436719445
2012-09-24,17.55025103556312,0.4533655056101385,0.8937351697402087,40.59007170066395
2012-09-27,25.839029351687042,0.4800571326073711,0.9045989175091196,39.4099883127458
2012-10-02,19.812129095716386,0.45976612331908245,0.8890494632771748,37.84215957538345
2012-10-05,12.484730213618116,0.41384824341008525,0.8929293268666468,35.81356522644222
2012-10-10,13.06578802152853,0.42029673220120095,0.8862078613305134,33.993743050049126
2012-10-15,7.7020803303022225,0.36697512232725643,0.8758023303421928,31.890410032469376
2012-10-18,7.798317278448512,0.36252335002404323,0.8790926030537484,29.963042612147706
2012-10-23,15.281716671077016,0.42651412585867976,0.8846098247200828,28.788536536862054
2012-10-26,10.432130462731976,0.3906953826224562,0.8695084233861989,27.32002405093165
2012-11-02,11.07929543135151,0.40096680666878964,0.8626099837816699,26.02076576136524
2012-11-07,27.885584064886405,0.48500876115633074,0.8862507515206061,27.139656743477936
2012-11-12,30.412251217884982,0.49093845115115053,0.8736243603578577,29.103213428122164
2012-11-15,36.41736701719002,0.5033385576697492,0.8674812807030473,33.491705581562876
2012-11-20,64.3996680416621,0.566063532104908,0.887923114641547,52.03648305762241
2012-11-26,65.06800075470137,0.5935250386820113,0.9070169603632885,59.85539367586979
2012-11-29,69.00035036442566,0.620665428951013,0.9180548481959584,65.34236768900331
2012-12-04,75.60857089326541,0.6219273350763744,0.91634233319112,71.50208961156056
2012-12-07,28.371634824370304,0.5091222064006422,0.8978472372350887,68.05165322858534
2012-12-12,28.040657592559867,0.5114827849920707,0.8955032629457429,64.85077357770331
2012-12-17,26.654918815309113,0.48076196983467523,0.9005871646921896,61.79510519671177
2012-12-20,22.306670675686828,0.46931521672216264,0.8695729255252166,58.63603043502978
2012-12-26,18.86572566062183,0.448408950889757,0.8654804694319304,55.45440605307714
2012-12-31,34.922681036038426,0.53068990667079,0.8951614831692716,53.81186805171404
2013-01-04,40.603068497492224,0.607789531842557,0.9070028995436699,52.7551640873763
2013-01-09,44.2367475072221,0.6032229903042193,0.8948437067922164,52.07369076096396
2013-01-14,38.56585876703324,0.6039455245217284,0.8969758928837248,50.993064201449506
2013-01-17,32.53008271667102,0.5680295831843252,0.8942873754280094,49.516025682667234
2013-01-23,40.03788557464117,0.5012818978295182,0.8952925929529568,48.75777447402515
2013-01-28,24.283931483184837,0.46244310951777584,0.8921036595570507,46.79986703475792
2013-01-31,1.0254226920569365,0.2485947553365738,0.8421269633986856,43.137911487341846
2013-02-05,3.5473084874939356,0.31226948412570504,0.867614263098161,39.97066324735402
2013-02-08,3.1119771846716326,0.30198809167858826,0.8560097050591655,37.02196836233943
2013-02-13,3.120282541516973,0.3051412443685516,0.8406260666587255,34.30983349667363
2013-02-19,6.897694359282543,0.3641096204090906,0.8356564694649512,32.11686236568235
2013-02-22,15.63646685311004,0.4189573264003496,0.8616206740155153,30.798430724676567
2013-02-27,40.429842368294196,0.5250291688868706,0.8888585270319764,36.57727771084714
2013-03-04,38.5778999036781,0.5262359186110422,0.8931949186329847,37.77765102654572
2013-03-07,28.0962212925857,0.4988972430657282,0.8824328331891065,37.00313664782892
2013-03-12,25.81439940564799,0.487255310803775,0.8718948393656938,36.10803766845445
2013-03-15,30.385308858210003,0.49373136901538267,0.8868406934928701,35.650219363634896
2013-03-20,28.19110126600022,0.47615711839816394,0.8868605589292035,35.05348991582412
2013-03-25,12.394929097355167,0.3991961053570171,0.8757647742000235,33.24080505034661
2013-03-28,6.934597404410517,0.35150080054784366,0.8715340022369397,31.136308438671723
2013-04-03,7.390524809082572,0.3689948717240594,0.8803281507465757,29.23664574830459
2013-04-08,8.984194158869261,0.37650269013432264,0.8730645067570616,27.616449621149766
2013-04-11,9.267840440245545,0.3934245120327104,0.8628305248442216,26.14856088667743
2013-04-16,17.217322719555792,0.4861612177476051,0.8785120157497531,25.434061833307698
2013-04-19,21.75915985745592,0.45977271475998127,0.8721630915330545,25.14006967523956
2013-04-24,17.08639567608686,0.43592919057077956,0.8785743090554362,24.495775755307342
2013-04-29,14.531933264050403,0.41839098928854973,0.8665844537624562,23.698668356006788
2013-05-02,14.973675408214369,0.41603116276925556,0.8640740747341088,23.000668920183397
2013-05-07,13.272866307867345,0.4070968105915221,0.8578666629101392,22.222444711198115
2013-05-10,10.693084347521427,0.3912291913142448,0.8528402730692483,21.30009588210398
2013-05-15,2.377366772642474,0.3028816686483398,0.8251460423826987,19.786277553347063
2013-05-20,5.144084014373329,0.3340685093301047,0.8366760739186232,18.614902070229164
2013-05-23,9.577644951105478,0.3843790344898868,0.861606787878336,17.891921500699272
2013-05-29,10.72932679453131,0.39685321581986793,0.8641579401590808,17.318913924205834
2013-06-03,11.127614009917721,0.41074662991793187,0.8719096350284491,16.823609931062787
2013-06-06,16.681280157491003,0.4671076862220269,0.8793721419804587,16.812223549177045
2013-06-11,25.656610764095053,0.5183256620207254,0.8876935226888422,22.11885587812785
2013-06-14,23.954509363458815,0.5373093704778125,0.8914570843535953,23.22024796932643
2013-06-19,29.386661924886802,0.566065653702692,0.9042161427513301,26.920096342662653
2013-06-24,52.54548042287962,0.6026762903287348,0.9151425742272307,42.295326790792835
2013-06-27,60.26288963198495,0.6441372925788131,0.9220980110418547,53.0758644955081
2013-07-02,54.246744715777574,0.6215141351611879,0.9134918444362881,53.77839262766979
2013-07-08,59.39690038598949,0.6016373297371338,0.909102488796781,57.14949728266161
2013-07-11,57.216908442549375,0.5924314922385278,0.9109769134101835,57.18994397859427
2013-07-16,36.57712644003559,0.5354133666605558,0.8950588012697772,55.54091857550958
2013-07-19,8.484368056119573,0.363752675341305,0.8607630407922817,51.77639453395838
2013-07-24,3.7708413994598073,0.3207710452518272,0.8314942892774583,47.935950283198494
2013-07-29,3.15282710084641,0.3077657475112588,0.8436606014594455,44.35330042861033
2013-08-01,4.979906384900916,0.33291193373366545,0.8519701243935469,41.203428905113576
2013-08-06,3.49089886462022,0.3140724772177827,0.8547505429904133,38.18642650187411
2013-08-09,4.219601362146339,0.32437929459365,0.8646601792618622,35.469080490695895
2013-08-14,5.227031933825062,0.35001607159922304,0.8777034051259925,33.049716606146234
2013-08-19,12.365024837955431,0.4012402743701504,0.85965431013,31.39494126469097
2013-08-22,16.676088351149936,0.44476793170743795,0.8863662641243879,30.21743303160769
2013-08-27,22.529191484082926,0.48801208956598446,0.893193302783238,29.60237370780571
2013-08-30,15.613652298761748,0.44352520743298607,0.8873699495300396,28.483275995082195
2013-09-05,17.55790281195737,0.4649490404437484,0.8983348924224331,27.60924614043221
2013-09-10,24.789467863028623,0.5099701505131196,0.9134231483300044,27.383663878239922
2013-09-13,17.770541183143493,0.46834491624057106,0.9003263635823741,26.614614062632207
2013-09-18,20.471817076879553,0.4756892469492771,0.8935396687709375,26.123190303771995
2013-09-23,19.28098970660962,0.4727858447017396,0.8708082943856655,25.575814255999006
2013-09-26,7.8979270309896235,0.3835918156316401,0.8432710788081494,24.161583277998258
2013-10-01,12.869491048473737,0.42146847733152204,0.832251613561884,23.258215899636294
2013-10-04,12.926892529745269,0.43566385262746976,0.8443684919248934,22.43171003004501
2013-10-09,9.662923603460383,0.4090911660077982,0.8406441056850479,21.410207115918244
2013-10-14,36.89193606003151,0.5347058905553552,0.8746936531631078,30.699244482386206
2013-10-17,50.290030823288774,0.5445684034834074,0.8954974918328723,42.453716286927744
2013-10-22,47.25318112274091,0.534262922280903,0.8942689167047292,45.33339518841565
2013-10-25,50.70575049639774,0.5297369554916246,0.8913549618987217,48.5568083732049
2013-10-30,28.228193418618787,0.5200769750813405,0.8788417725188166,46.93051917683802
2013-11-04,19.493967688925373,0.4625732972010938,0.8631062301089947,44.73559505780501
2013-11-07,8.24208182253021,0.38035161528107186,0.8337210343659279,41.81611399898302
2013-11-12,9.807530195894477,0.37906667942147343,0.8393024934007277,39.25542729473594
2013-11-15,8.29564988558972,0.3712064075004068,0.8464835235886891,36.77864510200424
2013-11-20,7.0856194233517975,0.36631794597914163,0.8505106766768131,34.40320304771205
2013-11-25,10.633525861404884,0.40125840424700543,0.8664954745201437,32.50162887280747
2013-11-29,10.449173193498575,0.3926327786569039,0.8742971040104581,30.737432418462763
2013-12-04,11.259497869489364,0.40819402575691427,0.8760753198181259,29.179197654544893
2013-12-09,6.8327738453434685,0.36702841499380395,0.8608252684141782,27.39148374980878
2013-12-12,11.528212873106586,0.40570289038162605,0.8586946647141885,26.122422079672607
2013-12-17,12.647869536332461,0.4120342442119094,0.8407906276159683,25.044457876205396
2013-12-20,33.40360225614416,0.5045567453062033,0.8615342760955682,30.059944504168655
2013-12-26,36.67528317023005,0.5330599690067711,0.8813006304030383,34.02914770380549
2013-12-31,33.92640562586753,0.5338524222302358,0.8770954067607365,34.02092833757045
2014-01-06,25.855028218716903,0.5196261660330732,0.8719099309301853,33.36765632806217
2014-01-09,18.44444976951749,0.46392717706047437,0.8674744941115332,32.1737998033786
2014-01-14,17.967714813489742,0.46116780321283385,0.8700007089671192,31.037313004187492
2014-01-17,7.020968923621032,0.3616466768769224,0.8493604274982406,29.116005477742178
2014-01-23,8.81106396640392,0.3712587821731761,0.8516407936326309,27.491610156835115
2014-01-28,11.27089606429923,0.41284645177127133,0.8490978079632897,26.193953029432244
2014-01-31,14.60809830917125,0.43384588400213975,0.8352263489299181,25.267084651811366
2014-02-05,21.784508956144446,0.49018262714646565,0.8514947107199444,24.988478596158014
2014-02-10,30.13401534991151,0.5413631065428827,0.8616336670396649,28.075800648410116
2014-02-13,32.44006389456895,0.5485846189434143,0.8667241273287314,30.694358596105417
2014-02-19,39.02231668534397,0.59246769925001,0.8723239720336803,35.69113344964855
2014-02-24,28.726550201635366,0.5512816409037746,0.8730346365227496,35.133966789807495
2014-02-27,58.619893179929335,0.5486082613046923,0.8774041348618616,49.22552262388059
2014-03-04,29.061496811389077,0.49675659537606687,0.8618969675208968,47.612400558881276
2014-03-07,21.579730092298142,0.4629065184948924,0.8626308675786316,45.52978692155463
2014-03-12,12.47145227593491,0.4293230534113201,0.8542273276908996,42.88512014990505
2014-03-17,28.728273014104484,0.516705532295854,0.8780127935597128,41.752572379041005
2014-03-20,23.411732050428533,0.49407659349273325,0.8735932715051018,40.28530515275201
2014-03-25,17.648149582034073,0.4604771278652297,0.8643011769763855,38.47433270709458
2014-03-28,14.56198619397311,0.4426085917035104,0.8646903376735694,36.561344986044865
2014-04-02,9.39961443194512,0.3942506101432636,0.8459107300491424,34.38840654171689
2014-04-07,13.583238746361074,0.43611105095760366,0.864881867875424,32.72399311808843
2014-04-10,27.42106553874201,0.48891952829784674,0.883789795178377,32.29975891174072
2014-04-15,25.62779153632932,0.46936511214668875,0.8790148566045338,31.766001521707807
2014-04-21,24.795757720554075,0.4764811568498625,0.8667119252203606,31.20838201761551
2014-04-24,22.620701506642003,0.4691016097036375,0.8706832253140006,30.52136757673763
2014-04-29,19.214283505357326,0.45237465041981756,0.8685359139683587,29.61680085102721
2014-05-02,16.905954509667065,0.4443388881373428,0.8623754715328066,28.599933143718403
2014-05-07,16.769382540792822,0.43694401597535687,0.8575915676103377,27.653489095484357
2014-05-12,4.187830133717666,0.3260506612307102,0.8352834830954927,25.77623637854302
2014-05-15,5.204393439032616,0.3450898155181458,0.8572143583937908,24.13048894338219
2014-05-20,7.968570069697229,0.3712464065424392,0.8603427717766932,22.837535433487396
2014-05-23,10.750349509175187,0.39427946321938256,0.8551579536443621,21.870560559542422
2014-05-29,18.52158210863393,0.4311837834594749,0.857869664017526,21.602642283469745
2014-06-03,21.02543050619007,0.4503226380710937,0.8618309014397139,21.55646534128737
2014-06-06,17.711349901563494,0.4288578238580249,0.8596033900041982,21.24885610610946
2014-06-11,15.872434368691355,0.419964779280403,0.8600796282234751,20.818742367116013
2014-06-16,11.668471869886856,0.388050690786383,0.8461305593394179,20.08672072733768
2014-06-19,3.9709427059821216,0.319554585038994,0.830686707984881,18.797458485629235
2014-06-24,4.10727732217854,0.3290125550866434,0.8172843433820761,17.62224399255318
2014-06-27,3.902109095338896,0.32520258915223477,0.8221339184439614,16.524633200776037
2014-07-02,5.1128214362114734,0.34030672031723586,0.827802003549079,15.611688259610872
2014-07-08,5.895016632819077,0.35537064328996176,0.8336609967591336,14.83435452946753
2014-07-11,5.349847826658145,0.3432757913693869,0.8254499643013288,14.07559399324278
2014-07-16,2.855141324461744,0.3158192969806923,0.8476239938157929,13.177957779740298
2014-07-21,8.879724369976387,0.3895600901236364,0.8609738830946614,12.834099106959187
2014-07-24,4.2116008222717145,0.34596473788497656,0.8459907756182911,12.14429924418419
2014-07-29,4.59608987294234,0.34614589172866544,0.8457676991748735,11.540442494484841
2014-08-01,10.945394635063344,0.42565343416785895,0.8684429555242008,11.492838665731123
2014-08-06,14.132138110431836,0.4420174570060835,0.8722997765534065,13.076418332551551
2014-08-11,23.538710258443594,0.4783866972035502,0.8782145666410036,19.353793488086776
2014-08-14,41.57381050975702,0.5274145691090454,0.8688641933718779,32.68580370108892
2014-08-19,45.46742764188347,0.5335862815365143,0.8703889278803573,40.35477806556565
2014-08-22,52.67006248922352,0.5585975264445447,0.8818430423471219,47.74394871976037
2014-08-27,56.500172854203775,0.5895412595466557,0.8914799284951019,52.997683200426415
2014-09-02,18.22815532588177,0.44109364105495835,0.8550239180239027,50.216120970462846
2014-09-05,6.629619179158436,0.36321095878409826,0.8316281255399389,46.7292008271585
2014-09-10,6.124129658597622,0.3619342397831643,0.8292491334481937,43.48079513367363
2014-09-15,5.232764197889785,0.3559461321360504,0.8467569257255544,40.420952658810926
2014-09-18,6.410150027581788,0.3569144760979476,0.8535618867475939,37.7000884483126
2014-09-23,7.142946523720267,0.3778622931161571,0.8596761527964867,35.255517094345215
2014-09-26,32.363465926845016,0.5060077961910943,0.9049831483045963,35.0241530009452
2014-10-01,34.8033803662638,0.5428918193510518,0.8985917865482476,35.006491190170685
2014-10-06,38.49850505963246,0.5811254644154813,0.9072477687312838,37.10169951184775
2014-10-09,123.2717962232075,0.7138905305863804,0.9395011802420642,88.80375753866359
2014-10-14,58.337583063364285,0.6622947933525808,0.932626514323118,86.36646358063965
2014-10-17,51.58736364087137,0.6141781959314884,0.9297042846348,83.58413558545818
2014-10-22,59.20984489167766,0.6270181271636593,0.9206379723391597,81.63419232995574
2014-10-27,53.81249351700069,0.6071063239194617,0.9121417115523643,79.40845642491934
2014-10-30,46.180684468923545,0.594425960344241,0.9021224275423185,76.75023466843967
2014-11-04,34.75325173154062,0.5589313470290084,0.8958890299966358,73.39047603348774
2014-11-07,16.568296469978044,0.4665527438869249,0.8710688059443161,68.84470166840697
2014-11-12,19.152233690713327,0.4522569619093402,0.8711516461603879,64.86930423019149
2014-11-17,23.85829254256561,0.478748220408256,0.8723065717375311,61.58842329518142
2014-11-20,5.306453052763651,0.3349313132061671,0.8423149717324719,57.08586567578801
2014-11-25,1.0699367429326787,0.2599888413325943,0.8126375446904253,52.604591361159585
2014-12-01,1.2830760726212227,0.2692344368952608,0.8626575811946834,48.49887013807651
2014-12-04,1.9032732807624362,0.29050341056878504,0.8539805500883446,44.77122238949139
2014-12-09,1.1592742478046762,0.2795774883491974,0.8616840464776676,41.282266538156456
2014-12-12,12.22222373370558,0.4252500065724558,0.881076570705638,38.95746311380039
2014-12-17,23.215478151862165,0.48320929432665677,0.890109540504626,37.69810431684533
2014-12-22,52.23675100081479,0.5602845751228016,0.9124082923370687,46.42129232722701
2014-12-26,60.36051515313512,0.5710622646062965,0.9161651601170971,54.78482602277188
2014-12-31,65.1736141813699,0.6146835249515111,0.9179218461647486,61.018098917930686
2015-01-06,57.634083448108214,0.6443471429659774,0.9294366705597767,60.7473776803449
2015-01-09,79.9175143937764,0.6797205540770831,0.9296065431081962,72.2494597084038
2015-01-14,62.717379604106505,0.6636896981707188,0.9310699219217875,71.48689330006002
2015-01-20,40.2722394548472,0.5726650990782276,0.9060545961375492,68.989720992443
2015-01-23,59.16235902875078,0.5762624615749019,0.916614044690891,68.20353203534762
2015-01-28,44.55697512314583,0.5501424231954145,0.9095981249869365,66.31180748237148
2015-02-02,62.359385002373045,0.5761887888287301,0.9129429924254374,65.99561368397161
2015-02-05,66.24867920289707,0.581372057934383,0.9100233246515206,66.14745299532689
2015-02-10,47.30261331718957,0.5421679838131825,0.9099428659872696,64.6398658210759
2015-02-13,38.62401975993973,0.5315152083336695,0.8985849490816631,62.55859813618501
2015-02-19,45.229094443764915,0.536395109846182,0.9008248517138249,61.17223784079141
2015-02-24,45.26139342878539,0.5575314500970433,0.9023471777649703,59.899370287830926
2015-02-27,27.777846845228975,0.48075265130773737,0.8850025352059525,57.32964841242278
2015-03-04,8.22533043770556,0.36607663995738304,0.8555106644779683,53.4013029744454
2015-03-09,9.774315145859186,0.39594140267052474,0.8599484145502547,49.911143948158504
2015-03-12,27.91179673809755,0.4831319063537968,0.8857489202541122,48.15119617135363
2015-03-17,37.04359843560918,0.5192881628574199,0.8977366522136296,47.26258835249408
2015-03-20,43.252137482066104,0.5426398175688012,0.9118562478673652,46.941752282859845
2015-03-25,53.62493280985048,0.5772346813583148,0.9081765699617679,50.95166059905422
2015-03-30,41.61655505443809,0.6162717178332163,0.9181290492181468,50.204852155484936
2015-04-02,41.17449201314533,0.6141011636268571,0.9172605832527551,49.48242334409777
2015-04-08,31.838592537481684,0.5652040638264714,0.9059660962814239,48.070916879568486
2015-04-13,34.02331211579427,0.5403276031019005,0.8942298568319719,46.94710849846655
2015-04-16,21.37401928270069,0.4806170205052244,0.8775097426198326,44.901261361205286
2015-04-21,33.158227477031666,0.5166783515709251,0.9065821111352979,43.9618186504714
2015-04-24,10.3298104858175,0.4031702711890067,0.8740650508726203,41.27125799729909
2015-04-29,3.522079562729146,0.31245579755873515,0.8507315106482565,38.2513237225335
2015-05-04,6.265959420246449,0.35945150381004415,0.8579898859206838,35.692494578350534
2015-05-07,11.665881600847207,0.39831614921343084,0.8685077985528391,33.77036554015027
2015-05-12,19.319170905782613,0.44526907812720057,0.8720271684334434,32.61426996940086
2015-05-15,16.190090937383733,0.42756589752893337,0.8727854864092133,31.30033564683949
2015-05-20,12.181681016076123,0.4064917192677531,0.8710571855326484,29.770843276378418
2015-05-26,30.173397595402164,0.4939966868659988,0.8738851113430112,30.012375867792667
2015-05-29,41.699648337610085,0.5257283589908005,0.876467765454104,37.02473934968312
2015-06-03,27.894038806590512,0.4782868385317551,0.8736433720322156,36.29428330623571
2015-06-08,16.216979072111666,0.41977939244491075,0.8576701515837285,34.68809896750579
2015-06-11,25.84540389407249,0.4742728082506424,0.8835737922112284,33.98068336163113
2015-06-16,34.42552545090635,0.5005183675915431,0.8927667890764012,34.247588615196264
2015-06-19,38.52117381785727,0.5350035921864301,0.901508208808676,36.811739736792866
2015-06-24,32.35483428144317,0.5210818058193875,0.9000963488756987,36.45518730036489
2015-06-29,68.86742918402493,0.6141877384426211,0.9248741714777472,55.90253243056091
2015-07-02,65.89234341741951,0.6015006308346269,0.9267198963735365,61.89641902267607
2015-07-08,82.24891005771691,0.6540913846673314,0.9350609162579484,74.10791364370057
2015-07-13,92.4304997200422,0.6510864135607941,0.930538415495052,85.10146528950555
2015-07-16,70.85059854128166,0.6233380934408518,0.9223790789795128,83.96139594964765
2015-07-21,49.41604710114619,0.5829020826729154,0.9138883804910882,81.19776804176753
2015-07-24,36.84871606589329,0.5375653818146913,0.9101303781118742,77.6498438836976
2015-07-29,23.021963181936787,0.48909602005277264,0.8992355902308671,73.27961342755674
2015-08-03,19.36188425472939,0.468969887264733,0.8808877897964377,68.96619509373055
2015-08-06,9.784105943603736,0.41293097868094436,0.8723524970762585,64.2316279617204
2015-08-11,11.74821443412597,0.4272977016537433,0.8761962467102576,60.03295487951285
2015-08-14,13.192094867515088,0.44278138174642717,0.888767893220567,56.285686078553034
2015-08-19,19.807543330538905,0.4899664953124767,0.8952095107367958,53.36743465871191
2015-08-24,99.99518901497098,0.7043761386513863,0.9338914091461586,81.34408727246735
2015-08-27,119.43183972058597,0.7885350141416984,0.9537849196777545,104.19673874133852
2015-09-01,131.70352237638048,0.8069262826143413,0.9572963824620744,120.70080892236369
2015-09-04,106.56614825137049,0.8259367248718665,0.9632927729692902,119.57003606868423
2015-09-10,90.82666508166939,0.8495124029442322,0.9667275848329481,117.27056638972304
2015-09-15,88.34066754283766,0.8537723843907153,0.9674165923118474,114.95617448197223
2015-09-18,82.92697420480386,0.8502140178555744,0.9650838554960592,112.39383845979877
2015-09-23,100.7019521918189,0.8212840314719112,0.9564114555138722,111.45848755836037
2015-09-28,148.51115528860618,0.7344685646952627,0.9438680176521667,133.69008819650787
2015-10-01,113.17446538855795,0.6848276105026797,0.9383466139148186,132.04883837187188
2015-10-06,91.19293148939936,0.6214328031492777,0.9280788733677102,128.78036582127407
2015-10-09,86.29989086148346,0.6142006479827318,0.9276922984717814,125.38192782449083
2015-10-14,72.66750579366902,0.5805452340608797,0.9261125459750479,121.16477406202509
2015-10-19,45.16863415014786,0.5325997323782555,0.9144116443173551,115.08508286907491
2015-10-22,29.49237229916309,0.5256194921907733,0.9102636103919601,108.23766602348198
2015-10-27,16.996384168436485,0.4588731033708055,0.8870198570686092,100.93836347507833
2015-10-30,17.753300629220895,0.46113304766562385,0.8929575851023253,94.28355844740975
2015-11-04,15.870028110205997,0.43177181550180194,0.888822197710132,88.01047602043346
2015-11-09,16.088721325425986,0.4349103413517447,0.8892333510169436,82.25673564483286
2015-11-12,19.02531645577088,0.46411088662660904,0.892847051737789,77.1982221097079
2015-11-17,26.259188859341545,0.5002752572130886,0.9090588931898332,73.1230994496786
2015-11-20,25.189133403981202,0.48226024352068414,0.8882088702774806,69.28838216602281
2015-11-25,24.013931386844032,0.4729257909781414,0.8956228447441764,65.66642610368851
2015-12-01,29.46561535689486,0.4797213756493716,0.8902035676573684,62.77036124394502
2015-12-04,78.43347415039972,0.5891935056523455,0.9171945076302882,72.16822898781784
2015-12-09,96.3348883751182,0.6219329169680474,0.9191360316809685,86.66822462019806
2015-12-14,96.93764828826247,0.6393010738758873,0.9265225769060458,92.82987882103671
2015-12-17,68.18127102521377,0.6287327115912705,0.9210421712894402,90.85799019737088
2015-12-22,97.8864444142682,0.6720531628706568,0.9346476170524689,95.07506272750928
2015-12-28,98.8546826865639,0.6827353398917548,0.9316873517706995,97.34283470294206
2015-12-31,102.02413795935574,0.7082401843018084,0.9454452051479811,100.15161665679027
2016-01-06,79.61004875872108,0.6808340234901415,0.9353043219153434,98.50829122494474
2016-01-11,117.90868137885137,0.7010763731687156,0.9400550388278074,110.14852531728872
2016-01-14,153.5817157367375,0.7241306500564948,0.941791962127285,136.20843956895797
2016-01-20,117.70556236004447,0.6793107766661914,0.9410095345333607,134.7282093922449
2016-01-25,82.32180033393374,0.6551483638139405,0.9370887202695471,130.53569666758003
2016-01-28,68.86483892782694,0.607791886450087,0.9302946864372944,125.60202804839977
2016-02-02,83.96201371110304,0.6313719015936186,0.9233627567611115,122.27082690141604
2016-02-05,58.01625533306566,0.5739841871664375,0.909584345598029,117.13046117594803
2016-02-10,44.586422900568735,0.5402286705752226,0.90384473201613,111.32693811391769
2016-02-16,37.74554038723171,0.49572124430660414,0.9033010659481933,105.44042629578281
2016-02-19,33.87910340453843,0.4976088610651792,0.9044146674671272,99.71552046448326
2016-02-24,31.180066167156532,0.48816484950922917,0.9037414793664432,94.23268412069713
2016-02-29,28.492574995803324,0.4838046874392621,0.9043004310502429,88.97347539070563
2016-03-03,36.7884458198614,0.5311255235623367,0.9242115195268806,84.79867302503808
2016-03-08,50.71657171984244,0.5715427898281623,0.9266625189990002,82.07210492062244
2016-03-11,47.5155623656491,0.5668006661219696,0.9205074442869422,79.30758151622457
2016-03-16,36.981072423099036,0.5398825658948203,0.9210898095179444,75.92146078877454
2016-03-21,46.11089064692154,0.5356947073349486,0.9122227986540992,73.5366151774263
2016-03-24,33.71281415819178,0.5025785114570965,0.9079742616162952,70.35071109588753
2016-03-30,11.261255775072541,0.38910746620065456,0.8836432647994654,65.62355467022235
2016-04-04,12.30773515490271,0.4086039145468835,0.8809021897840605,61.358289108996786
2016-04-07,21.446751831173977,0.4648988331714424,0.8861311681475804,58.16536612677097
2016-04-12,18.315065193223525,0.45104275353309126,0.8885677398292948,54.97734205208718
2016-04-15,30.505903469615014,0.4967919210400012,0.9100414590687195,53.01962696548941
2016-04-20,25.06108423512497,0.47377610708893503,0.907852151552522,50.782943547060256
2016-04-25,23.088385041732018,0.47436069161842237,0.8975038736092367,48.567378866634
2016-04-28,25.898576227378047,0.4921214760476875,0.9008745218452123,46.753874655493526
2016-05-03,33.293781831218666,0.5057877568133348,0.904505480890012,45.67706722955153
2016-05-06,31.148414503933303,0.4948045542332066,0.9023970385734782,44.514775011502074
2016-05-11,25.072932865560666,0.47948778072890913,0.8961181360259708,42.959427639826764
2016-05-16,30.058949812525533,0.49496103194620694,0.9039386154028398,41.927389413642665
2016-05-19,18.167735818498844,0.44819374023924496,0.9075171320423385,40.02661712603116
2016-05-24,28.08234386873096,0.4917577213186091,0.9179667050946955,39.07107526544715
2016-05-27,31.62425270133677,0.5056185751513245,0.9193178730105318,38.47532946031832
2016-06-02,17.434782344983176,0.45102797425601276,0.8983556553565556,36.792085691091515
2016-06-07,18.749697560283902,0.4578166646887556,0.9135609109678227,35.3486946406269
2016-06-10,15.12008391465481,0.4464329728396759,0.9169567125903039,33.730405782549134
2016-06-15,11.752130210419873,0.4148141560729862,0.9107245979067873,31.972143736778794
2016-06-20,18.184289299695184,0.4231711634972894,0.8948633276293898,30.869115381812108
2016-06-23,13.590678027105954,0.4139461169959575,0.9008114813946558,29.486840393435617
2016-06-28,101.58924125537537,0.6856888863404457,0.9511761745275192,72.74828091059946
2016-07-01,88.97435713800289,0.7314563665935232,0.9586040410830905,82.48392664704151
2016-07-07,100.20245786930893,0.7194975380250583,0.9580264553944855,93.11504538040197
2016-07-12,120.63547499124506,0.7252239965474754,0.9604924413164564,109.62730314690782
2016-07-15,123.6820610830973,0.7355158123311526,0.9604290483157821,118.0601579086215
2016-07-20,128.35094629641804,0.7331861635021522,0.9590662617171531,124.23463094129943
2016-07-25,68.90578270528695,0.6073229795814556,0.9237244886819154,119.80832308241843
2016-07-28,17.1467951440222,0.43485687451624755,0.8804281905592201,111.59540084734674
2016-08-02,10.410422310575406,0.3914429723675741,0.8612704677807654,103.50060256440503
2016-08-05,6.763208344041213,0.3558651826027883,0.8584568534656186,95.76161102677592
2016-08-10,4.187036428866195,0.327196349161336,0.8664597352746874,88.43564505894315
2016-08-15,5.32708790041426,0.34390238765565045,0.8723677367678888,81.78696048626084
2016-08-18,5.72362177916243,0.34239276765765136,0.888431807837814,75.70189338969297
2016-08-23,6.957919671040696,0.3620129472758011,0.8956515941833393,70.20237549220079
2016-08-26,9.42049673352222,0.3857695540091895,0.8953971000413498,65.3398251915065
2016-08-31,6.44148007390815,0.362199378357169,0.8830653016340541,60.62795758209864
2016-09-06,1.6586175182964484,0.3022009269974477,0.8478313251602736,55.91041037699446
2016-09-09,22.438020948432506,0.4688924184011008,0.8944002473411723,53.23261922270951
2016-09-14,52.85977996017808,0.5807818454745858,0.9126082130392268,53.202792081706995
2016-09-19,61.56893117537318,0.5761957424657389,0.9140420380948107,58.2224755379067
2016-09-22,60.52913927911243,0.5785068369414493,0.9127336898062013,59.60647378263014
2016-09-27,56.34181815098856,0.5911983103454749,0.9156300664399623,59.34530133209881
2016-09-30,57.738946442293056,0.5971092169244925,0.9216712344798488,59.21679294091435
2016-10-05,56.54146796580209,0.5939710408845795,0.9302194334868851,59.002766942905374
2016-10-10,28.62533275011221,0.5131865826115248,0.9023782560672963,56.572572207481926
2016-10-13,23.52948492044288,0.46683607787004633,0.8833329091655308,53.929125224518806
2016-10-18,27.140523130589575,0.4768734382224986,0.879374461511953,51.78603705700447
2016-10-21,15.885937877226418,0.43490781503513326,0.8552925966017394,48.914029122622225
2016-10-26,11.725669812222463,0.3931332640720468,0.805186620802321,45.938960377790245
2016-10-31,3.6471879831525955,0.31258014575945375,0.789446204847359,42.55561858621923
2016-11-03,2.9477229117358497,0.2960761969849985,0.7720107169969254,39.38698693226057
2016-11-08,12.092198494118563,0.3874958295421189,0.8064471061560844,37.20340385720921
2016-11-11,12.712169267811392,0.4225153784709453,0.8553884755638365,35.24410509005739
2016-11-16,10.192054494968053,0.3991617819440622,0.8703383095046253,33.23994104245025
2016-11-21,10.092925975401428,0.3915081909326034,0.870704818993414,31.38817983708634
2016-11-25,9.782631892598328,0.40301897735016257,0.874562917899758,29.659736001527303
2016-11-30,9.656479627762561,0.4034794716525729,0.8972839473233781,28.059475491626124
2016-12-05,10.680559127220855,0.4018202825870324,0.890243133233552,26.669162182473702
2016-12-08,8.37698574508073,0.3811428916791649,0.8763401119465748,25.205788067482267
2016-12-13,3.149554804427757,0.3198361663620249,0.8565665657300422,23.441289406437907
2016-12-16,2.595048544638568,0.33200906072640957,0.8774011365311221,21.77359013749396
2016-12-21,2.961045806300901,0.3422838320848207,0.8840791225280309,20.26858659099852
2016-12-27,2.6961203874012654,0.34605178544079984,0.8862145079082647,18.86278929471074
2016-12-30,7.64487282952732,0.3989044054580119,0.883009671136112,17.965355977496067
2017-01-05,9.440246646936696,0.40991681372926414,0.8892541949253772,17.283347231051316
2017-01-10,3.885613782191616,0.3551560659237729,0.8746801231839657,16.21152855514254
2017-01-13,5.306664458066513,0.36260983586804457,0.8714604827535365,15.339139427376457
2017-01-19,8.700349813425472,0.3733315074198132,0.886695812118829,14.808036258260378
2017-01-24,12.475297917418125,0.3971810759123353,0.890556761891193,14.621417190992998
2017-01-27,6.8347702907948475,0.3488191628348598,0.8594639706198275,13.998485438977147
2017-02-01,6.692550154989057,0.3440269254643636,0.8458977906988792,13.4140106162581
2017-02-06,6.1620644736348735,0.3437040758352575,0.8516420760908842,12.833854924848243
2017-02-09,6.131112179775232,0.3521606156989477,0.8391878694094878,12.297635505242402
2017-02-14,5.690186190046603,0.34638108585733096,0.8288414941892912,11.769039560026739
2017-02-17,5.019634364005143,0.35191157977027093,0.8385745434854432,11.229087144345012
2017-02-23,3.765350859517076,0.32785541586078715,0.8284506968158355,10.631988241558778
2017-02-28,3.1138966845892897,0.319841218467604,0.8451438402327186,10.030540917001218
2017-03-03,11.709257048579694,0.40224361320377355,0.8784594468450669,11.037770595948302
2017-03-08,12.250404360196415,0.4097317591790733,0.8856689079617559,11.765350854497168
2017-03-13,10.50072827029208,0.3944036468127707,0.8786153259837667,11.66418104776076
2017-03-16,5.959473416381324,0.36755555528759704,0.8526298409757533,11.207804437250406
2017-03-21,11.122880350503861,0.4159233721097331,0.895352953818058,11.201010510310683
2017-03-24,15.598783726900889,0.4387773314833134,0.8980952569107808,13.839674440264806
2017-03-29,6.628002518478504,0.37205509278311144,0.8882309999368079,13.262740686521903
2017-04-03,6.752378588274962,0.3673661601325262,0.8977343477226565,12.741911718662148
2017-04-06,7.817582568756564,0.38509389692724394,0.8991935154718241,12.347965386669703
2017-04-11,9.876845233160907,0.39079397724397513,0.9009518739990574,12.150275774389
2017-04-17,23.10265297724884,0.4573720515747558,0.9131795505515841,18.721702096104906
2017-04-20,16.567885136996203,0.4307156726983165,0.885326838839256,18.54939673937621
2017-04-25,20.98413655243556,0.4490492266042642,0.9007442054224741,20.01024062721182
2017-04-28,15.611675061259472,0.42257665760789637,0.8800524723777883,19.658355381935635
2017-05-03,11.556971435947851,0.39275109507558487,0.8652020223542815,19.010244666256614
2017-05-08,8.326062224708382,0.3634944009517486,0.8453331301488117,18.155510070932756
2017-05-11,7.555839868297081,0.3508784478396656,0.8441909057188229,17.3075364547219
2017-05-16,4.614856246793611,0.3251357000360384,0.8263244090554637,16.29212203808764
2017-05-19,16.111271558253076,0.42679277907858,0.882754725961573,16.277653999700878
2017-05-24,12.102084136311262,0.40471115663261004,0.8722818851149272,15.94360841062971
2017-05-30,10.833658574364458,0.39958103588635535,0.8667498679118439,15.53481242372849
2017-06-02,14.485192014869591,0.4073211124595124,0.870273342784345,15.45084279101978
2017-06-07,13.469792633214533,0.40672423583162914,0.8680018666179128,15.292358778395359
2017-06-12,9.164768394781841,0.3836458255725227,0.883392452228978,14.802151547706279
2017-06-15,2.7442797316297804,0.3037363711716887,0.8594770594333674,13.83752180242016
2017-06-20,1.8998745870225806,0.294930232216035,0.8609430584937029,12.882510025188354
2017-06-23,1.7746790218129243,0.2976322038952429,0.8619141344219619,11.99388354491832
2017-06-28,2.5083041758603737,0.31775865340869874,0.8733482928144994,11.235037195393685
2017-07-03,1.8507076372523366,0.309527790139643,0.8806729750399624,10.48429083074238
2017-07-07,2.2601861247338624,0.33053540499956524,0.885800865101838,9.826362454261698
2017-07-12,2.6411253228024956,0.333314233179678,0.8689991251335484,9.251543483744962
2017-07-17,3.4863441369816646,0.3485267246746372,0.8707861535695844,8.790327536003899
2017-07-20,3.6029414146132495,0.3514495685299924,0.8513021626452313,8.375336646292649
2017-07-25,3.0031609740977023,0.3429217547156747,0.8625488068972392,7.945562592517054
2017-07-28,1.070823871432748,0.2733023502924798,0.841711437800279,7.395583494830309
2017-08-02,0.8541357912246267,0.2654766057964521,0.8297867767686746,6.8722676785418555
2017-08-07,0.6908664369392441,0.24873151522187728,0.831762630330124,6.377755579213646
2017-08-10,2.02161362888973,0.2913750731188798,0.8430367757974012,6.029264223187734
2017-08-15,3.123069786182851,0.3122075860780445,0.847358788647596,5.796768668227343
2017-08-18,8.551271334455034,0.3867224610996519,0.8741840646744813,7.4494702679639575
2017-08-23,12.16908284427734,0.4154247770248619,0.880915434950973,10.281237813751988
2017-08-28,20.07355078048545,0.4559634484921103,0.8796638037248262,16.156625593792064
2017-08-31,24.346076618074076,0.4722198779379912,0.8744864734064236,21.07029620836127
2017-09-06,30.194274088570246,0.4916303212893061,0.8871031370419586,26.544682936486655
2017-09-11,25.429694925052917,0.47538560507461197,0.8947523964388634,26.45548389557196
2017-09-14,18.4991800767442,0.44625327015647054,0.8727769844533951,25.818979590065737
2017-09-19,8.080800396000587,0.37923369609275026,0.8546014765647205,24.399925254540527
2017-09-22,6.9130591868235705,0.36259386416359357,0.843308055131578,23.00097596912317
2017-09-27,5.066081176810094,0.34321715327451696,0.8385232137756542,21.566184385738126
2017-10-02,5.391595074977181,0.35057073737130967,0.8353135979413281,20.27221724087725
2017-10-05,1.646233579564495,0.27076038751940834,0.7839155691876418,18.78213854797223
2017-10-10,0.9713638356725679,0.24304703288105947,0.7784097140483777,17.357276570988258
2017-10-13,1.4541305718254374,0.2601710231605002,0.7947244304860758,16.085024891055234
2017-10-18,0.7650165058481105,0.23167809703662004,0.8082407733534833,14.859424220238663
2017-10-23,1.3651666430498943,0.2598486408524883,0.8134931855379951,13.779883614063563
2017-10-26,1.4603639102213233,0.26087560409894717,0.817019240262121,12.794322037756185
2017-10-31,1.279569533179153,0.2648875132475414,0.8103025304724073,11.873141837390023
2017-11-03,0.962695826197797,0.24663641211360032,0.780140343156438,11.000306156494645
2017-11-08,0.7011542716227896,0.24233044470632686,0.7842127119013842,10.176374005704897
2017-11-13,0.9798376875942589,0.2633697064620164,0.8036766191440022,9.440651100256046
2017-11-16,1.3386381652984563,0.2740285917765311,0.827557710059963,8.79249006545944
2017-11-21,0.7620624997587406,0.2579324000387344,0.8260488845620962,8.150055860203384
2017-11-27,1.1577981149353518,0.270207719623619,0.827669074662154,7.590675240581942
2017-11-30,3.4461698348151915,0.327907423724045,0.8654101603358515,7.259114808120603
2017-12-05,4.0780695128323625,0.3371649726298581,0.8730082570868307,7.004631184497543
2017-12-08,5.585848359529013,0.35167222130329584,0.8719539981470328,6.891128558500061
2017-12-13,4.3159447025480215,0.3396363784729652,0.8556723568531863,6.685113850023898
2017-12-18,4.859044730775625,0.35370967381113977,0.8498756311318133,6.539028320484036
2017-12-21,6.884862287366149,0.36138132545057694,0.85870603738851,6.746528700613304
2017-12-27,6.049456035178466,0.35041976226338606,0.8560480546366561,6.690762887378518
2018-01-02,5.108837780847442,0.34530568808974177,0.8612997760842152,6.564208878856032
2018-01-05,3.746397935503447,0.31688133028784726,0.844846744626107,6.3387840033878255
2018-01-10,4.09701934840823,0.3270186660133579,0.850948171030517,6.159442830989458
2018-01-16,2.7546977100420533,0.30035639016595794,0.8467239224737875,5.8870632213136656
2018-01-19,1.4110336829402943,0.2778696900387668,0.8504822471639061,5.528980858243797
2018-01-24,1.1878923340268968,0.2680306894859507,0.8439238093970091,5.181693776306445
2018-01-29,1.8292820789031612,0.28334142569455545,0.8348931638879507,4.913500840514183
2018-02-01,4.37317374976935,0.3329610365088286,0.8471416397141532,4.870274673254596
2018-02-06,46.56414921620641,0.616790626594843,0.9007550264712908,29.886599399025684
2018-02-09,56.36452842921249,0.6766848279379991,0.9150146483017128,45.77335681713777
2018-02-14,48.15652778310894,0.6852493417086966,0.9190510248989806,47.20325939672047
2018-02-20,70.42876468483135,0.6817005803059235,0.9206081709525891,61.138562569586995
2018-02-23,93.30210146952108,0.7114737573495106,0.9281130232014639,80.43668590954744
2018-02-28,127.34723884785306,0.7244670697804193,0.9272043673377252,108.58301767253081
2018-03-05,125.00112547494162,0.7330736456767469,0.9367008382981176,118.4338823539773
2018-03-08,92.34025270838816,0.6714928074276154,0.9183670974737232,116.34639198233018
2018-03-13,51.77091088902273,0.5531367134929203,0.8845839893452379,111.18035349486559
2018-03-16,60.286547942339794,0.5658709369745161,0.8900338923302201,107.10884905066352
2018-03-21,57.27276435378658,0.5665375984381075,0.881649893126851,103.12196227491337
2018-03-26,120.28930695990469,0.6483998925004544,0.9128905714927477,113.42236908590816
2018-03-29,116.999774656071,0.623973792340786,0.9134566690771453,115.56881242800586
2018-04-04,122.09544509905263,0.6574277274218536,0.9317482742843799,119.48479203063391
2018-04-09,116.90868556700815,0.6711736636728708,0.9373643903019405,119.27870351354386
2018-04-12,126.55700052945939,0.687333203335789,0.9420021407350018,123.64568172309318
2018-04-17,126.17697417759331,0.6727581176081218,0.9354393723294225,125.16445719579326
2018-04-20,59.55381428345372,0.6246495660165385,0.9240936174643901,119.9156057628061
2018-04-25,28.03626630945518,0.5096170870038105,0.889844782813069,112.56525860653802
2018-04-30,19.603474935589574,0.45543047291192956,0.8690209801915861,105.12831591286215
2018-05-03,13.847593772490367,0.4138861168391634,0.8457004807384731,97.82585814163241
2018-05-08,3.4143436413832498,0.31587962771310835,0.8283957402244503,90.27293698161249
2018-05-11,2.627835941138226,0.3011599384629577,0.813251560694935,83.26132889837454
2018-05-16,4.059098347784838,0.32200418249146007,0.8348317586649123,76.92515045432737
2018-05-21,7.183760609989719,0.35283016606910894,0.8259177813851978,71.34583926678036
2018-05-24,7.505466702417912,0.36492143579934017,0.8334367855944101,66.23860946163137
2018-05-30,21.309172679684057,0.4640234656921175,0.8631260020174051,62.64425451907559
2018-06-04,23.57984378877046,0.46912253353501204,0.8796864433959092,59.51910166065118
2018-06-07,19.640185363458322,0.48294599847508046,0.8791478453699443,56.328788356875755
2018-06-12,17.546340587893578,0.47600806289454484,0.8808413304358786,53.22619253535718
2018-06-15,19.227446142393287,0.4666119010401113,0.8805011648127438,50.50629282392007
2018-06-20,27.30053782119936,0.4671460393151283,0.8808578390166381,48.649832423702414
2018-06-25,32.041346718440224,0.4854763010493863,0.8841764422258307,47.32115356728144
2018-06-28,12.443772092806654,0.4068750752529297,0.8585180956517736,44.53096304932346
2018-07-03,5.855824588935727,0.3506332557441424,0.8572908224986729,41.436951972492444
2018-07-09,7.514830305226825,0.3777303932050069,0.8763673489632564,38.723182239111196
2018-07-12,11.596017192915497,0.4051618524524395,0.8835179872842097,36.55300903541554
2018-07-17,8.570959078214292,0.38161549983202764,0.8791990145331852,34.314445038839445
2018-07-20,5.630579138459015,0.35168049652430106,0.8645797140647484,32.01973576680901
2018-07-25,3.3208569708301154,0.3221107480834949,0.8647237869423051,29.7238254631307
2018-07-30,1.4094897597419414,0.29857149191997634,0.8521017746887478,27.458678606859603
2018-08-02,1.3640042417150777,0.2917615816310045,0.837605742352228,25.371104657648043
2018-08-07,1.1860178548305242,0.27116773786510234,0.822594780159172,23.436297713422643
2018-08-10,0.8710294640618423,0.2563938222611562,0.8090126102676772,21.63107625347378
2018-08-15,1.8999057226267502,0.2875525460393953,0.8348155607532249,20.05258261100602
2018-08-20,4.086480422501648,0.324146920803569,0.842937403056381,18.77529443592567
2018-08-23,4.014064288462305,0.3257927149284597,0.8487441482919547,17.5943960241286
2018-08-28,12.447840863603007,0.3921179987263726,0.8551350925760619,17.182671611286555
2018-08-31,17.690229076466814,0.43321508623387706,0.8722229613479602,17.48720609039471
2018-09-06,14.719161549657793,0.4116919948058536,0.8710198313574893,17.26576252713576
2018-09-11,8.03273272360955,0.366939112262131,0.8475708502130127,16.527120142853665
2018-09-14,1.7730101987805131,0.2823938175711223,0.8234740493041226,15.346791347327814
2018-09-19,3.136348856577687,0.30941045914742843,0.8326311387113768,14.369955948067805
2018-09-24,3.7644941375082253,0.3179197605661337,0.8286091705679605,13.52151900322304
2018-09-27,2.5075519018255124,0.29955685878842975,0.8155158581893919,12.640401635111239
2018-10-02,2.3197982579923586,0.2990267843951055,0.8248844122613399,11.814753364941728
2018-10-05,1.6771432928732866,0.29494889061944474,0.8294487897359003,11.003744559176253
2018-10-10,15.819482993364856,0.44777806483046756,0.8909019378996991,13.893187619689416
2018-10-15,22.336609800003107,0.49661639046764156,0.9036493158587517,18.95924092787763
2018-10-18,26.52138916133709,0.5103601943871482,0.8978925768974733,23.496529867953306
2018-10-23,24.730525445764982,0.4816625410154668,0.9011236788411235,24.23692721464031
2018-10-26,42.62793911351215,0.5388419784117031,0.8993121703670425,35.27153435396341
2018-10-31,41.46365816598489,0.5586647678124205,0.8955160742390739,38.986808641176296
2018-11-05,39.36889106135493,0.5434805155912488,0.8862599751622223,39.21605809328348
2018-11-08,28.473645584831292,0.49580094424095317,0.8678994077391425,38.3566650926073
2018-11-13,28.827272680664723,0.4983384749801832,0.8665595695881627,37.59431369965189
2018-11-16,33.87698895088919,0.512765773903924,0.8779633952602658,37.296927719750876
2018-11-21,23.655017981868443,0.48270875087404475,0.8697004682292242,36.20557494072028
2018-11-27,27.905357728776156,0.49765400219888867,0.882629857718372,35.541557563764755
2018-11-30,46.840612227492585,0.5264499401374086,0.890979571667898,42.32099036200145
2018-12-06,62.15435747602475,0.5953916592857266,0.917840884275824,54.221010630415435
2018-12-11,56.66075508330688,0.6015331022631301,0.921813588653573,55.684857302150306
2018-12-14,57.83597003045747,0.6006987384223281,0.9201255532458825,56.9755249391346
2018-12-19,57.587541040323686,0.6050478490747581,0.9220744835930172,57.34273459984806
2018-12-24,56.57821262969188,0.6007073786238666,0.9185280909643216,57.28157284223557
2018-12-28,123.35224383092277,0.6793731054186242,0.9386631821778313,96.92397543544789
2019-01-03,96.8591668129609,0.6730526849902767,0.9391709458007479,96.91879074564893
2019-01-08,121.32605091063388,0.6997312290766052,0.943344097343617,111.5631468446399
2019-01-11,121.12307425894198,0.7075552067204415,0.941558795435637,117.29910329322115
2019-01-16,99.42024565899435,0.6781094959814237,0.9367907168484738,115.86879468248301
2019-01-22,118.7718109120038,0.6958407578602243,0.9442745936044756,117.61060442019549
2019-01-25,32.42411582612255,0.4993087447548561,0.9031363900921375,110.79568533266965
2019-01-30,27.169968874452923,0.477870543402113,0.8820857950496916,104.10562801601232
2019-02-04,1.1634475267986282,0.2712109217622431,0.8385885397183028,95.87025357687523
2019-02-07,2.5621352626507123,0.3015715379427472,0.8538654417183537,88.40560411173726
2019-02-12,4.100404345587724,0.32759205137364467,0.8622306420800001,81.66118813044531
2019-02-15,10.367076649949352,0.3833520096878896,0.8726924110524535,75.95765921200564
2019-02-21,6.803524786873889,0.36515377932758813,0.8723790019046447,70.4253284579951
2019-02-26,9.42431930471156,0.38026083858731063,0.877625809509039,65.54524772573242
2019-03-01,12.123479093666308,0.40141498856864394,0.886229660281222,61.27150623516714
2019-03-06,21.079254201635536,0.4570551291132252,0.902905485539282,58.05612607248461
2019-03-11,16.983145503587156,0.4468021779511551,0.8992412812772064,54.77028762697282
2019-03-14,11.88924765262106,0.4166671066724936,0.8998268325396297,51.339804429024674
2019-03-19,6.819349129980651,0.35703630575849016,0.8894456225326084,47.77816800510115
2019-03-22,23.70836987754737,0.48321821638060525,0.9081256021863638,45.85258415489685
2019-03-27,27.77892771154393,0.5043685473182403,0.9084352283315726,44.40669163942862
2019-04-01,43.030444143942674,0.553392610849126,0.903806529220991,44.29659183978975
2019-04-04,40.66526174011133,0.5333793136710703,0.8970004488404151,44.00608543181548
2019-04-09,41.55992875005374,0.5358827385689541,0.8948885736869338,43.81039289727454
2019-04-12,31.61899423505089,0.5154343396058416,0.9066649861598429,42.835081004296654
2019-04-17,25.68038476384432,0.47908285621439267,0.9056756720413885,41.462705305060474
2019-04-23,8.136312802279754,0.38916279768748985,0.8682396331992259,38.79659390483802
2019-04-26,3.341713768074315,0.3236604366957328,0.8892710438068369,35.96020349389693
2019-05-01,2.2226742796754717,0.2926975552335371,0.8618141801478254,33.26120115675921
2019-05-06,2.6112690185087,0.29778444548999183,0.8578397514426903,30.809206585699176
2019-05-09,5.474816961864832,0.34168078254112666,0.865866752582294,28.78245541579243
2019-05-14,16.586171364983024,0.443638076984304,0.8798151613358483,27.80675269172768
2019-05-17,23.029956445215912,0.4808118948528061,0.8785181065617054,27.424608992006743
2019-05-22,25.02958848545479,0.47973231754508566,0.8972058787328564,27.233007351482588
2019-05-28,33.68398114381665,0.5317391506706802,0.8924824145919948,31.103591626883027
2019-05-31,40.10590938409109,0.5471151126224854,0.8957752934550712,36.504982281207866
2019-06-05,50.47454868866392,0.5610995812865066,0.9200503596252326,44.8867221256815
2019-06-10,53.37125374747795,0.5617333355509666,0.9199906662598204,49.97744109875937
2019-06-13,31.15161570969417,0.4922885850236228,0.8973995365723425,48.471375067634156
2019-06-18,39.5941894030774,0.5179207100281259,0.9039461041996941,47.76120021446962
2019-06-21,28.95933060667032,0.4889558788708561,0.8943129895988202,46.25705064584568
2019-06-26,22.32889781098765,0.4788475193835744,0.8984379946506915,44.34279841905704
2019-07-01,14.269141370232285,0.4353951540436309,0.8664197744155914,41.93690585515106
2019-07-05,4.960432616327138,0.35975489758167273,0.8483007109580204,38.97878799604515
2019-07-10,4.172324854331554,0.3524085098652859,0.8486196065960384,36.194270944708066
2019-07-15,5.442890913539744,0.3541973467763864,0.8536394217398084,33.7341605422146
2019-07-18,2.3591144132158446,0.3022100425241918,0.83646915289473,31.2241568518947
2019-07-23,2.2976659132629327,0.30549089224025416,0.8338490918826393,28.91003757680416
2019-07-26,1.6196785547794572,0.28412817252583705,0.828933640472305,26.726808855042187
2019-07-31,1.6893299147081404,0.28257067119943247,0.8302355824210451,24.723810539815464
2019-08-05,18.891730626391848,0.45014398070972494,0.8596922165565962,24.257244146741577
2019-08-08,28.13581946985067,0.47937765691120215,0.8644927088903165,26.584389340607032
2019-08-13,31.409109716626062,0.5151496890369198,0.8738573831978251,29.47922156621845
2019-08-16,50.140149062798756,0.583417531987637,0.9074812697462561,41.87577806416663
2019-08-21,64.2874988820551,0.6276162697786525,0.9190915317839624,55.32281055489972
2019-08-26,106.61429171732344,0.6795739108838617,0.9339537606512662,86.09769925235395
2019-08-29,151.9181994389144,0.7257722058907379,0.9479832778754167,125.58999936429021
2019-09-04,85.40371414025708,0.6986764613741734,0.9426028830346539,122.37509654636757
2019-09-09,60.95563561911746,0.6842943097689799,0.9491164416632792,117.46153967218757
2019-09-12,60.06966564477337,0.569857237486559,0.925817599869594,112.87018974999444
2019-09-17,48.11512037241034,0.5448000122412835,0.9142139316540507,107.68978419978771
2019-09-20,43.62261566042403,0.5236176192758935,0.9091640756149311,102.56441071663862
2019-09-25,19.575354379290225,0.44340869847476044,0.8880885699617196,95.92528620965075
2019-09-30,14.115072100081814,0.41845964742760045,0.880213350248533,89.38046908088523
2019-10-03,15.520391707401458,0.43983018303146915,0.8834884183581837,83.47166289100655
2019-10-08,30.980900483096438,0.512808131786416,0.8925525556386537,79.27240189837373
2019-10-11,44.69777974072452,0.5650708119237229,0.9111057710570967,76.50643212576179
2019-10-16,46.71632649807739,0.567672440572908,0.9100748665001736,74.12322367554705
2019-10-21,47.20294327849447,0.5608868203348775,0.8990394805344143,71.96960124378285
2019-10-24,37.33615097342052,0.5267990861711921,0.8762734524537767,69.19892522215387
2019-10-29,25.757660559738625,0.48043231359477123,0.8462336770775949,65.72362404916066
2019-11-01,13.717989835854345,0.42485090000930387,0.8309968685160521,61.56317331209616
2019-11-06,7.2091918331382745,0.36200303656895694,0.8024189864860043,57.21485479377954
2019-11-11,6.009371950834877,0.33864848304418727,0.8010609365260626,53.11841616634397
2019-11-14,9.274440913607819,0.3775491465723499,0.8016345150882754,49.61089814612508
2019-11-19,10.563781126797409,0.38743634983400654,0.8244684620145052,46.48712878457887
2019-11-22,11.260386208532028,0.3995242418602059,0.8402806244732571,43.66898937849513
2019-11-27,16.9267388990665,0.42438330989362677,0.844733031612203,41.52960934014084
2019-12-03,8.127602379621992,0.3780314025236167,0.8384840125671303,38.85744878329933
2019-12-06,16.383748141287924,0.41984076037212015,0.8497657348211619,37.059552731938425
2019-12-11,15.002565757367384,0.4116639444164826,0.8523177709268793,35.29499377397274
2019-12-16,21.293617826519593,0.44014231273455756,0.8480742267359418,34.17488369817649
2019-12-19,15.538206055763464,0.4295204038410331,0.8479151500128477,32.68394948678345
2019-12-24,15.52968689220781,0.4319134815510666,0.856359730532938,31.311608479217398
2019-12-30,18.959737002066817,0.45547858512489686,0.8716085367065421,30.323458761045355
2020-01-03,16.64699535903337,0.43894377744419916,0.8813858830998854,29.229341688884396
2020-01-08,11.24675190166346,0.40016912071509,0.8589473170608265,27.790734505906723
2020-01-13,7.591755032219419,0.3691359808027548,0.8414434926796981,26.17481614801174
2020-01-16,5.7046652475872195,0.35748319173661336,0.837225690689046,24.53720407597778
2020-01-22,7.6905812568203356,0.3631613304813309,0.8603347790492635,23.189474250445187
2020-01-27,19.650982646997562,0.448603099809553,0.8746650896733034,22.906394922169376
2020-01-30,13.496605937487498,0.41467141871464724,0.8785499613507224,22.153611803394828
2020-02-04,18.082696621164786,0.4364083878113372,0.8561325211886393,21.827938588816423
2020-02-07,17.787484409210318,0.44928888747131357,0.868643838579567,21.504702254447935
2020-02-12,19.052462869376996,0.45666992369675197,0.8731179300609805,21.30852310364226
2020-02-18,21.49798224115546,0.46251958845423846,0.8852363996169353,21.42219858615018
2020-02-21,24.130889238012635,0.4723828596381304,0.8801347171947634,23.047412977267655
2020-02-26,48.8185990263711,0.5779746582385733,0.907536808442323,38.510124606729725
2020-03-02,106.31211527547099,0.6936207697657395,0.9381105123882957,79.19131900797447
2020-03-05,91.64306624550213,0.753267443869101,0.9515286516104746,86.66236735049107
2020-03-10,99.4629133121302,0.7989836485303772,0.9689205208597363,94.34269492747455
2020-03-13,75.01014506749446,0.8487460430229075,0.9804775487412298,92.79609093867616
2020-03-18,66.05275793208145,0.8272772364519851,0.9764682493613762,90.65662429814859
2020-03-23,77.48752124861663,0.7723833182961929,0.9688995020142912,89.60309605418604
2020-03-26,70.34701109023504,0.7908391022529344,0.9696051480042929,88.06260925706995
2020-03-31,72.8643675535684,0.7846655245733191,0.967321493524617,86.84674992078983
2020-04-03,77.35173750075309,0.7826653103946428,0.9669021911095064,86.0871489271869
2020-04-08,80.79768217480694,0.7746526393229839,0.9668385459107016,85.6639915869965
2020-04-14,71.77423314433813,0.6681310933233445,0.9540816480923787,84.55281091158383
2020-04-17,84.17331600135564,0.7027766407000545,0.9564452950143194,84.52245131876558
2020-04-22,70.33055057602934,0.671211267126694,0.9477713306346668,83.38709925934667
2020-04-27,80.20205216183265,0.6411740236765923,0.9452915324759715,83.13229549154555
2020-04-30,76.11470514711215,0.6086938487601034,0.942872472020741,82.57088826399088
2020-05-05,57.977554963633,0.5738057719976486,0.940634439480226,80.60342159996225
2020-05-08,66.25280178877239,0.585772440493942,0.9368996590468086,79.45537201506706
2020-05-13,68.67797293089487,0.6082985569437176,0.9439154685946676,78.59318008833328
2020-05-18,55.467348849765806,0.6422016003673271,0.9470223703864333,76.74311358924788
2020-05-21,63.95612459570317,0.6494375442056284,0.9456509253782438,75.72015446976431
2020-05-27,60.416168711275915,0.6542625898378095,0.9508501259640686,74.49583560908525
2020-06-01,67.57642563434344,0.6101682409443133,0.941642272924075,73.94228281110591
2020-06-04,73.98650497623981,0.621431360020094,0.9438899884701979,73.96881611018625
2020-06-09,66.55728895294097,0.6264483437893981,0.9468235187492043,73.37589393760663
2020-06-12,73.04147822026994,0.6925163880625431,0.9637596715782961,73.34914068021969
2020-06-17,71.19636173086319,0.6711204473333996,0.9599006920551943,73.17691836427117
2020-06-22,72.87355140749686,0.6674976245958669,0.9575214270134864,73.15264900772922
2020-06-25,57.301721305508394,0.7109094339945179,0.9576303303136668,71.88457479155156
2020-06-30,74.93837200010508,0.7367680853691654,0.9626896713489432,73.71685311668367
2020-07-06,86.77176990671533,0.7412619948445255,0.9626916141013289,81.54980319070268
2020-07-09,57.78098417048485,0.7674941167321089,0.9580955700376237,79.64829766908525
2020-07-14,43.2874529624039,0.6256893620978348,0.9326540969942142,76.73943009255075
2020-07-17,47.186065100430696,0.6000594904315849,0.9349551902842407,74.37516089318115
2020-07-22,37.690217884140175,0.5822168989191168,0.9273935605199859,71.44036545245787
2020-07-27,22.169363618994904,0.46197741549495697,0.9009043557899722,67.49868530578084
2020-07-30,16.436268722704117,0.43793954504265065,0.8925208628891974,63.413691979134704
2020-08-04,9.512007946396915,0.382595795247459,0.8739019166295171,59.10155725651568
2020-08-07,3.8653692754685096,0.3248083662850481,0.8643013629336758,54.68266221803191
2020-08-12,4.650663338667516,0.3308284710667456,0.8606056355892557,50.68010230768276
2020-08-17,6.055706717089486,0.3528042027780103,0.8511442590221973,47.1101506604353
2020-08-20,5.532281635019238,0.36510579988605524,0.8738484366953643,43.783921138402015
2020-08-25,12.849566487568762,0.4107496123515342,0.8980206083777305,41.30917276633536
2020-08-28,7.335264570319925,0.38314652733133686,0.8697957570436454,38.591260110654126
2020-09-02,15.00088928482695,0.4294756148382574,0.8774039616037795,36.70403044458796
2020-09-08,19.057941719143727,0.45829371784923323,0.911781789675478,35.29234334655242
2020-09-11,30.68089418272238,0.5047142515736364,0.9146191237724823,34.923427413446014
2020-09-16,24.99755058913142,0.48947343802854876,0.9081976263402152,34.12935726750085
2020-09-21,34.16408443452524,0.5111214251026331,0.9132924062789147,34.15019356771549
2020-09-24,26.32627723158704,0.5136045861016878,0.8993100349767844,33.524280260825215
2020-09-29,29.28439608598974,0.5350884316091312,0.9179418807534266,33.18508952683838
2020-10-02,34.87167200360869,0.518801253739255,0.9147728652918327,34.19703901290057
2020-10-07,42.61363535083829,0.5612187654898859,0.9199560136327015,39.246996815663195
2020-10-12,43.05758745187032,0.5440215479959248,0.9182855356978238,41.53335119738747
2020-10-15,47.3129780998949,0.5546328893840209,0.9091988792000713,45.001127338891926
2020-10-20,44.84809179151982,0.5380274585627189,0.9014744432374426,44.988884495102155
2020-10-23,26.889666391615265,0.48834721805208264,0.8839865439629344,43.540947046823206
2020-10-28,46.9011335880931,0.5656199887416645,0.8974847247900545,45.55705897158514
2020-11-02,48.820354158206456,0.5714163548176142,0.8982461611231239,47.51503608355793
2020-11-05,37.40224314315032,0.5318023455731077,0.9033745337418508,46.70601264832532
2020-11-10,53.03068635431733,0.5665193375635061,0.9299420201917501,50.50081687192053
2020-11-13,54.61719268969682,0.5813452727576732,0.9325233057510939,52.970642362586304
2020-11-18,54.188886921109656,0.5781397015238458,0.9299987281848915,53.701589097700314
2020-11-23,47.648114792976344,0.570295832358834,0.9363497291081578,53.2173111533224
2020-11-27,48.54129920723492,0.5606491321945081,0.9387494420014988,52.8432301976354
2020-12-02,60.8717021228582,0.5850592480662726,0.948581320651741,57.66031335276908
2020-12-07,64.17213788750063,0.5905827041891368,0.948344595415249,61.56740807360801
2020-12-10,39.680256349319606,0.524041710728532,0.9177283663027712,59.81643593566494
2020-12-15,22.79822644265124,0.48169591231605,0.9056493450086749,56.85497917622385
2020-12-18,25.586276941389162,0.4796532453770025,0.9012327062369072,54.35348299743708
2020-12-23,7.347919197651969,0.3717747366452363,0.8796043050792516,50.59303789345427
2020-12-29,4.867269903176098,0.3434496497190321,0.8731759390251816,46.93497645423202
2021-01-04,4.295044909153751,0.34716333884090006,0.8775848831371608,43.52378193062576
2021-01-07,11.487579988681329,0.4087810521329033,0.8970456841183629,40.96088577527021
2021-01-12,11.337644902477622,0.4120502671047885,0.8885952827237782,38.5910265054468
2021-01-15,9.4332814668875,0.4031558188191425,0.9005839728102183,36.258406902362054
2021-01-21,13.039869785478865,0.42536976206797616,0.9039192302508549,34.4009239330114
2021-01-26,13.772477865790972,0.4114506420859908,0.8933012970520168,32.75064824763377
2021-01-29,19.18777983728611,0.43810528957374895,0.8889793979523668,31.665618774805957
2021-02-03,19.762558546640975,0.44193222336720395,0.8775121328158921,30.713373956552758
2021-02-08,15.29368013470415,0.42376848131661066,0.8626346558876654,29.47979845080487
2021-02-11,15.206412317765771,0.4240314504419005,0.8688402401570304,28.337927560161745
2021-02-17,13.226332653939764,0.41707885413237156,0.8689040153923622,27.12899996766399
2021-02-22,11.272646783515496,0.3984799208365043,0.8769888933583275,25.860491712932113
2021-02-25,13.550461854834412,0.41515569949743936,0.8770497559186123,24.8756893242843
2021-03-02,11.878370679703139,0.4280012016189984,0.8790443980123921,23.835903832717804
2021-03-05,11.560128005288234,0.41621833455347573,0.8810948262389722,22.85384176652344
2021-03-10,11.612400956695613,0.4216250172596657,0.8913272057061171,21.954526501737217
2021-03-15,9.860404170542978,0.41168172239942524,0.8852605690065055,20.986996715241677
2021-03-18,12.462903502846506,0.4245368310931597,0.902434823670575,20.305069258250064
2021-03-23,16.58185099448652,0.44698367279963613,0.9089688194773771,20.007211797148983
2021-03-26,9.914150345920442,0.40650046398135575,0.9027969621900784,19.1997668810507
2021-03-31,9.641699688113718,0.3947129625473389,0.9092609157547318,18.435121505615744
2021-04-06,5.892997701483863,0.36745062734931255,0.8985777545216872,17.431751601285196
2021-04-09,3.7093200710937126,0.34069728842089675,0.8869700348177812,16.33395707886988
2021-04-14,3.7598122667095923,0.33856769356394667,0.8829308713060408,15.328025493897057
2021-04-19,2.935135716014457,0.33915513184901186,0.8613466196879257,14.336594311666449
2021-04-22,6.321567498453156,0.3855309565568814,0.8665824219146243,13.695392166609386
2021-04-27,4.7320792311947635,0.3769821992201791,0.8548303228288437,12.978327131776217
2021-04-30,4.856613518337083,0.36207955992082413,0.8526107370363384,12.328590042701087
2021-05-05,5.663750072030596,0.360418276197036,0.8449294137886024,11.795402845047448
2021-05-10,6.165210031636339,0.3709856147690162,0.8468868951926075,11.344987419974562
2021-05-13,12.638193747233275,0.43861958397578754,0.8764435810510942,12.12091121632979
2021-05-18,16.764267060128347,0.45780015398879426,0.8825288470501035,14.906924722608924
2021-05-21,16.620012672957582,0.452602529843361,0.8875730902169362,15.934777492818117
2021-05-26,22.62471261788577,0.4907137987029465,0.9008944795204598,19.948738567858708
2021-06-01,20.172674793012362,0.46022465043351796,0.9036716072802943,20.0831003029509
2021-06-04,21.805820503582595,0.4578543146519841,0.9108065403579387,21.116732423329918
2021-06-09,16.72379419545045,0.4453879844753402,0.9111284613001013,20.765297365099563
2021-06-14,10.500455592581696,0.3910550082172597,0.8826752535085076,19.944110023298137
2021-06-17,11.72798106557935,0.41297523149424464,0.9017425847801315,19.286819706680635
2021-06-22,21.25459027002839,0.46608108766103884,0.9160435226871189,20.467482044689287
2021-06-25,22.65153339688441,0.48027542196957995,0.9153565286991859,21.77791285600636
2021-06-30,22.062644106700198,0.47653830182505147,0.9021748799134325,21.94875160642266
2021-07-06,26.25339128494689,0.4874793997295989,0.9042887879716841,24.5315354135372
2021-07-09,41.59263782964755,0.5324253271017794,0.928730986116111,34.76819686320341
2021-07-14,36.9569608493878,0.5215422626137274,0.9239945166866178,36.08145525491404
2021-07-19,40.47386297698558,0.5185812274026267,0.9106935799998582,38.716899888156966
2021-07-22,42.619972579267774,0.5123635517468768,0.9110805276718824,41.05874350282345
2021-07-27,35.33677557930125,0.5115156339140986,0.9003826777065224,40.60098606894167
2021-07-30,32.985382723867026,0.5124702444182798,0.9123327448617833,39.9917378013357
2021-08-04,33.65763514830637,0.512635940264693,0.9120769810129703,39.48500958909336
2021-08-09,32.26917794911131,0.5014480664517804,0.9009549805742504,38.9077430578948
2021-08-12,45.55914738245196,0.5458375182103054,0.9048428181973915,42.898585652629095
2021-08-17,17.62686409723664,0.4579659634496988,0.8782752230903178,40.8768479281977
2021-08-20,18.303306272959556,0.48059540175704024,0.8786373878434833,39.07096459577865
2021-08-25,20.620236076037855,0.4864036486583469,0.8986619207192372,37.594906314199385
2021-08-30,18.857101619007032,0.4776481088921549,0.9116794156649366,36.095881938584
2021-09-02,16.222859673879853,0.4589971642773415,0.9086997165672626,34.50604015740767
2021-09-08,14.713756841228333,0.4478995272257739,0.90782078714718,32.92265749211332
2021-09-13,17.564253690383403,0.46208825806693654,0.9009734057318516,31.69398518797493
2021-09-16,19.197178016860818,0.4653140023211156,0.8961214578755359,30.694240614285803
2021-09-21,17.67631662086287,0.4611754225687271,0.8938321197840802,29.65280669481197
2021-09-24,29.600328443842685,0.5161217074563219,0.9022560719378128,29.64860843473443
2021-09-29,24.56219052020037,0.5150635617322078,0.8918001025491269,29.24169500157171
2021-10-04,45.82956088137237,0.5513990070488174,0.9021668943394929,39.19441452945211
2021-10-07,54.21010864784604,0.5574123338919762,0.90849039694361,48.20383100048847
2021-10-12,38.80323909351424,0.5329423550662001,0.8996420744353301,47.45178364793054
2021-10-15,29.949664662976552,0.4973018340927031,0.8895945582027935,46.05161412913422
2021-10-20,16.590672474371235,0.4498117163195406,0.8754350932693541,43.694738796753185
2021-10-25,11.388308636271498,0.4005519166415681,0.8785184494331434,41.11022438391465
2021-10-28,8.430740651017041,0.36753415999907724,0.864936174747123,38.495865685282844
2021-11-02,4.967337190353323,0.337171724352882,0.8544767510440819,35.81358340568848
2021-11-05,3.6466021459041333,0.3279756290574394,0.8489426389175162,33.24022490490574
2021-11-10,2.6030140540922826,0.2952375319992732,0.8348532412893693,30.789248036840664
2021-11-15,2.1594755384599207,0.28163703363338294,0.8264335687598577,28.498866236970205
2021-11-18,1.7265731906987491,0.2818071043682493,0.826584050523629,26.35708279326849
2021-11-23,5.616952591293452,0.34879212071596544,0.8365927756679604,24.69787237711049
2021-11-29,7.488789804107236,0.3703245805057079,0.8510574437718705,23.32114577127023
2021-12-02,25.0422093506968,0.47414903813211756,0.8779851414461444,24.353783918926172
2021-12-07,44.498587032296406,0.5103644344710059,0.8860317029345549,36.440665786948315
2021-12-10,48.78724779915827,0.5222043603559404,0.9030449566976738,43.848614994274286
2021-12-15,44.22047038145415,0.518604523115629,0.9005301359552454,44.07172822658221
2021-12-20,48.383906815912354,0.5404138146671933,0.9202583888542631,46.6590353801803
2021-12-23,44.19041732494147,0.5751669686989357,0.9294313596205379,46.461545935761194
2021-12-29,42.477092942772295,0.5248919837393837,0.9212054552332275,46.14278969632208
2022-01-03,30.831290434682046,0.48970178178231255,0.9288506640843271,44.91786975539088
2022-01-06,25.668561969112485,0.4748070902070944,0.9210116729330544,43.37792513248861
2022-01-11,19.731059491205933,0.4559340147291512,0.908928819134525,41.486175881186
2022-01-14,15.88848848155954,0.43590890081712985,0.8991030698665378,39.438360889215886
2022-01-20,7.803092317755589,0.3675444945659427,0.8853650982703576,36.907539403499065
2022-01-25,6.876471908792969,0.35426685463543856,0.8724121001995819,34.505054003922574
2022-01-28,3.994798837413991,0.3262652009633671,0.8609796853638829,32.06423359060189
2022-02-02,3.526918382033169,0.3192186568775912,0.8479309272710074,29.78124837391639
2022-02-07,3.0798906343010253,0.31434164618618127,0.8557520514423034,27.645139754747163
2022-02-10,3.58406697170893,0.32357436276177876,0.8602939057028767,25.720253932104104
2022-02-15,7.403942277153973,0.37028980214244817,0.8801132142861148,24.25494899970809
2022-02-18,8.537428707062034,0.3759424703605629,0.8773676359236279,22.99754737629641
2022-02-24,9.256322190404637,0.3996962893912219,0.8680315714360586,21.89824936142507
2022-03-01,19.175511591085304,0.4697392192019826,0.895303422277838,21.68043033979789
2022-03-04,23.094000925554674,0.4928635040600446,0.9023889694149966,22.52857269125196
2022-03-09,42.29575062187951,0.5376532707518485,0.9259228394388904,34.38887944962849
2022-03-14,34.0832841768703,0.5126486111210872,0.9146724785886873,34.364431827807834
2022-03-17,41.149872058320696,0.5347781174024945,0.9127565669530101,38.43569596611555
2022-03-22,48.883765457386865,0.5447493990318253,0.9196268778458332,44.70453766087834
2022-03-25,49.2831417173495,0.552912923371406,0.9182395665596754,47.45170009476104
2022-03-30,41.96805376827961,0.5255942374472476,0.9063929021731351,47.01300838864252
2022-04-04,26.941673766750235,0.48843938011196586,0.8983426022955519,45.40730161889114
2022-04-07,22.57077412297345,0.47696133370375504,0.9094013896065644,43.58037941921773
2022-04-12,16.691265290003262,0.4660510889622694,0.9099168998430539,41.429250288880574
2022-04-18,4.037224984472646,0.353270541401366,0.8885995528731392,38.43788826452794
2022-04-21,3.6273036814752824,0.34425706285499624,0.8809898888479369,35.65304149788373
2022-04-26,18.461609932096657,0.4519494604530232,0.8940238375739176,34.27772697262076
2022-04-29,26.385111476332106,0.48344994616602166,0.8774535223665226,33.64631773291767
2022-05-04,39.537080955239006,0.5438051705879998,0.894282205839836,37.180775666310474
2022-05-09,72.1864946410605,0.5980147219126651,0.9162011199084056,58.18420705116049
2022-05-12,53.64724438019083,0.5858262559365209,0.9146277252845271,57.82125003748292
2022-05-17,46.00574692058868,0.6168380184979335,0.918773857649741,56.87600978813138
2022-05-20,43.02790918039144,0.607842746962762,0.9198849042183337,55.76816173951218
2022-05-25,44.88408850951506,0.6096665382346257,0.9354503434341276,54.897435881112415
2022-05-31,49.57676253735239,0.5973393967146583,0.9441353303291277,54.47178201361161
2022-06-03,39.30576417469014,0.5461802642517651,0.9363455655943246,53.258500586497895
2022-06-08,47.83680219845434,0.5611540364129538,0.9285673801948224,52.824764715454414
2022-06-13,49.98906830451429,0.6424572314592345,0.9404495794276995,52.59790900257921
2022-06-16,60.978243712618806,0.5942070594433039,0.9281007364436347,57.626109828602964
2022-06-22,72.82612372522347,0.6026283570029222,0.9381920438951434,66.74611816657526
2022-06-27,83.69718620388433,0.6167762316859203,0.9410925739464401,76.91675898896071
2022-06-30,72.96260799367425,0.5950968652999955,0.9385411044448426,76.6004269093378
2022-07-06,56.36343294898407,0.5761247003070344,0.9379280119201685,74.9814673925095
2022-07-11,52.10300067311532,0.5658455970465627,0.9449037675907267,73.15119005495798
2022-07-14,24.7914509815995,0.4925914608291039,0.9308708934817351,69.28241092908931
2022-07-19,23.38611974750741,0.5194238545852906,0.9374158046001647,65.61070763456276
2022-07-22,26.961108090387018,0.5201747949670685,0.9164058623152405,62.518739671028705
2022-07-27,24.29763379771198,0.47397532126603154,0.9085125931039442,59.46105120116337
2022-08-01,20.82067599001697,0.4545945844170982,0.9014346605896477,56.369821184271665
2022-08-04,26.049875108975854,0.4651009391763903,0.9015425942571197,53.944225498248
2022-08-09,19.844573899222013,0.4439086947644082,0.8894229264987888,51.21625337032592
2022-08-12,19.573208219127007,0.4519613035484731,0.8874919932037493,48.68480975823001
2022-08-17,13.180764258696936,0.4269853734199288,0.8873849599485008,45.84448611826737
2022-08-22,25.203351376877983,0.4852767857371911,0.9033120639523593,44.193195338956215
2022-08-25,37.67152310347577,0.5277878180616596,0.9094243327429927,43.67146156011778
2022-08-30,76.57045582527591,0.6216908916860645,0.9246893523017965,63.410858119212655
2022-09-02,82.57535774175629,0.6237352042556539,0.9218466510688753,74.90955789273883
2022-09-08,76.75555604256662,0.6312108749503534,0.9255992458529305,76.01715678263551
2022-09-13,119.52051216174188,0.7019393714060413,0.943766631966456,102.11917001009934
2022-09-16,96.95903135950991,0.6628328694186097,0.9434411200486802,101.70635891805219
2022-09-21,98.45404266878282,0.6713745058859963,0.9410123337326093,101.44617361811065
2022-09-26,73.84335597765455,0.6047484059744599,0.9307824649616305,99.23794820687417
2022-09-29,77.99289298803174,0.6240762207513812,0.9325010239892474,97.53834378936676
2022-10-04,99.55883491213157,0.7116285037738449,0.9505128255254015,98.75063846302565
2022-10-07,98.01721180661136,0.7011630409836183,0.9450679398381634,98.6919643305125
2022-10-12,73.745775080875,0.644661785609345,0.9322285725969792,96.6962691905415
2022-10-17,104.43681201688531,0.7150225798175892,0.9432173076909142,101.34059488634779
2022-10-20,92.16686090989495,0.6783450865794711,0.9356308979029229,100.60669616823157
2022-10-25,105.8630119955943,0.6748855139345178,0.9279833661932516,103.76048566464921
2022-10-28,76.20053682323194,0.6233329294661716,0.9213068478302457,101.55568975733583
2022-11-02,46.20027127011101,0.5914243136314705,0.9074460492525019,97.12725627835785
2022-11-07,24.689733201626147,0.5371222570985075,0.8884784250291283,91.33225443221932
2022-11-10,50.86343183783499,0.5669875159797476,0.9017505361008092,88.09474862466857
2022-11-15,50.071596812710176,0.5331786070865889,0.903303474394099,85.0528964797119
2022-11-18,47.92877038906009,0.5471846003976257,0.9116470440479356,82.08296639245975
2022-11-23,57.455293640058805,0.5718572997544963,0.9204398854160651,80.11275257226768
2022-11-29,59.130477578842935,0.5820059176655981,0.921937480080881,78.4341705727937
2022-12-02,68.56192340842804,0.6059181313245702,0.9230732365284946,77.64439079964446
2022-12-07,71.69328752891592,0.6169466835570508,0.9304814009573789,77.16830253798616
2022-12-12,40.96947976937586,0.5235560020578602,0.897254245944157,74.27239671649734
2022-12-15,54.021817192661224,0.563161931455831,0.9065176998328063,72.65235035459045
2022-12-20,54.80620515899192,0.5690950734827469,0.9022987929725137,71.22465873894258
2022-12-23,54.1005362234122,0.5771822613987294,0.9037365381942093,69.85472893770016
2022-12-29,50.07512346578296,0.5645304102930773,0.9051121043455704,68.27236049994679
2023-01-04,40.23360728752787,0.5323600680671567,0.900534633434214,66.02926024295327
2023-01-09,55.772493514652815,0.5530781990650209,0.9034029385822056,65.20871890468923
2023-01-12,40.83500531060562,0.5233518446854356,0.8962807771780766,63.25882181716255
2023-01-18,32.764148488929905,0.4936411606677848,0.8787008055920451,60.81924795090394
2023-01-23,41.314529833905986,0.5315195940131855,0.8979787868677399,59.25887050154411
2023-01-26,25.77124209930742,0.4809669422276728,0.8754408629806272,56.579860229365174
2023-01-31,19.531678409108434,0.4435175928148675,0.8484208424617212,53.61600568374464
2023-02-03,14.814744153505982,0.4113891853480877,0.8393865572130715,50.511904761325546
2023-02-08,9.465959767700674,0.3811681130645792,0.8501871760577799,47.22822916183556
2023-02-13,12.613053652125057,0.40543773371045233,0.867691530948157,44.45901512105872
2023-02-16,6.886782681628999,0.36570190756063625,0.8445437072809039,41.453236525904344
2023-02-22,10.608339328454319,0.405705042527743,0.8611161827078787,38.98564475010835
2023-02-27,15.329409796503864,0.4314028548267296,0.8668039454053494,37.09314595381999
2023-03-02,7.941007343996244,0.3798598354050314,0.8555332602078836,34.76097486503409
2023-03-07,23.408913209392573,0.46498407784262197,0.8683625255124768,33.85280993258277
2023-03-10,22.699567099288252,0.47368250915496646,0.8894506965034253,32.96055050591921
2023-03-15,11.11503422498905,0.42401903614844,0.9053894266740841,31.2129092034448
2023-03-20,22.743193572934548,0.48956979568548054,0.9190157607831367,30.53533195300398
2023-03-23,27.29177492648274,0.49203672919734953,0.9220834034551189,30.275847390882284
2023-03-28,27.334838934991687,0.49512911296375567,0.9215920561908044,30.040566714411035
2023-03-31,40.03765997309136,0.526024721438188,0.9282491933943429,36.03882266961923
2023-04-05,29.677788643981,0.4922956777432572,0.9204995735736523,35.529939947568174
2023-04-11,23.39278655165159,0.4733947498639761,0.9097809080291567,34.55896767589485
2023-04-14,13.05102074510106,0.4310658464113783,0.8889465954324647,32.83833192143135
2023-04-19,4.406751797968505,0.35474823088662283,0.8588185843875616,30.56380551155432
2023-04-24,1.9065217782680772,0.29783297809416814,0.8556210583198619,28.271222812891423
2023-04-27,6.2804033508269095,0.3512741529587184,0.8600360255317151,26.511957255926262
2023-05-02,6.437084747953813,0.3663930072959959,0.8593101302425687,24.905967455288465
2023-05-05,15.659285656828342,0.43040459189465524,0.87513037395604,24.166232911411655
2023-05-10,17.372563487849092,0.43512725241487327,0.8750814595021856,23.62273935752665
2023-05-15,18.760892465093967,0.4400814039183799,0.8868716470036003,23.233791606132037
2023-05-18,29.512580679818214,0.4910570506121488,0.8972997634113565,27.001065050343744
2023-05-23,24.441426438770648,0.472180286560913,0.8999906673825813,26.796293961417895
2023-05-26,19.39796856707788,0.45023950312035665,0.89761877063751,26.204427929870697
2023-06-01,19.06936036539633,0.45382619731758417,0.8946925250391241,25.63362252471275
2023-06-06,18.032568935322626,0.4377938165325567,0.8955569628393445,25.02553823756154
2023-06-09,16.826101207834526,0.4435805080821451,0.8978894291932651,24.36958327518338
2023-06-14,13.808365053488142,0.42842683360147504,0.9027030828767044,23.524685817447764
2023-06-20,14.711612164598757,0.43437328566409594,0.8974118015552737,22.819639925219846
2023-06-23,20.69247579874267,0.46579754436726367,0.9106454019230524,22.649466795101674
2023-06-28,22.625120419956705,0.47880205852853586,0.8968393322642644,22.647519085090078
2023-07-03,11.104882008086797,0.41799777382022574,0.8726734390303768,21.724108118929816
2023-07-07,11.615339567490262,0.421440030262451,0.8709456596346342,20.915406634814655
2023-07-12,13.511105703740544,0.43543798108693227,0.859936778547504,20.32306256032873
2023-07-17,11.849223646663905,0.41184378882159317,0.8538579490456935,19.645155447235545
2023-07-20,6.01289533531962,0.3534792979033287,0.8649585861680684,18.554574638282272
2023-07-25,2.7752544088122004,0.30723571135253913,0.8653694541801213,17.29222901992467
2023-07-28,2.2573782169741494,0.2965598626511565,0.8521817780037145,16.089440955688627
2023-08-02,3.0069028315972623,0.3027907662774913,0.834016017732822,15.042837905761317
2023-08-07,1.7678269450760178,0.28052647015777166,0.8136262160844063,13.980837028906494
2023-08-10,1.502824230347186,0.27734183347641583,0.8251821601069474,12.98259600502175
2023-08-15,4.2655931674069425,0.3390684164201578,0.8438713284630075,12.285235778012565
2023-08-18,3.358029572354225,0.3155678056270298,0.8348797820669426,11.571059281559899
2023-08-23,5.145962907457313,0.3438457919294004,0.8291408231388927,11.057051571631693
2023-08-28,9.014250803846219,0.3818456964917885,0.8598361212946787,10.893627510208855
2023-08-31,12.976941516116078,0.40419991291274643,0.851928645243662,12.14361591375319
2023-09-06,11.737805031817704,0.40159850956117804,0.8497486862690861,12.11115104319835
2023-09-11,8.54254909969316,0.3911226744426829,0.8437812567654274,11.825662887717934
2023-09-14,4.062708627666054,0.3343633529031039,0.8627934565543601,11.204626546913783
2023-09-19,4.950711316973198,0.3448381885688335,0.8591076434703749,10.704313328518536
2023-09-22,10.49670222950024,0.38234704508227335,0.8635891029652778,10.687704440597072
2023-09-27,8.120795729932574,0.36587420650594565,0.8631500926753329,10.482351743743914
2023-10-02,7.6632694576931435,0.3615614273927257,0.852454537642203,10.256825160859853
2023-10-05,5.036435175534109,0.3410493926496542,0.854135943558316,9.839193962033795
2023-10-10,8.48414611232046,0.37768967649841007,0.8457136218595515,9.730790134056729
2023-10-13,5.668549284496242,0.34674688431992945,0.8391290315530414,9.40581086609189
2023-10-18,9.169268285591023,0.3844345582738522,0.8479454480390617,9.38688745965182
2023-10-23,6.420732633167104,0.35820323880714494,0.8277954003584745,9.149595073533042
2023-10-26,2.437861384878465,0.3009209558524658,0.8158728462065302,8.612656378440677
2023-10-31,4.500091412130366,0.33580187587891774,0.8431946545647393,8.283651181135852
2023-11-03,9.064007525500761,0.3815810495876287,0.8663169812761533,8.751864987754798
2023-11-08,10.523461602300147,0.3822759841171273,0.8747579798820027,9.814822956482008
2023-11-13,10.976326279904068,0.3866144503927965,0.853311853517901,10.511724950535243
2023-11-16,14.766520310924294,0.40996809106314624,0.8577562672553428,13.064602166768672
2023-11-21,13.818125999870658,0.40738405204402456,0.8739028264308525,13.516716466629862
2023-11-27,12.838444757700447,0.4146314064509413,0.8840963631701568,13.462454729915509
2023-11-30,11.796479102733699,0.43375314489849487,0.897836384269584,13.329176679740964
2023-12-05,8.04020735256631,0.39353443406222494,0.8715609677181085,12.906059133566991
2023-12-08,5.245871858438839,0.34843242478813835,0.8634041036112581,12.293244151556738
2023-12-13,2.9128833741472064,0.30537823608717046,0.846433581478769,11.542815289363977
2023-12-18,8.727476915018768,0.3937590811566397,0.8714475272805944,11.317588219416361
2023-12-21,11.352628137001169,0.4175464883448814,0.882599582287402,11.338612169967245
2023-12-27,11.12462100248236,0.4188345682285028,0.8911050562433097,11.321492876568456
2024-01-02,9.557039802230724,0.4167703902600519,0.9117346046230604,11.180336630621438
2024-01-05,9.008210889955446,0.4101189174843825,0.9262101011709362,11.00656657136816
2024-01-10,9.994004815314009,0.4190261076816096,0.9288865036301177,10.925561630883827
2024-01-16,6.375147129684987,0.37354962316874424,0.9031491936122515,10.56152847078792
2024-01-19,8.220787944479905,0.39856089358474744,0.9020322958340619,10.37426922868328
2024-01-24,1.8546315094365,0.30569171990383565,0.9003305292389006,9.692698211143538
2024-01-29,1.453636444414008,0.2877287531793101,0.8852127134099756,9.033573269805176
2024-02-01,2.1948721562824143,0.299340514052276,0.8669879904925357,8.486477180723357
2024-02-06,2.1629300475251543,0.3053471736711629,0.855186339338373,7.980593410067502
2024-02-09,1.5453076050484305,0.2837657632562879,0.8542890064566235,7.465770545665976
2024-02-14,2.672643933565648,0.3076213717304219,0.8571382086839766,7.08232041669795
2024-02-20,2.2800083570899674,0.3025377562160416,0.8452627788359176,6.6981354519293115
2024-02-23,3.6090255183638016,0.3187066783240561,0.8461182214670223,6.451006657244071
2024-02-28,6.064649934065278,0.3523631296892529,0.8487995869826628,6.420098119389769
2024-03-04,4.08074770385665,0.31976666100488876,0.8369723897479043,6.232950086147119
2024-03-07,2.2276524376006206,0.2895704415584564,0.8381259370021967,5.9125262742634
2024-03-12,1.6372329279293898,0.2769237337262105,0.8410200078358816,5.5705028065566795
2024-03-15,0.49732205830019727,0.23118948850767146,0.8244247581502945,5.164648346696161
2024-03-20,0.7686901541928269,0.2486831610662372,0.8350655524739983,4.812971691295895
2024-03-25,0.9836609008221792,0.25181962495984717,0.8240620064236225,4.506626828057998
2024-03-28,2.1545398325040925,0.28324398725220357,0.8287268163067689,4.318459868413686
2024-04-03,3.409521840000779,0.3072266207673275,0.8307659567648905,4.245744826140653
2024-04-08,6.7821349467385454,0.347046478158442,0.8391313283337649,5.767578898499389
2024-04-11,10.218686156077588,0.38168264957730086,0.8376260775092987,8.43824325304631
2024-04-16,8.544567152783936,0.38571988949964825,0.8466533223648638,8.502037592888886
2024-04-19,5.826499734206453,0.36266935828226016,0.8349290979044266,8.287994564194292
2024-04-24,6.5636199131090995,0.3809593299921996,0.8453021361425799,8.150044592107477
2024-04-29,4.380534898581742,0.33166017318485835,0.8260193589021312,7.848483816625419
2024-05-02,2.8511766639610028,0.3027032654962241,0.8085098254790091,7.448699244412266
2024-05-07,3.6893257173891456,0.3134750741367412,0.7956050379087661,7.147949362250417
2024-05-10,1.5706545542828918,0.2694217126889636,0.800629910791676,6.701765777613015
2024-05-15,1.5723077820412477,0.2670196294439924,0.8127590328873417,6.291409137967274
2024-05-20,2.3581960290484303,0.28546797943635366,0.8103151758953521,5.976752089253766
2024-05-23,4.0897702471875705,0.32070810109639597,0.8289005334244364,5.825793541888471
2024-05-29,4.675078666279845,0.3284843953515415,0.8251005020612838,5.733736351839781
2024-06-03,8.2338929784152,0.3643153799679264,0.8632731187421339,7.233830327785032
2024-06-06,5.2495205386897466,0.34160649381586855,0.858068202381502,7.0750855446574095
2024-06-11,3.976400965768245,0.33313434466274633,0.8535115247332079,6.827190778346276
2024-06-14,3.841676569758115,0.33685441918573983,0.8681914198402713,6.5883496416592235
2024-06-20,5.2552174344380145,0.35528223933370007,0.876450173809109,6.481699065081527
2024-06-25,3.973664837918077,0.3375132613421472,0.8693531235908935,6.281056326908451
2024-06-28,2.967097286453217,0.3118030902597948,0.8747232285230307,6.015939603672032
2024-07-03,1.3978923290440164,0.2704614819632482,0.8638090790896489,5.646495821701791
2024-07-09,1.248193881573099,0.2734464701951838,0.8752785288099568,5.294631666491496
2024-07-12,1.2365197210017658,0.2716206639192807,0.8704169298984294,4.969982710852317
2024-07-17,2.0825316003458263,0.29467515442660364,0.8775890018295843,4.738986622011798
2024-07-22,3.4507815795044583,0.3155764723872005,0.8759986600033527,4.635930218611211
2024-07-25,1.1267336889556725,0.28081439668657765,0.868899794902895,4.355194496238768
2024-07-30,1.48791908424528,0.2864166556131481,0.8488673880421544,4.125812463279289
2024-08-02,8.284869424822311,0.3694119651187237,0.885253325860846,6.6212466402051025
2024-08-07,10.090276845973465,0.38956194466823635,0.8740755686197681,8.702664763666121
2024-08-12,14.853052193074717,0.42486203057393324,0.8920693147621407,12.39289722131128
2024-08-15,19.910929503669866,0.45296296382857654,0.8986766992143029,16.903716590726432
2024-08-20,25.78137809715112,0.48128569622530076,0.9100344493525552,22.230313494581246
2024-08-23,32.21097929834367,0.5079309681879414,0.929266198834007,28.218712976838702
2024-08-28,38.626642590472834,0.5254430617439388,0.9396480666446093,34.46347074501918
2024-09-03,20.278492832794775,0.4502143204653902,0.9066746561840832,33.32867251204123
2024-09-06,20.21064725779813,0.4595179655079535,0.9060911114525269,32.27923049170178
2024-09-11,18.192824041529658,0.43956333485222665,0.9063820237908553,31.152317975688014
2024-09-16,14.226043322797874,0.41356737604095256,0.8929895375160725,29.798216003456805
2024-09-19,12.573496619177563,0.42135104574684296,0.8966555062901362,28.420238452714464
2024-09-24,7.968150968856921,0.3876329692150723,0.8795631295866895,26.78407145400586
2024-09-27,6.445544768820863,0.36490846822606887,0.8700604771982935,25.156989319191062
2024-10-02,3.6227475773600997,0.3253568639776459,0.8495216907917044,23.434249979844587
2024-10-07,1.846387549576687,0.2944793140811608,0.8493912048581151,21.707220985423156
2024-10-10,3.7370028981286536,0.33033228949116267,0.8441350764205902,20.269603538439597
2024-10-15,3.7247270398042875,0.33416658790373627,0.8603232191023029,18.946013418548773
2024-10-18,3.055434202699007,0.31669575538407907,0.860769189885842,17.674767081280795
2024-10-23,4.153471855741429,0.33178541442246656,0.8492919567230185,16.593063463237648
2024-10-28,3.055857782616485,0.3177872315633611,0.8227804673148544,15.510087008787956
2024-10-31,2.884826005791978,0.3092140915398773,0.8268190688041434,14.500066128548278
2024-11-05,2.7559022518149856,0.30828659504386874,0.8315239750132057,13.560533018409616
2024-11-08,8.657612823616901,0.3829955475812322,0.8828832126868846,13.1682994028262
2024-11-13,10.4487270629188,0.4034215766968905,0.8822207503075207,12.950733615633608
2024-11-18,7.447484365145251,0.39362521457919225,0.8699607855626873,12.51047367559454
2024-11-21,10.490913825518701,0.40050935858010084,0.8827648404946269,12.348908887588474
2024-11-26,11.33637590384838,0.4042124419247341,0.8804075961986625,12.267906248889267
2024-12-02,14.56811673403868,0.417465096562496,0.8965457212392969,13.648032539978914
2024-12-05,2.3089481883430256,0.2900180375551455,0.8190211367946157,12.740905791848043
2024-12-10,2.2212964977580874,0.2852767363521034,0.8176144378283388,11.899337048320847
2024-12-13,1.897848034952375,0.28278612116875723,0.8346264850990367,11.099217927251368
2024-12-18,8.367776516422316,0.37569084821872556,0.8546666057231529,10.880702614385044
2024-12-23,8.725317910090203,0.3679830070977574,0.857444015646262,10.708271838041458
2024-12-27,13.354258475658055,0.4077597453775858,0.8900871005462879,12.295863820611416
2025-01-02,14.630266116721486,0.42504696386837343,0.900951204628233,13.696505198277459
2025-01-07,17.175794136537693,0.442689864413607,0.8873904148371431,15.7840785612336
2025-01-13,30.12857494354269,0.4969066610749594,0.8942589006110888,24.390776390619056
2025-01-16,30.038903666496896,0.4927338400479066,0.9076350831073741,27.77965275614576
2025-01-22,9.005654676163443,0.3876293965083561,0.8950216145325283,26.277732909747176
2025-01-27,3.274575101097133,0.33979318397231273,0.8971771617889319,24.437480285055173
2025-01-30,2.01911763403214,0.3032813132237736,0.8861642972628347,22.644011272973334
2025-02-04,2.3504323659502395,0.308402899245239,0.862658581923098,21.020524960411485
2025-02-07,2.3267239740969488,0.31213087445787613,0.8564239406145372,19.52502088150632
2025-02-12,1.068191420754817,0.2787154254206919,0.846939278085659,18.048474524646203
2025-02-18,1.2664469976799162,0.27426642190473327,0.8525349048285061,16.705912322488903
2025-02-21,1.6061125358047468,0.29087219636556244,0.861459493700301,15.49792833955417
2025-02-26,2.099170819486242,0.2842799680864177,0.8490739437881688,14.426027737948736
2025-03-03,4.199820527194677,0.31850574642012963,0.8353662494213713,13.607931161088413
2025-03-06,6.405848362399399,0.3733983348667468,0.8672787530670124,13.031764537193292
2025-03-11,5.145290775160802,0.3732836429743362,0.8767719673837963,12.400846636230693
2025-03-14,7.373532903142749,0.3990164841722515,0.8955866771574352,11.998661537583658
2025-03-19,9.686425428365652,0.41506700824728765,0.8995443074239211,11.813682648846218
2025-03-24,12.233160421466,0.432623290796478,0.9093605733565837,12.065369312418087
2025-03-27,13.52676595075594,0.4363013985862525,0.9026068736035995,12.942207295420799
2025-04-01,9.902354445023354,0.4381247966305692,0.8974343735233656,12.699019067389003
2025-04-04,82.51372177530185,0.6412027773084098,0.9591229145021081,54.58784069213671
2025-04-09,120.60536776223411,0.7143097158636487,0.9697980180646288,94.19835693419515
2025-04-14,142.30221417794007,0.7173300671533037,0.9685596401533919,123.0606712804421
2025-04-17,70.32062207486717,0.7196480213226912,0.9657783114499461,118.84146734399611
2025-04-23,67.08691012545269,0.7254227519622326,0.9663289110043223,114.70110276651263
2025-04-28,67.73842174996295,0.7227969917617276,0.9619491771749495,110.94408828518866
2025-05-01,66.32361233410936,0.7172237459711518,0.9657682150373108,107.37445020910232
2025-05-06,83.48218267314103,0.6994861675451572,0.9544679666916893,105.46306880622542
2025-05-09,22.913763962570158,0.47262210539653277,0.882999888654735,98.859124418733
2025-05-14,34.03043071553748,0.5503419516377784,0.9083984549898642,93.67282892247736
2025-05-19,27.291401600718828,0.504068755662187,0.907282019283078,88.36231473673669
2025-05-22,30.742861646533225,0.5105856753273182,0.9191224980630813,83.75275848952042
2025-05-28,38.17491980640719,0.5403086404509596,0.9253953928224917,80.10653139487135
2025-06-02,35.4685747851175,0.5330192985118523,0.9262699081708545,76.53549486609104
2025-06-05,39.478545562380866,0.5510826423765389,0.9349286577909597,73.57093892179424
2025-06-10,13.424398284624818,0.4375759659290795,0.9146470345667895,68.7592156708207
2025-06-13,19.84798413816389,0.4546223722076566,0.8907341922303277,64.84631714820816
2025-06-18,22.442944987136094,0.4665540744505317,0.8882345633786849,61.454047375322396
2025-06-24,15.296319248734411,0.43770648386438493,0.8866488647432641,57.761429125195356
2025-06-27,7.134388367598447,0.37898054343736715,0.8924910934060941,53.71126586458761
2025-07-02,6.775745431600799,0.3696060275926159,0.8883143640169955,49.95642422994867
2025-07-08,4.520966273854152,0.3559581198146675,0.8874300122583624,46.3215875934611
2025-07-11,6.080925614772066,0.3764034831146643,0.9036528598011965,43.10233463516598
2025-07-16,3.4820570137769544,0.3441168428334917,0.8774509119067576,39.93271242545486
2025-07-21,2.051270013884834,0.307687416957252,0.859650063532864,36.90219703252926
2025-07-24,2.3456207491088383,0.29371801258448005,0.8411675386664728,34.13767092985563
2025-07-29,2.0102837884090636,0.2830753455934054,0.8356138169946694,31.567479958539906
2025-08-01,1.9345548918389233,0.2792989609148108,0.8156810247137098,29.19684595320383
2025-08-06,2.5078109571322433,0.2919194675382433,0.8004663472251425,27.061723153518106
2025-08-11,2.528866172143271,0.2886070789585342,0.8061271548823378,25.09909459500812
2025-08-14,3.5290993174129404,0.3197103317427484,0.8405875742122599,23.373494972800504
2025-08-19,3.1809124440888743,0.3184131440650912,0.8579919279937245,21.758088370503575
2025-08-22,7.779781914598916,0.3735956152860429,0.8674009184076059,20.639823854031203
2025-08-27,10.613063947958272,0.39758084579084957,0.8767667996776687,19.83768306154537
2025-09-02,7.222157522192943,0.3609602776378977,0.8620839464834228,18.82844101839718
2025-09-05,6.888934459619004,0.37196328303121,0.8574487183682614,17.873280493694928
2025-09-10,4.308976364067176,0.32988020192068285,0.9036985146267786,16.788136163324708
2025-09-15,4.4932908170374475,0.34111365357075707,0.9107352097168661,15.804548535621727
2025-09-18,4.271689095954825,0.33817550257249457,0.9142274525494929,14.881919780448376
2025-09-23,1.5298672619589357,0.27912191096051,0.9092585899728035,13.813755578969221
2025-09-26,1.3962292546675346,0.2707705085954255,0.9092397819225787,12.820353473025087
2025-10-01,1.0752351307843984,0.2592679110542223,0.906733714183336,11.880744005645832
2025-10-06,0.6630160062240239,0.2450426338918862,0.9072393437708604,10.983325765692088
2025-10-09,0.4748885946654062,0.2320220333044143,0.8646461938088588,10.142650792009954
2025-10-14,3.2358578769848494,0.3154964627885821,0.8849211707710494,9.590107358807947
2025-10-17,2.784924158497679,0.3073335502829207,0.8557899114646366,9.045692702783125
2025-10-22,3.7410257690684796,0.32318397662670445,0.8567178049722867,8.621319348085953
2025-10-27,3.9621489851979876,0.3263407312337687,0.8463232763220406,8.248585719054915
2025-10-30,4.112122157198818,0.3268054382666148,0.8387655194141671,7.917668634106428
2025-11-04,3.767722039472162,0.3183089766344904,0.8284735177351303,7.585672906535687
2025-11-07,1.1632235705401168,0.25280870625679436,0.8044154526985131,7.071876959656042
2025-11-12,1.4759010121832712,0.2764806095205763,0.8171099921060196,6.62419888385822
2025-11-17,1.5637750619657647,0.2741949837164958,0.8084964360685742,6.2193649781068245
2025-11-20,1.8957958310080096,0.2863026312827174,0.8062001702529058,5.873479446338919
2025-11-25,4.22542858750045,0.33156427223814977,0.8208238468642652,5.741635377631842
2025-12-01,4.285117743885807,0.3403069481955434,0.8324636679689228,5.625113966932159
2025-12-04,4.564245868287931,0.3423638494554587,0.8483524007470171,5.540244519040621
2025-12-09,4.277809891063908,0.3388430301021218,0.839874070836623,5.439249748802484
2025-12-12,5.323040679534935,0.3316016249944512,0.8323519752225312,5.429953023261081
2025-12-17,3.638363950464139,0.31119910767084435,0.8339170994794126,5.286625897437326
2025-12-22,1.6450709384677429,0.27872920232566706,0.8437857185037828,4.995301500719759
2025-12-26,1.7734769631050091,0.28322797807453814,0.8608594233456291,4.73755553771058
2025-12-31,2.731866569403181,0.3044319976059983,0.8698303092982984,4.577100420245988
2026-01-06,3.1349661441972034,0.30632937909132796,0.8737764443325988,4.461729678162086
2026-01-09,5.487776892372184,0.34067457565614107,0.9001501494655048,5.0773580066881445
2026-01-14,3.1360111161301236,0.31577396426265086,0.8919993851777884,4.922050255443503
2026-01-20,2.974757846509472,0.30670099052777644,0.8826774822641309,4.766266862728781
2026-01-23,3.088348866403728,0.307758257323428,0.888360161366489,4.6320334230227775
2026-01-28,2.026339729658296,0.2829692703673095,0.8747615149135504,4.42357792755362
2026-02-02,1.7270971605046477,0.28147412175751046,0.835082020737209,4.207859466189702
2026-02-05,1.1314138609211972,0.2618727749365243,0.830839405205416,3.961743817768222
2026-02-10,1.9319867463358251,0.285370514086399,0.8387068621140363,3.79936325205363
2026-02-13,3.388439326264733,0.3176178391897804,0.840676928206885,3.766489337990518
2026-02-19,2.612950012160156,0.3010244625126593,0.8199319278321936,3.67420619192409
2026-02-24,3.1239488494056125,0.32268868858420097,0.8311118032796272,3.6301856045226115
2026-02-27,5.3840160759449,0.3491761308378546,0.8566057423122743,4.682483887375985
2026-03-04,7.44569186179199,0.3761062965956824,0.8758822874271657,6.340408672025588
2026-03-09,7.237056464202426,0.37990837261632443,0.8617629980898494,6.87839734733169
2026-03-12,7.361263517776686,0.38125837156430226,0.8739744876153636,7.1681170495986875
2026-03-17,6.250909399347495,0.37537722283244196,0.8712520764506997,7.094740437578592
2026-03-20,6.947527596839459,0.36488640336843636,0.870997765459629,7.082963410319461
2026-03-25,5.377067527107897,0.3518023697565675,0.8676948555285243,6.9464917396625365
2026-03-30,8.719190223020993,0.3780116510543184,0.8658080886908499,8.010110829677611
2026-04-02,19.49382143975007,0.4453516325695468,0.8959586243197186,14.900337195721086
2026-04-08,44.187437334925605,0.5292808836914201,0.9188556917766932,32.47259727924379
2026-04-13,35.46366551536426,0.5050618509366172,0.9192737483446088,34.26723822091608
2026-04-16,20.26705704956252,0.44610980280080864,0.9001606201138946,33.147223727207795
2026-04-21,24.41979048499477,0.4681201591142183,0.8964288672021868,32.44902906783076
2026-04-24,13.35142549436048,0.4213366331558206,0.8900650041450295,30.921220781953135
2026-04-29,8.736362051590955,0.3840015460931824,0.8833938367688656,29.14643208352416
2026-05-04,9.544127713555717,0.39357981427944533,0.8662384697464787,27.578247733926688
2026-05-07,2.3540081233823478,0.3039535991958597,0.8522960489324519,25.56030856508314
2026-05-12,2.132780605057845,0.2949927603646772,0.8531385004048637,23.68610632828112
2026-05-15,1.4852209922134152,0.27822748230987765,0.8546379104472597,21.910035501395704
2026-05-20,2.3780686602882297,0.29961254138406146,0.8620417260838662,20.347478154107108
2026-05-26,3.1144623438553025,0.3147946738442199,0.8477655090455567,18.968836889286965
2026-05-29,1.8412847133115924,0.2834154230627999,0.8512601764673218,17.598632715208936
2026-06-03,1.1956755514875927,0.27501380571269396,0.8725961095388945,16.28639614211123
2026-06-08,1.7231985519654036,0.2842462765244319,0.8781405367045295,15.121340334899564
2026-06-11,3.833267128326705,0.3255057085947501,0.89087947697227,14.218294478373736
2026-06-16,3.0410012627227236,0.3190573805221944,0.9025222871343052,13.324111021121656
2026-06-22,1.707365936327476,0.29863454580458076,0.8992725015883303,12.394771414338122
2026-06-25,1.9912786925515717,0.3016793452914862,0.8972148154111168,11.562491996595199
2026-06-30,2.56655190708789,0.3114639113887745,0.8899782790168249,10.842816789434615
2026-07-06,2.358660181839388,0.30869091029574103,0.8874021128112326,10.164084260826996
2026-07-09,2.639404921832061,0.31956434747941725,0.8685598100534423,9.5621099137074
2026-07-14,2.1013894636263815,0.3076803485913009,0.8871427514188968,8.96525227770092
2026-07-17,2.2350518848015293,0.31066784826292865,0.8707861865270763,8.42683624626897
