date,Omega,Gini_pressure,Omega_memory
2000-02-01,0.0439885677381202,0.5041224675510553,0.0439885677381202
2000-02-04,0.0242497113569384,0.5883177712790151,0.042409459227625665
2000-02-09,0.0189903608395449,0.5435331583609374,0.04053593135657921
2000-02-14,0.0184767817519904,0.5005968581003144,0.03877119938821211
2000-02-17,0.021704767906331,0.6071340218681441,0.03740588486966162
2000-02-23,0.0301876883432102,0.6309680961368505,0.03682842914754551
2000-02-28,0.0217530119770539,0.6530069779982314,0.03562239577390618
2000-03-02,0.0222737416252781,0.6556072652291512,0.03455450344201594
2000-03-07,0.0462042957994688,0.6674509431343169,0.04154437885648766
2000-03-10,0.0294965254686255,0.6434189630164566,0.04058055058545869
2000-03-15,0.0494129008832782,0.6563437790249006,0.04587996076415039
2000-03-20,0.0453942053828526,0.6449749052701623,0.04584110033364658
2000-03-23,0.1050615945048368,0.5357226762828723,0.0813733968363607
2000-03-28,0.1026052175021382,0.5374558524925114,0.0941124892358272
2000-03-31,0.1091021219214257,0.5085318908247602,0.1031062688471863
2000-04-05,0.1097784930058209,0.5038489726279127,0.10710960334236705
2000-04-10,0.1912864526580961,0.4111170577456877,0.15761571293180449
2000-04-13,0.1793389701176805,0.4413824776606393,0.17064966724333008
2000-04-18,0.4583850517421429,0.34793334468555,0.34329089794261775
2000-04-24,0.4750514129127957,0.314211678191687,0.4223472069247245
2000-04-27,0.492482341388549,0.2919539202690658,0.46442828760301924
2000-05-02,0.543265185447411,0.3263834017702995,0.5117304263096543
2000-05-05,0.3571022906762837,0.3456035109617953,0.49936017545898465
2000-05-10,0.329875970291183,0.3829539529971896,0.48580143904556056
2000-05-15,0.0200375067699994,0.6652499040652512,0.44854032446351566
2000-05-18,0.0303259004679884,0.4714675302002959,0.4150831705438735
2000-05-23,0.0199958822258521,0.561277240649321,0.38347618747843176
2000-05-26,0.0173208101033621,0.5259889164462694,0.3541837572884262
2000-06-01,0.0386838023779077,0.4587484810218298,0.32894376089558475
2000-06-06,0.0150128359927101,0.4388162436249288,0.3038292869033548
2000-06-09,0.0207360439705597,0.4844864362005966,0.2811818274687312
2000-06-14,0.0140210493346421,0.4737086430315171,0.2598089652180041
2000-06-19,0.0039789766485,0.390648348422785,0.23934256613244378
2000-06-22,0.0054804436289091,0.4006508640724788,0.220633596332161
2000-06-27,0.0109697012318909,0.3441521874634184,0.2038604847241394
2000-06-30,0.008140203915271,0.4281656648581076,0.18820286225942992
2000-07-06,0.0112050265281142,0.3918509921749864,0.17404303540092467
2000-07-11,0.0402258722224269,0.3881300944441398,0.16333766234664485
2000-07-14,0.0821357939840485,0.3481048807947062,0.15684151287763715
2000-07-19,0.0410428657383867,0.3733987920366716,0.1475776211064971
2000-07-24,0.0141737406151588,0.3907340160656578,0.13690531066719006
2000-07-27,0.0104060284677288,0.3660376338163461,0.12678536809123317
2000-08-01,0.0178812352851967,0.4335147766328965,0.11807303746675026
2000-08-04,0.0204392503902106,0.5044376392671263,0.11026233450062708
2000-08-09,0.0189310044317887,0.520701426457859,0.10295582809512002
2000-08-14,0.0159409866611569,0.4978676684864697,0.09599464078040297
2000-08-17,0.0117288302189691,0.513959050423609,0.08925337593548827
2000-08-22,0.0273142215748902,0.4661112498667087,0.08429824358664043
2000-08-25,0.0141968655089303,0.3313215262825687,0.07869013334042362
2000-08-30,0.0018841330224432,0.4362076347437598,0.07254565331498518
2000-09-05,0.0045986753994075,0.4049901808292117,0.06710989508173897
2000-09-08,0.0169205756726674,0.4104370495368279,0.06309474952901324
2000-09-13,0.0194467511110783,0.3771669398652748,0.05960290965557845
2000-09-18,0.0163425717489802,0.3351860665174783,0.05614208262305059
2000-09-21,0.0184671490258819,0.3687705984400751,0.053128087935277096
2000-09-26,0.0043492709816544,0.3459441345327801,0.049225782578987284
2000-09-29,0.0072127887665087,0.4190587512064332,0.045864743073989
2000-10-04,0.0080049089938861,0.3840822436824834,0.04283595634758077
2000-10-09,0.0198709559985636,0.4093378515541565,0.0409987563196594
2000-10-12,0.02716035042445,0.5356105787860429,0.03989168384804265
2000-10-17,0.044152167449826,0.5402140914617776,0.04244797400911266
2000-10-20,0.1001999406280642,0.5613917385327701,0.07709915398048359
2000-10-25,0.0764664995195299,0.5662452224520143,0.0770485416236073
2000-10-30,0.1447881839570965,0.5583143052449502,0.11769232702370082
2000-11-02,0.0901713930136525,0.5607079324711197,0.11549065230289696
2000-11-07,0.0989877492114101,0.5520701939702706,0.11417042005557801
2000-11-10,0.0372020628339058,0.577154679087143,0.10801295147784425
2000-11-15,0.0355703756754863,0.6375852459028132,0.10221754541365562
2000-11-20,0.0146642732834302,0.6036631166565812,0.0952132836432376
2000-11-24,0.0304272447815793,0.5713482511544875,0.09003040053430493
2000-11-29,0.0486530595977902,0.434683990007719,0.08672021325938375
2000-12-04,0.0853349129892494,0.5557166602603565,0.086609389237773
2000-12-07,0.0460223436403084,0.5203220122426674,0.08336242558997585
2000-12-12,0.0668998684358074,0.5052773152255589,0.08204542101764238
2000-12-15,0.0451816801563736,0.4220804711743712,0.07909632174874089
2000-12-20,0.0756923532684249,0.4578677295697724,0.0788240042703156
2000-12-26,0.0231029517982994,0.4274455349325615,0.07436632007255431
2000-12-29,0.0117577585859192,0.3857358808679978,0.0693576351536235
2001-01-04,0.1195372377298344,0.4381760111754025,0.09946539669935005
2001-01-09,0.1299646568633312,0.4784217439190675,0.11776495279773874
2001-01-12,0.1594133689599528,0.4238678234043601,0.1427540024950672
2001-01-18,0.1343484091771803,0.4766032536006066,0.14208155502963626
2001-01-23,0.0976524112703022,0.4995333934030717,0.13852722352888955
2001-01-26,0.1889166531342766,0.5273304386445342,0.1687608812921218
2001-01-31,0.0267070061616401,0.4617342905143703,0.15739657128168327
2001-02-05,0.0208988748640032,0.4030285728545694,0.14647675556826886
2001-02-08,0.0184029967751634,0.433408323803972,0.13623085486482042
2001-02-13,0.0101077044466494,0.5298839971592386,0.12614100283136676
2001-02-16,0.0142853654260375,0.3449983097773685,0.11719255183894042
2001-02-22,0.0208999901046382,0.3638605373933106,0.10948914690019625
2001-02-27,0.033751436023868,0.35321195624222,0.10343013003009
2001-03-02,0.0514988644790995,0.3709291512072284,0.09927562878601076
2001-03-07,0.1049226978291765,0.4938278929236697,0.1026638702119102
2001-03-12,0.1388199857424457,0.5225204097855938,0.12435753953023149
2001-03-15,0.2715475294688066,0.5281059703707462,0.21267153349337656
2001-03-20,0.2887516467110944,0.4842953627489967,0.25831960142400723
2001-03-23,0.2836592624689645,0.431093992941831,0.2735233980509816
2001-03-28,0.2912058711224335,0.3559948249613743,0.2841328818938528
2001-04-02,0.2183929185903486,0.4330146393516817,0.2788736848295725
2001-04-05,0.2018900628261645,0.4701674665935558,0.27271499506929986
2001-04-10,0.3769411250835112,0.474992570188776,0.33525067307782663
2001-04-16,0.2846731659865503,0.4867209965022265,0.33120447251052454
2001-04-19,0.1628874456857458,0.517087893433389,0.3177391103645422
2001-04-24,0.1186677831460341,0.5396377116058537,0.3018134041870616
2001-04-27,0.1044765483001902,0.5779428730558112,0.28602645571611185
2001-05-02,0.0457883094125603,0.4541475420552583,0.26680740401182773
2001-05-07,0.0291501007375616,0.4503096483794037,0.24779481974988646
2001-05-10,0.0172929686495742,0.4660420371094362,0.2293546716618615
2001-05-15,0.0130932890712191,0.5170643117435769,0.21205376105461013
2001-05-18,0.0093339771705025,0.6567883521984191,0.19583617834388153
2001-05-23,0.0217281455871302,0.5819497179448394,0.18190753572334142
2001-05-29,0.0127348304483736,0.4013479614009467,0.168373719301344
2001-06-01,0.0299721462950964,0.3212118521062844,0.1573015934608442
2001-06-06,0.0515130101615698,0.4167030382862827,0.14883850679690228
2001-06-11,0.0446029388942547,0.4268491583198924,0.14049966136469047
2001-06-14,0.0159551146173125,0.5343839363254974,0.13053609762490026
2001-06-19,0.0176775112982125,0.6558087222812485,0.12150741071876524
2001-06-22,0.0191005964553407,0.624395372699768,0.11331486557769128
2001-06-27,0.0168828792596249,0.7439345494111718,0.10560030667224597
2001-07-02,0.017713903554706,0.6118630652511811,0.09856939442284278
2001-07-06,0.0270170625197445,0.5849557427899165,0.09284520787059491
2001-07-11,0.0374165673490375,0.5513123405073969,0.08841091662887032
2001-07-16,0.0263977479954872,0.5456451822431452,0.08344986313819967
2001-07-19,0.0474817349182703,0.539974321989286,0.08057241288060532
2001-07-24,0.0504820386927521,0.5894875774396073,0.07816518294557706
2001-07-27,0.0539030506231262,0.4849621929412516,0.076224212359781
2001-08-01,0.0625786230604517,0.4941232407186141,0.07513256521583467
2001-08-06,0.0282802585560005,0.445624631615468,0.07138438068304793
2001-08-09,0.0138613179957518,0.5861440715472132,0.06678253566806425
2001-08-14,0.0187948704831501,0.4451435091409805,0.06294352245327112
2001-08-17,0.0250796664089664,0.4349567817825165,0.059914413969726736
2001-08-22,0.0430107253016432,0.4582024012132059,0.05856211887628006
2001-08-27,0.0448236391851677,0.5068664200065478,0.057463040500991075
2001-08-30,0.0407006565092223,0.592475094391703,0.05612204978164957
2001-09-05,0.0469336563357544,0.578355193778602,0.055386978305977955
2001-09-10,0.2277001280514246,0.432633227054034,0.15877486815324593
2001-09-19,1.1765745386389197,0.3202776796272233,0.7694546704446501
2001-09-24,0.830390648226275,0.4779278433899551,0.806016257113625
2001-09-27,0.88644095940792,0.4642962296177209,0.854271078490202
2001-10-02,0.877441075274454,0.4558983434769614,0.8681730765607532
2001-10-05,0.8644582825149466,0.4557811289343653,0.8678758930370887
2001-10-10,0.839684126033184,0.439686788738265,0.8656205516767763
2001-10-15,0.0873577796154933,0.3857920180741632,0.8033595299118738
2001-10-18,0.0477564782355299,0.4379278277950131,0.7429112857777663
2001-10-23,0.0364040019009994,0.6015971015891154,0.6863907030676251
2001-10-26,0.0549761439037858,0.5236865487467895,0.635877538334518
2001-10-31,0.1600092131278085,0.4412101626053898,0.5978080723179813
2001-11-05,0.1424523919016697,0.4114170649881492,0.5613796178846764
2001-11-08,0.0957913538230174,0.4522210381059864,0.5241325567597437
2001-11-13,0.0932592698892839,0.4769904774048662,0.48966269381010696
2001-11-16,0.0820896521327149,0.4209129169210459,0.4570568504759156
2001-11-21,0.1014218509945787,0.4513388258250503,0.42860605051740863
2001-11-27,0.043501004563863,0.4723005646442536,0.397797646841125
2001-11-30,0.0435005286043332,0.4954084516124494,0.36945387738218166
2001-12-05,0.024458383001772,0.5785236121299391,0.3418542378317489
2001-12-10,0.0292359589276272,0.572297237545809,0.3168447755194192
2001-12-13,0.0233747987355047,0.4732111213022834,0.29336717737670603
2001-12-18,0.01401692593207,0.5634954042814716,0.2710191572611352
2001-12-21,0.0157124990326639,0.5323014662172189,0.2505946246028575
2001-12-27,0.0180107482042183,0.5361861923674496,0.23198791449096634
2002-01-02,0.0154154111951501,0.5424701604434732,0.21466211422730105
2002-01-07,0.0140896057407604,0.5205787538067213,0.1986163135483778
2002-01-10,0.0097284106654282,0.5732849179564197,0.18350528131774185
2002-01-15,0.0145733347644551,0.553962827150715,0.16999072559347891
2002-01-18,0.0118425541327909,0.4635933600438884,0.15733887187662388
2002-01-24,0.0169900430529506,0.5175693644949805,0.14611096557073
2002-01-29,0.0347030294429897,0.5544262813975813,0.13719833068051077
2002-02-01,0.0669841257674756,0.5656722543126088,0.13158119428746798
2002-02-06,0.1430964779013652,0.5894562864497611,0.13849036445580631
2002-02-11,0.0945133997740578,0.5723164602483786,0.13497220728126644
2002-02-14,0.1099342432851356,0.5069183679617864,0.13296917016157597
2002-02-20,0.1561854560078483,0.5259258104500137,0.14689894166933937
2002-02-25,0.1507257211402861,0.528918678618576,0.1491950093519074
2002-02-28,0.0741603445707352,0.5438101495670624,0.14319223616941365
2002-03-05,0.047023237889418,0.5327107621514988,0.13549871630701402
2002-03-08,0.0397017980354787,0.5060999438867589,0.1278349628452912
2002-03-13,0.0629197014234777,0.4764818357436736,0.12264174193154612
2002-03-18,0.0448077633695845,0.4597417678724954,0.11641502364658919
2002-03-21,0.0112983491927578,0.329126234822023,0.10800568969028268
2002-03-26,0.0036822117228921,0.3438504995729993,0.09965981145289145
2002-04-01,0.007296498655478,0.3774275376540794,0.09227074642909838
2002-04-04,0.0099974899755919,0.548833155405232,0.08568888591281786
2002-04-09,0.0182854235507348,0.576193307533952,0.08029660892385121
2002-04-12,0.0483449148171841,0.4915276442452223,0.07774047339531785
2002-04-17,0.0804769426863968,0.3577768983889396,0.07938235496996522
2002-04-22,0.1332101996869513,0.3582746914638269,0.11167906180015687
2002-04-25,0.1744936044509538,0.3826149821937146,0.14936778739063503
2002-04-30,0.2000485480260223,0.4836761679420244,0.17977624377186738
2002-05-03,0.1033574423515011,0.5097586132172978,0.17366273965823809
2002-05-08,0.1057202416730718,0.5193329408997326,0.1682273398194248
2002-05-13,0.064382994165436,0.551609970231267,0.15991979216710572
2002-05-16,0.0746592727822871,0.4906457875810744,0.15309895061632026
2002-05-21,0.0577727237902046,0.4984753689387283,0.145472852470231
2002-05-24,0.0339981256496373,0.5610224471035163,0.13655487432458352
2002-05-30,0.0668075307077036,0.5106076553891741,0.13097508683523312
2002-06-04,0.08247513786418,0.5427125030043668,0.12709509091754886
2002-06-07,0.0760398030161016,0.5486794202969666,0.12301066788543309
2002-06-12,0.0338087603165782,0.5681497045012044,0.1158745152799247
2002-06-17,0.1809276908219714,0.5089783588253354,0.15490642060515272
2002-06-20,0.206767986195021,0.5323081752039579,0.18602335995907368
2002-06-25,0.1752478606678532,0.491261922075775,0.18516132001577604
2002-06-28,0.15851286490243,0.5791680288383428,0.18302944360670836
2002-07-03,0.2226498917015773,0.5352486803566059,0.20680171246362972
2002-07-09,0.2442409859836244,0.5726276375512965,0.2292652765756265
2002-07-12,0.1971793278808533,0.5441492303810115,0.22669840068004465
2002-07-17,0.1309028765729668,0.6190640586855088,0.21903475875147843
2002-07-22,0.2128143913796413,0.5409443107877977,0.21853712936173147
2002-07-25,0.0791022322765182,0.4947677087552108,0.20738233759491442
2002-07-30,0.0821248278992775,0.600123689150589,0.19736173681926347
2002-08-02,0.1021969342956936,0.5506303613301846,0.18974855261737789
2002-08-07,0.0774965712379767,0.620429526148249,0.18076839410702578
2002-08-12,0.1022452969891795,0.6077908691697994,0.17448654633759808
2002-08-15,0.1099191799520691,0.5640943821540481,0.16932115702675576
2002-08-20,0.1003165814479333,0.5245931482476636,0.16380079098044997
2002-08-23,0.1667805870686016,0.5826719996644997,0.16558866863334096
2002-08-28,0.1975370614611069,0.536083144774416,0.18475770433000052
2002-09-03,0.3877793679745526,0.4265274136435452,0.30657070251673174
2002-09-06,0.5837202815598604,0.4333968435745534,0.47286044994260895
2002-09-11,0.6118066229744631,0.4203882672744576,0.5562281537617214
2002-09-16,0.6946309548133194,0.3886961947473474,0.6392698343926801
2002-09-19,0.5336899995176017,0.4026407903153884,0.630823447602674
2002-09-24,0.4881787970262062,0.423175455798684,0.6194118755565565
2002-09-27,0.9182207502788275,0.3325273653930599,0.7986972003899191
2002-10-02,0.7962498773323289,0.2610643885124015,0.798501414545312
2002-10-07,0.7470294870920655,0.279600628171122,0.7943836603490523
2002-10-10,0.6420192019263558,0.2667659258629506,0.7821945036752366
2002-10-15,0.6066836056030572,0.1968841717914601,0.7681536318294623
2002-10-18,0.6356534596953959,0.2323123312551983,0.757553618058737
2002-10-23,0.5811350367425161,0.2844691889770925,0.7434401315534394
2002-10-28,0.4715759637092659,0.3341078769958759,0.7216909981259055
2002-10-31,0.452567560335128,0.3763567888962583,0.7001611231026433
2002-11-05,0.4613796261920155,0.3650224401330316,0.6810586033497932
2002-11-08,0.3338872351982898,0.3515039305983137,0.6532848938976729
2002-11-13,0.0607319139129067,0.3767409532215645,0.6058806554988916
2002-11-18,0.050757629418838,0.4439439145025942,0.5614708134124873
2002-11-21,0.0718906934931244,0.5311245452640184,0.5223044038189383
2002-11-26,0.0693464568290373,0.58245029128691,0.4860677680597462
2002-12-02,0.1212686397490485,0.5275072308719302,0.4568838377948904
2002-12-05,0.156851414116927,0.5197009129838032,0.43288124390065336
2002-12-10,0.2208947453757898,0.5542991021460553,0.41592232401866425
2002-12-13,0.2626305803396574,0.5032570600437344,0.40365898452434373
2002-12-18,0.3028119674786309,0.5209307045037556,0.3955912231606867
2002-12-23,0.2854926841942647,0.4909431182946128,0.38678334004337295
2002-12-27,0.3864241687611803,0.5424122101398986,0.38675460634079756
2003-01-02,0.386666285021257,0.5157929081513394,0.3867475406352343
2003-01-07,0.3057971654290611,0.534386756348956,0.3802715106187404
2003-01-10,0.328176051928956,0.5161377123663441,0.37610387392355765
2003-01-15,0.2664610364298713,0.5020993132600474,0.36733244692406275
2003-01-21,0.2252981269011866,0.5501105763048297,0.3559697013222327
2003-01-24,0.1968724373434574,0.5489017685629746,0.3432419202039307
2003-01-29,0.378771597507925,0.493749899314209,0.3645597265863273
2003-02-03,0.356974985617345,0.40199090912086,0.3639529473088087
2003-02-06,0.4365282479107844,0.3887670411740144,0.40749812766999405
2003-02-11,0.456673174724121,0.3813365649716608,0.4370031559024702
2003-02-14,0.4429552712329397,0.3964132365924229,0.4405744251007519
2003-02-20,0.5821406109383354,0.3574924276068797,0.525514136603302
2003-02-25,0.5792228525589127,0.3046419159188473,0.5577393661766684
2003-02-28,0.7365219996048968,0.2716938921939769,0.6650089462336055
2003-03-05,0.4686173550702579,0.2243610428050154,0.6492976189405377
2003-03-10,0.5001955674452239,0.2906597836213492,0.6373694548209126
2003-03-13,0.7833589292235072,0.3088252013460242,0.7249631394624694
2003-03-18,0.3144688547220627,0.4824111779275028,0.6921235966832369
2003-03-21,0.3349596592696239,0.436818600695955,0.6635504816901479
2003-03-26,0.3937735034626188,0.4205409921982985,0.6419683234319455
2003-03-31,0.5211498081783597,0.4142309872343303,0.6323028422116588
2003-04-03,0.4051368831963696,0.3913240028336892,0.6141295654904356
2003-04-08,0.4413590219564531,0.4013819989966229,0.600307922007717
2003-04-11,0.565563210321149,0.4022626161416428,0.5975283450727915
2003-04-16,0.7167955414273103,0.3639993255432605,0.6690886628855028
2003-04-22,0.311069326140085,0.3885063101118761,0.6404471159458693
2003-04-25,0.3333817219047714,0.3722016659728325,0.6158818844225815
2003-04-30,0.1087940338999444,0.5343680159515076,0.5753148563807706
2003-05-05,0.0573283633592788,0.493047176533532,0.5338759369390512
2003-05-08,0.1281324924340906,0.4816976548778365,0.5014164613786544
2003-05-13,0.099289608934723,0.5576260397617155,0.46924631318313986
2003-05-16,0.0694624007783986,0.5247861560624406,0.4372636001907606
2003-05-21,0.3177984353896815,0.4960234195182532,0.4277063870066743
2003-05-27,0.3771987407552235,0.4952957028944274,0.42366577530655825
2003-05-30,0.6646481638449948,0.4308636856820177,0.5682552084296202
2003-06-04,0.8180782522510817,0.4074213571639408,0.718149034722497
2003-06-09,0.6377010796353727,0.3966874955994684,0.711713198315527
2003-06-12,0.7442151148523406,0.3590122016836341,0.7312143482376152
2003-06-17,0.2621916057137012,0.4404689444845163,0.6936925288357021
2003-06-20,0.2854297700518688,0.4711853743007581,0.6610315081329955
2003-06-25,0.2066142713944566,0.4664362325814636,0.6246781291939124
2003-06-30,0.2152309882204292,0.4144536703881368,0.5919223579160338
2003-07-03,0.182139077388659,0.4419900688908213,0.5591396954738438
2003-07-09,0.1123277188743579,0.4883290625895185,0.5233947373458849
2003-07-14,0.1551170137777916,0.4648853033693569,0.4939325194604375
2003-07-17,0.1647852675468246,0.4628297654220355,0.46760073930734847
2003-07-22,0.1437369932274405,0.4321776935739274,0.44169163962095587
2003-07-25,0.0584713756628958,0.3276673151187857,0.4110340185043111
2003-07-30,0.0402495629761821,0.3913919838282073,0.3813712620620608
2003-08-04,0.0229924687677999,0.4585162768878663,0.3527009585985199
2003-08-07,0.0238926143753184,0.4826558950903751,0.3263962910606638
2003-08-12,0.0181008294935117,0.5173562276136747,0.30173265413529166
2003-08-15,0.0180183433549733,0.4559486513257859,0.2790355092728662
2003-08-20,0.0193751358270392,0.4931154534014526,0.25826267939720005
2003-08-25,0.0412573957971269,0.4601124590714719,0.24090225670919418
2003-08-28,0.0653999844714345,0.4665959395872939,0.22686207493017344
2003-09-03,0.1007779587943425,0.5358367454887174,0.21677534563930695
2003-09-08,0.2490300603413539,0.4773075759192622,0.23612817446053513
2003-09-11,0.3715293082292575,0.4449357168570708,0.31736885472176857
2003-09-16,0.2943636579385962,0.4430769050153788,0.3155284389791148
2003-09-19,0.3210951043185913,0.5062768649489867,0.3188684381828007
2003-09-24,0.4858590289084522,0.3907568543083839,0.41906279261819157
2003-09-29,0.4640812387380497,0.4136199915225745,0.4460738602901064
2003-10-02,0.413247670332695,0.3460232578228684,0.4434477650935135
2003-10-07,0.4585320474138402,0.3611913147576087,0.45249833448570953
2003-10-10,0.5476849061602044,0.3249553701427011,0.5096102774904064
2003-10-15,0.5167941809243077,0.3280879583364623,0.5139206195507472
2003-10-20,0.275403794214857,0.3807872920600961,0.49483927352387597
2003-10-23,0.3508681375207369,0.3990756046070229,0.4833215826436249
2003-10-28,0.462632702688574,0.4108240439053343,0.4816664722472208
2003-10-31,0.3567808617021413,0.4024824772972925,0.47167562340361446
2003-11-05,0.7120598705353401,0.4247813099026564,0.6159061716826498
2003-11-10,0.6426686453162651,0.4299270341459532,0.631963655862819
2003-11-13,0.5622924442863723,0.42443896913032,0.6263899589367032
2003-11-18,0.4375815375940192,0.4218251606059341,0.6112852852292885
2003-11-21,0.3439067388054284,0.4107964881248212,0.5898950015153798
2003-11-26,0.3999928196942686,0.3853550495985124,0.5747028269696909
2003-12-02,0.3210511163586154,0.3964255507822086,0.5544106901208049
2003-12-05,0.3720628986370192,0.3981682005129182,0.5398228668021021
2003-12-10,0.2685604156386647,0.3935507312503408,0.5181218707090272
2003-12-15,0.2612146844883393,0.3960656100753638,0.49756929581137216
2003-12-18,0.2928607774775344,0.3952355743103681,0.4811926143446652
2003-12-23,0.0541300501389334,0.4215573250429966,0.44702760920820667
2003-12-29,0.0337477933804437,0.4007672467437992,0.41396522394198565
2004-01-02,0.0809388244908059,0.4472439170812748,0.3873231119858913
2004-01-07,0.0576173529169515,0.3786604440525178,0.3609466512603761
2004-01-12,0.0975569828236995,0.4136319933131398,0.339875477785442
2004-01-15,0.0986848591383153,0.4081872379838803,0.32058022829367194
2004-01-21,0.1088602731905185,0.4770721489528299,0.3036426318854197
2004-01-26,0.0940613898891191,0.4439682400432229,0.28687613252571564
2004-01-29,0.1106295499711469,0.3525213270642235,0.27277640592135016
2004-02-03,0.1118412646613,0.3695175533146618,0.25990159462054613
2004-02-06,0.0444672146285363,0.4192192792442553,0.24266684422118534
2004-02-11,0.0264156665765532,0.4125375065247662,0.22536675000961476
2004-02-17,0.0068804588350105,0.3741920783820974,0.20788784671564642
2004-02-20,0.01338050414751,0.3708587177453403,0.1923272593101955
2004-02-25,0.0140926360975372,0.3749696147632959,0.17806848945318285
2004-03-01,0.0295526740217972,0.2980174404247802,0.166187224218672
2004-03-04,0.0538393555164821,0.3618605601220703,0.1571993947224968
2004-03-09,0.0857629914949047,0.367344244741851,0.15148448246428944
2004-03-12,0.1233698944580278,0.4409301149329738,0.1492353154237885
2004-03-17,0.1341291182447751,0.4522324449674867,0.14802681964946746
2004-03-22,0.1593706798720955,0.442941236516788,0.15483313578304428
2004-03-25,0.1135242118599637,0.487650315258839,0.15152842186919785
2004-03-30,0.1003834920611995,0.4890020692255336,0.147436827484558
2004-04-02,0.1557783555894689,0.4027876260489862,0.15244174434750454
2004-04-07,0.2179433261544704,0.3860353112786865,0.19174269343168407
2004-04-13,0.1203401979098186,0.4557212169894518,0.18603049378993486
2004-04-16,0.1853791718145772,0.4129048244977135,0.18597838803190625
2004-04-21,0.0832431660177701,0.435937274760163,0.17775957027077538
2004-04-26,0.0934905839617087,0.4280621762344229,0.17101805136605006
2004-04-29,0.1285818210519724,0.3764861272030845,0.16762315294092386
2004-05-04,0.0392714183656308,0.2983858772886792,0.15735501417490041
2004-05-07,0.0564312199737217,0.2872690385149475,0.1492811106388061
2004-05-12,0.4565162609901165,0.3668664685465369,0.3336222008495924
2004-05-17,0.4528691052374716,0.358667025705255,0.40517034348231995
2004-05-20,0.649532146347105,0.3696613478062662,0.551787425201191
2004-05-25,0.7758276513568667,0.3850295425173468,0.6862115608945963
2004-05-28,0.6536245988333829,0.3781543149320354,0.6836046039296992
2004-06-03,0.7069249970365215,0.3672587486223877,0.6975968397937926
2004-06-08,0.3325073394756511,0.4793791567733385,0.6683896797683414
2004-06-14,0.2927056771640293,0.4601303927347713,0.6383349595599964
2004-06-17,0.1259251040342488,0.3593143412204891,0.5973421711179366
2004-06-22,0.1445007042131662,0.3617760314013915,0.561114853765555
2004-06-25,0.1895923824458172,0.3505283132583451,0.5313930560599761
2004-06-30,0.2697506016745298,0.3449620710683052,0.5104616597091405
2004-07-06,0.1876746175942266,0.3591572119270233,0.4846386963399474
2004-07-09,0.1713508096161875,0.3861344682584504,0.4595756654020466
2004-07-14,0.2126888738161619,0.3772939959421765,0.43982472207517587
2004-07-19,0.175441874092231,0.4045870474265501,0.4186740942365403
2004-07-22,0.1259186752448371,0.4206358954567968,0.395253660717204
2004-07-27,0.141090901387845,0.3981206873095669,0.3749206399708553
2004-07-30,0.0147276807130143,0.3080732569628678,0.34610520323022803
2004-08-04,0.0297527417177897,0.3626915163608668,0.32079700630923297
2004-08-09,0.108953400007852,0.2257028577878464,0.3038495178051225
2004-08-12,0.1651849874456545,0.2459456876185247,0.2927563553763651
2004-08-17,0.1776078985582851,0.2664225531729115,0.2835444788309187
2004-08-20,0.2861521168933311,0.2710294898664975,0.28510906166836614
2004-08-25,0.2699540792691173,0.2689541236977813,0.2838966630764262
2004-08-30,0.229619988218123,0.1590498782521081,0.27955452908776196
2004-09-02,0.2247520228158323,0.1422667627188034,0.2751703285860076
2004-09-08,0.1130093763569089,0.3908038071018538,0.2621974524076797
2004-09-13,0.1081930908871223,0.4096837473787925,0.24987710348603515
2004-09-16,0.046273969922086,0.4520523888783859,0.2335888528009192
2004-09-21,0.0146977106143645,0.4243597332452477,0.21607756142599485
2004-09-24,0.0181724873551942,0.4168377638820666,0.20024515550033078
2004-09-29,0.0168815112080742,0.3975021169867495,0.18557606395695028
2004-10-04,0.040599116153729,0.512944949740506,0.17397790813269257
2004-10-07,0.0617706968803284,0.5477435778500731,0.16500133123250343
2004-10-12,0.0486226681083836,0.5268741170735398,0.15569103818257385
2004-10-15,0.106268466660398,0.4391618094922777,0.1517372324607998
2004-10-20,0.178727492457768,0.3643833420883421,0.1679313884589807
2004-10-25,0.253579728094169,0.3309108265264823,0.2193203922400937
2004-10-28,0.327129295442908,0.3217953757106856,0.28400573416178226
2004-11-02,0.3810373568649451,0.2960858759776507,0.34222470778367997
2004-11-05,0.3451975506540389,0.2942757936667361,0.34400841350589534
2004-11-10,0.3973062012852718,0.297935710686578,0.37598708617352117
2004-11-15,0.2001093234179253,0.2886800980563955,0.36191686515307353
2004-11-18,0.1355082843039323,0.3278124274273136,0.3438041786851423
2004-11-23,0.0585676877174871,0.4290032224552615,0.3209852594077299
2004-11-29,0.0307552271336494,0.4200510089456908,0.2977668568258034
2004-12-02,0.057540737946691,0.5401627124113902,0.2785487673154744
2004-12-07,0.1131845216334324,0.4045255110734904,0.26531962766091105
2004-12-10,0.0533508304665168,0.3267125742035301,0.2483621238853595
2004-12-15,0.0637581931941802,0.3640086162198948,0.23359380943006516
2004-12-20,0.0353479401463116,0.4197824150691004,0.2177341398873649
2004-12-23,0.0417605082078319,0.4361426710654285,0.20365624935300225
2004-12-29,0.0390802217891161,0.3767419630510105,0.19049016714789138
2005-01-03,0.0057332483324564,0.5009900938387225,0.1757096136426566
2005-01-06,0.0069453022224805,0.4189006458225998,0.16220846872904254
2005-01-11,0.0148043811396404,0.4435235417952715,0.15041614172189038
2005-01-14,0.0113431811927668,0.40537989394148,0.1392903048795605
2005-01-20,0.0096248330002901,0.4172252751794338,0.12891706712921888
2005-01-25,0.0549909679303544,0.4255933089151164,0.12300297919330973
2005-01-28,0.0401450553768136,0.3861066784160815,0.11637434528799005
2005-02-02,0.0441634566642325,0.2978452141884443,0.11059747419808945
2005-02-07,0.041327108948795,0.3032510704885134,0.1050558449781459
2005-02-10,0.0899798113399059,0.3884424005544691,0.1038497622870867
2005-02-15,0.11855036726216,0.4149148363747689,0.11267012527213069
2005-02-18,0.100389124559727,0.4014501220502898,0.1116876452151384
2005-02-24,0.3351731471039329,0.3528574837431019,0.24577894634841513
2005-03-01,0.2891211603971275,0.3348440887444722,0.27178427477764255
2005-03-04,0.1528270739891943,0.4100030983889996,0.26226769871456673
2005-03-09,0.1852156884125876,0.3662974611314283,0.2561035378904084
2005-03-14,0.1019378853733963,0.3495368586869277,0.24377028568904746
2005-03-17,0.1269654350946515,0.3325570454834427,0.2344258976414958
2005-03-22,0.053675587630457,0.3990746642969371,0.2199658728406127
2005-03-28,0.0822726535371474,0.4288042873707268,0.20895041529633548
2005-03-31,0.0607513056730431,0.406502519402611,0.1970944865264721
2005-04-05,0.079844670117065,0.3333198250424981,0.18771450121371955
2005-04-08,0.1135566622552037,0.3428393758191453,0.18178187409703828
2005-04-13,0.1044163070507502,0.4117061538108455,0.17559262873333525
2005-04-18,0.1537113891844091,0.5264204384931409,0.17384212956942116
2005-04-21,0.1745407583230981,0.4816456964130146,0.17426130682162733
2005-04-26,0.1754522473540959,0.4836663279739608,0.17497587114110846
2005-04-29,0.1910354715090395,0.5181025423203875,0.1846116313618671
2005-05-04,0.2203836471383506,0.5064824172556679,0.2060748408277572
2005-05-09,0.2754885429426394,0.4718048070297357,0.24772306209668654
2005-05-12,0.2666067021112826,0.4244890369968057,0.25905324610544417
2005-05-17,0.1128489244706014,0.3539122729316021,0.24735690037465674
2005-05-20,0.1897816567719129,0.3581207952569156,0.24275088088643723
2005-05-25,0.1657163735048881,0.3258581766640932,0.23658812029591333
2005-05-31,0.1444458971903328,0.3564658850411606,0.2292167424474669
2005-06-03,0.1082219801228977,0.3659081684810979,0.21953716146150137
2005-06-08,0.0371374539154994,0.4356448991722111,0.20494518485782123
2005-06-13,0.0138654982665611,0.5157330465113101,0.18965880993052042
2005-06-16,0.0288655168062172,0.3893381348132157,0.17679534648057615
2005-06-21,0.0060701221383966,0.4753705461531458,0.16313732853320181
2005-06-24,0.006205119753024,0.4723427050663786,0.1505827518307876
2005-06-29,0.0093724555738376,0.4197330491870573,0.1392859281302316
2005-07-05,0.0092862015334909,0.4381897382588279,0.12888595000249237
2005-07-08,0.0441771310638345,0.3663567589107059,0.12210924448739975
2005-07-13,0.0549903812794665,0.5092342180814228,0.1167397354307651
2005-07-18,0.0926788171193126,0.4877036185425133,0.1148148619658489
2005-07-21,0.0484961419994565,0.4379828672756364,0.1095093643685375
2005-07-26,0.0336265622920641,0.425541420382735,0.10343874020241964
2005-07-29,0.0460764827006476,0.5081269819748832,0.09884975960227788
2005-08-03,0.0781039137084869,0.440450783237127,0.0971900919307746
2005-08-08,0.0084361006398207,0.4901331502185438,0.09008977262749829
2005-08-11,0.0182122617837882,0.4614437043767123,0.08433957176000148
2005-08-16,0.0086803075723178,0.4447131182346963,0.07828683062498679
2005-08-19,0.0031991081898067,0.2856150924737241,0.07227981283017237
2005-08-24,0.0027578193375387,0.2808108822100195,0.06671805335076168
2005-08-29,0.0136638082948373,0.3906013999857955,0.06247371374628773
2005-09-01,0.0875759343068128,0.4927593303371266,0.07753504608260278
2005-09-07,0.0560722214833003,0.5369857343525298,0.07581802011465859
2005-09-12,0.0234333442741496,0.5569436164170807,0.07162724604741787
2005-09-15,0.0215152035818819,0.5519341451727601,0.067618282650175
2005-09-20,0.0245137632026676,0.4951937756448469,0.0641699210943744
2005-09-23,0.0404388864122086,0.4400742153564624,0.06227143831980114
2005-09-28,0.0450269653137765,0.414404787355291,0.06089188047931917
2005-10-03,0.0525660007779027,0.347381520904625,0.06022581010320586
2005-10-06,0.0896852796853368,0.3398605263587381,0.07790149185248442
2005-10-11,0.0514207015400373,0.3440142234743751,0.07578302862748865
2005-10-14,0.0307545624212516,0.406095267233047,0.07218075133098968
2005-10-19,0.0229834818458676,0.4180614260674082,0.06824496977217992
2005-10-24,0.0237754444697998,0.414359390723607,0.06468740774798952
2005-10-27,0.0364366322362323,0.3908030908884089,0.06242734570704894
2005-11-01,0.0610490650607693,0.353350489765655,0.06231708325534657
2005-11-04,0.0243250458451445,0.4918934151724312,0.059277720262530406
2005-11-09,0.0231036757673273,0.4013956211151556,0.05638379670291416
2005-11-14,0.0311382532838444,0.4689680021153464,0.05436415322938858
2005-11-17,0.0587848307199459,0.4113677977660651,0.05701655972372298
2005-11-22,0.0742018202724023,0.4459988915432075,0.06732771605293057
2005-11-28,0.0500277482534083,0.596974446587759,0.06594371862896879
2005-12-01,0.0663338419274587,0.4898788303745424,0.06617779260806274
2005-12-06,0.112617136618232,0.43976212698798,0.09404139901416429
2005-12-09,0.3178936328665858,0.4395986513533559,0.22835273932561717
2005-12-14,0.243176850269634,0.366001811917012,0.23724720589202727
2005-12-19,0.2072156477388492,0.362606605450414,0.23484468123977303
2005-12-22,0.2341882834305225,0.2983980574156736,0.234792169415033
2005-12-28,0.218749945003598,0.3329327664553143,0.2335087914621182
2006-01-03,0.1616466118420799,0.3193618821831779,0.22775981709251514
2006-01-06,0.1454903311609552,0.3176014452176651,0.22117825821799034
2006-01-11,0.039039589999383,0.3804605444189423,0.20660716476050175
2006-01-17,0.0263529703574792,0.4789391725898143,0.19218682920825994
2006-01-20,0.07281608422057,0.5321592451673717,0.18263716960924475
2006-01-25,0.0577889303280103,0.419417627702514,0.172649310466746
2006-01-30,0.056953160864603,0.3905478373045444,0.1633936184985746
2006-02-02,0.0527851342300255,0.4562866423903969,0.15454493975709066
2006-02-07,0.0414318019652122,0.3845532888750917,0.1454958887337404
2006-02-10,0.0292634113848844,0.4605094771212879,0.1361972905458319
2006-02-15,0.0249377891009509,0.4210479715081763,0.12729653043024142
2006-02-21,0.0068671134116763,0.4527172738951631,0.1176621770687562
2006-02-24,0.0117445076089108,0.5332640616849683,0.10918876351196857
2006-03-01,0.0125324065245017,0.3195393401966652,0.10145625495297123
2006-03-06,0.0189902366751103,0.4259417094265753,0.09485897349074235
2006-03-09,0.0340969301339844,0.4337107288608458,0.08999801002220172
2006-03-14,0.057668803503865,0.3934569303682407,0.08741167350073478
2006-03-17,0.0816608915687325,0.3460043206646282,0.0869516109461746
2006-03-22,0.0751476712459064,0.3475871434285285,0.08600729577015315
2006-03-27,0.0901705869383573,0.4201707238246456,0.08850527047107565
2006-03-30,0.048951427760279,0.5642600878455332,0.08534096305421192
2006-04-04,0.0516001671185384,0.4805734073805596,0.08264169937935804
2006-04-07,0.0700672551336819,0.4905991966944603,0.08163574383970396
2006-04-12,0.0527974878495249,0.5129661042976429,0.07932868336048964
2006-04-18,0.1045378637498553,0.4513229892467845,0.09445419159410903
2006-04-21,0.0785710342395381,0.4929640342723252,0.09318353900574336
2006-04-26,0.0831215330005542,0.4065510770142606,0.09237857852532823
2006-05-01,0.0225447804368916,0.4178476351518655,0.08679187467825329
2006-05-04,0.0190508342601796,0.4959008814023949,0.08137259144480741
2006-05-09,0.0293115481508077,0.5326674843403864,0.07720770798128743
2006-05-12,0.0141934087739056,0.3737481181682875,0.07216656404469687
2006-05-17,0.0045670515844379,0.4601959486055303,0.06675860304787616
2006-05-22,0.0488677098317936,0.3757848956638024,0.06532733159058955
2006-05-25,0.0418232305208493,0.3475061989823813,0.06344700350501033
2006-05-31,0.0933903158263252,0.3523128003562953,0.08141299089779924
2006-06-05,0.0243584569732414,0.3718286563046792,0.07684862818383462
2006-06-08,0.0463722735843988,0.3987611687523253,0.07441051981587975
2006-06-13,0.0546346314652602,0.4134817252493001,0.07282844874783019
2006-06-16,0.0728863485638219,0.3670930387455981,0.07286318863742522
2006-06-21,0.0465124318637272,0.4259870581365254,0.07075512809552938
2006-06-26,0.0327050547034002,0.4412997642257835,0.06771112222415905
2006-06-29,0.0274550303037545,0.4402681997808309,0.0644906348705267
2006-07-05,0.077846567898623,0.3599820904106148,0.07250419468738448
2006-07-10,0.0381642476261162,0.3869203338635243,0.06975699892248302
2006-07-13,0.0277012105294044,0.3518654421702605,0.06639253585103674
2006-07-18,0.0218146656850881,0.4373910147233015,0.06282630623776085
2006-07-21,0.0091575005462149,0.4536877558276453,0.05853280178243718
2006-07-26,0.0137374339134717,0.4169939038761153,0.05494917235291994
2006-07-31,0.0109413880795014,0.5113761732340384,0.05142854961104646
2006-08-03,0.0176329923193441,0.4874383030809959,0.04872490502771028
2006-08-08,0.0203991615254062,0.5910391500888746,0.046458845547525954
2006-08-11,0.0329148523481967,0.5562519631548644,0.04537532609157961
2006-08-16,0.0102174977722112,0.5507781112437578,0.042562699826030136
2006-08-21,0.0132581531961338,0.499008423963535,0.040218336095638435
2006-08-24,0.0166035651941825,0.5241527136167956,0.038329154423521965
2006-08-29,0.0086706037704697,0.5110543427730854,0.035956470371277784
2006-09-01,0.0076018059944702,0.3867440915164137,0.033688097221133174
2006-09-07,0.0121439978504879,0.4528807154345183,0.03196456927148155
2006-09-12,0.0064656482937294,0.5716769516545097,0.02992465559326138
2006-09-15,0.0190008835641764,0.5339849333629062,0.02905075383093458
2006-09-20,0.0205882110595564,0.5421847028625467,0.028373750409224328
2006-09-25,0.0451944588215865,0.5064191166013645,0.03846617545664163
2006-09-28,0.0717388778938813,0.5126271040864382,0.05842979691898543
2006-10-03,0.0923189905013573,0.4012909372546944,0.07876331306840856
2006-10-06,0.1150032019220784,0.3174494337356556,0.10050724638061045
2006-10-11,0.1529128071022542,0.321050653727173,0.13195058281359667
2006-10-16,0.126713723542069,0.3488213640957977,0.13153163407187446
2006-10-19,0.1962558177963865,0.3514324102278828,0.1703661443065817
2006-10-24,0.0940705033680111,0.3838659231833367,0.16426249303149607
2006-10-27,0.124175825993062,0.4032995399000303,0.16105555966842136
2006-11-01,0.0236855973039112,0.3854734030841328,0.15006596267926056
2006-11-06,0.0226849840253589,0.4448488370503479,0.13987548438694844
2006-11-09,0.0238460928247308,0.4121027446893294,0.13059313306197104
2006-11-14,0.015780458521717,0.480529418572961,0.12140811909875072
2006-11-17,0.0468823643076039,0.5338202571668227,0.11544605871545899
2006-11-22,0.0370960988105565,0.594941592631384,0.10917806192306678
2006-11-28,0.0716872309254453,0.4666928783632637,0.10617879544325706
2006-12-01,0.2847245362634568,0.3322308155578494,0.2133062399353769
2006-12-06,0.2121763035669776,0.2867565136640629,0.21321584502590496
2006-12-11,0.1957182043428105,0.3086696372094817,0.21181603377125743
2006-12-14,0.231188631950731,0.3449522154863266,0.2234395926789416
2006-12-19,0.2128596478827565,0.3426462536884879,0.22259319709524678
2006-12-22,0.1314664939858086,0.3402002949411038,0.21530306084649173
2006-12-28,0.0323825189316159,0.4486448637379162,0.20066941749330167
2007-01-04,0.0429165430023627,0.422904759833794,0.18804918753402655
2007-01-09,0.0685114482544502,0.4339849729302338,0.17848616839166045
2007-01-12,0.11015761299937,0.4687471942880508,0.17301988396027723
2007-01-18,0.1234738500743668,0.3362930210083799,0.1690562012494044
2007-01-23,0.1546922501278762,0.3579017010658441,0.16790708515968214
2007-01-26,0.1124421416464019,0.3639979056252338,0.16346988967861972
2007-01-31,0.0881421708749011,0.4561121053336098,0.15744367217432223
2007-02-05,0.0137711718237309,0.4930572335571458,0.14594987214627492
2007-02-08,0.0240134681679143,0.4667131327744819,0.13619495982800608
2007-02-13,0.0116518763838445,0.4390323213015812,0.12623151315247316
2007-02-16,0.0047855607505089,0.4533463320120048,0.11651583696031603
2007-02-22,0.007302233307018,0.4539924526390391,0.10777874866805219
2007-02-27,0.9275802128812084,0.1775613172065974,0.5996596271959459
2007-03-02,0.8212698595538441,0.328524663279686,0.7326257666106848
2007-03-07,0.6667976112388767,0.357331433456542,0.7273595141809402
2007-03-12,0.7161713956497694,0.3295923319492523,0.7264644646984466
2007-03-15,0.6953805237910754,0.2978127318855853,0.7239777494258569
2007-03-20,0.7474934911702716,0.2811229530114688,0.7380871944725057
2007-03-23,0.7120387713870374,0.2871006591992749,0.7360033206256682
2007-03-28,0.4376109680259706,0.3166787185398015,0.7121319324176925
2007-04-02,0.2541684090260434,0.3171136258613437,0.6754948505463606
2007-04-05,0.2248097039927413,0.2728463532592254,0.6394400388220711
2007-04-11,0.0742463884385805,0.4446713538780552,0.5942245467913918
2007-04-16,0.1023988927490671,0.4728280346048856,0.5548784944680059
2007-04-19,0.0623095893858552,0.4408715866600339,0.5154729820614338
2007-04-24,0.0691601224874429,0.4744103755651002,0.4797679532955145
2007-04-27,0.0973368649078411,0.4376941604955185,0.44917346622450066
2007-05-02,0.0811651396362305,0.4672146033313993,0.4197328000974391
2007-05-07,0.0397829745589091,0.4706703472252452,0.3893368140543567
2007-05-10,0.1069605268418338,0.4379686036716114,0.3667467110773549
2007-05-15,0.124589481885551,0.4533961919930315,0.3473741327420106
2007-05-18,0.1225674589390817,0.3753023371786981,0.3293895988377763
2007-05-23,0.1303467682293184,0.3667039265371207,0.3134661723890997
2007-05-29,0.1072624639559302,0.2615485639579953,0.29696987571444616
2007-06-01,0.0759912849615137,0.2834431162701123,0.2792915884542116
2007-06-06,0.2450586111553639,0.365478678419891,0.2765529502703038
2007-06-11,0.0804307091435123,0.6211222606365963,0.2608631709801605
2007-06-14,0.0569789685377232,0.5839617232073072,0.24455243478476552
2007-06-19,0.0516586678641776,0.6113735986142205,0.2291209334311185
2007-06-22,0.0528706003713964,0.6032811591542074,0.21502090678634073
2007-06-27,0.0510092338806748,0.577721369953936,0.20189997295388745
2007-07-02,0.0262860281547443,0.4027921926712222,0.187850857369956
2007-07-06,0.0480321913578885,0.3848728884720543,0.1766653640889906
2007-07-11,0.1859939192022822,0.3138097762329102,0.18226249715696557
2007-07-16,0.1936760907611601,0.3746057527352251,0.1891106533194823
2007-07-19,0.2693764848419352,0.3269232580286337,0.23727015223295406
2007-07-24,0.3581388461979943,0.3200786349648092,0.3097913686119782
2007-07-27,0.8823331480292957,0.2337786773542229,0.6533164362623687
2007-08-01,0.8345488729343231,0.296850682797702,0.7620558982655414
2007-08-06,0.4647046711199211,0.3176913028045049,0.7382678000938918
2007-08-09,0.5127944955263675,0.3635972227578552,0.7202299357284898
2007-08-14,0.5377269287968615,0.3531773977022414,0.7056296951739596
2007-08-17,0.5106803609502252,0.3927765495205627,0.6900337484360608
2007-08-22,0.5314334241918808,0.3369453756772037,0.6773457224965265
2007-08-27,0.554073175052313,0.3821554043446981,0.6674839187009893
2007-08-30,0.5028309792302391,0.3521151426576334,0.6543116835433292
2007-09-05,0.5124878843188923,0.3626157354668921,0.6429657796053743
2007-09-10,0.6249836719875633,0.3732473547720109,0.6415272109959493
2007-09-13,0.6206544584488761,0.3395734974431298,0.6398573907921835
2007-09-18,0.4883728072597396,0.3257188801075451,0.627738624109588
2007-09-21,0.5577363999258175,0.2776135328755703,0.6221384461748865
2007-09-26,0.4917847522317018,0.2948705809051829,0.6117101506594317
2007-10-01,0.664396322737015,0.2855877658001561,0.6433218539059816
2007-10-04,0.6078537243403299,0.3172752784284478,0.6404844035407296
2007-10-09,0.4022941306061865,0.3335362608808658,0.6214291817059661
2007-10-12,0.3732368400750438,0.3392786391486128,0.6015737943754923
2007-10-17,0.1553719744741585,0.4503517967018584,0.5658776487833856
2007-10-22,0.2142228556122335,0.3615541454388558,0.5377452653296936
2007-10-25,0.3192186126227562,0.4316913167792784,0.5202631331131385
2007-10-30,0.3600607558651115,0.4322593034998408,0.5074469429332964
2007-11-02,0.4474655071462793,0.3902245524458652,0.502648428070335
2007-11-07,0.5616935362699277,0.3085740371849828,0.5380754929900906
2007-11-12,0.4945962656273668,0.3668484285063945,0.5345971548010727
2007-11-15,0.4831471375567625,0.3342858682626229,0.5304811534215279
2007-11-20,0.533019576686547,0.2892442678585443,0.5320042073805393
2007-11-26,0.4564948148675201,0.2339684713822434,0.5259634559794978
2007-11-29,0.4049824034080013,0.2338682743531222,0.5162849717737781
2007-12-04,0.3681452753684866,0.1876772411565402,0.5044337960613547
2007-12-07,0.3174218690561926,0.1686978489284464,0.4894728419009418
2007-12-12,0.367277827941006,0.1295524652131841,0.47969724078414694
2007-12-17,0.357925237201295,0.1991855635633272,0.4699554804975188
2007-12-20,0.2017807418708276,0.3073783003759929,0.4485015014073835
2007-12-26,0.238391918727556,0.287578143101958,0.4316927347929973
2007-12-31,0.1872448656000145,0.3650382853831659,0.4121369052575587
2008-01-04,0.2507581618110486,0.3576106017083124,0.39922660578183794
2008-01-09,0.1019536880968488,0.3860510244847765,0.3754447723670388
2008-01-14,0.147668227767151,0.4194973358526458,0.3572226487990478
2008-01-17,0.1137570481294254,0.4419658571456191,0.337745400745478
2008-01-23,0.4803036473325898,0.3504078046641912,0.423280348697745
2008-01-28,0.3371338675371459,0.4218232533695936,0.41638863020489714
2008-01-31,0.3867053566625648,0.4312898184516153,0.4140139683215106
2008-02-05,0.3962683650264666,0.4314794459321361,0.4125943200579071
2008-02-08,0.5510695415023963,0.3988245998118646,0.49567945292460064
2008-02-13,0.6004175923766254,0.3814000008039752,0.5585223365958155
2008-02-19,0.6228466550723222,0.3792410478686429,0.5971169276817195
2008-02-22,0.0129776735399777,0.581112576174195,0.5503857873503802
2008-02-27,0.0400911389016674,0.5181018186898011,0.5095622154744832
2008-03-03,0.163455993542872,0.3338026819895555,0.48187371771995435
2008-03-06,0.1432766203051133,0.2809173496404974,0.4547859499267671
2008-03-11,0.3241577550019442,0.2517369881364769,0.44433569433278125
2008-03-14,0.2881402058004293,0.2476479388013282,0.43184005525019314
2008-03-19,0.4195070795501462,0.1434808567592592,0.43085341719418946
2008-03-25,0.5697796359056686,0.1718359558134927,0.5142091484210769
2008-03-28,0.7922603283620645,0.2147777218683332,0.6810398563856694
2008-04-02,0.7716106549784143,0.2016793877059863,0.7353823355413163
2008-04-07,0.5601631314810818,0.1540286177271211,0.7213647992164975
2008-04-10,0.5645600831906047,0.1671477026273179,0.7088204219344261
2008-04-15,0.5087380222591908,0.185936837412657,0.6928138299604073
2008-04-18,0.4196687962308952,0.2957445104877548,0.6709622272620464
2008-04-23,0.2931358459943214,0.2923663085463691,0.6407361167606284
2008-04-28,0.4253241911105427,0.3115347270274976,0.6235031627086216
2008-05-01,0.2011324128392746,0.3597511676006052,0.5897135027190739
2008-05-06,0.4074247848242983,0.3185252725188829,0.5751304052874918
2008-05-09,0.3451551361327861,0.3698141129257018,0.5567323837551155
2008-05-14,0.3058942614949508,0.3543096342816808,0.5366653339743023
2008-05-19,0.2030808629821975,0.3355521418680079,0.5099785762949339
2008-05-22,0.2916386870098635,0.358643797152662,0.4925113851521283
2008-05-28,0.3419937156252347,0.3194892654620712,0.48046997158997684
2008-06-02,0.2655031040722087,0.3592360527522552,0.4632726221885554
2008-06-05,0.2679631924500774,0.3697247901057112,0.4476478678094772
2008-06-10,0.604512210622911,0.2832274219319322,0.5417664734975376
2008-06-13,0.5857905209897347,0.267453776644437,0.5681809019928559
2008-06-18,0.4808465921907371,0.267935094076256,0.5611941572086864
2008-06-23,0.4997340362296523,0.2591267937776961,0.5562773475303637
2008-06-26,0.5193539959083197,0.2735244337862167,0.5533234794006002
2008-07-01,0.4777469302075344,0.2686837042901444,0.547277355465155
2008-07-07,0.2559131108174528,0.3632758807742019,0.5239682158933389
2008-07-10,0.2217629407842078,0.3332394317450137,0.4997917938846084
2008-07-15,0.0902333233762688,0.2632024356490728,0.4670271162439413
2008-07-18,0.2321068307053823,0.1795856755549363,0.44823349340085655
2008-07-23,0.2510100726210332,0.1526828314487172,0.4324556197384707
2008-07-28,0.2584776537192604,0.2243489101572852,0.4185373824569339
2008-07-31,0.2399725659339897,0.2207822466133515,0.4042521971350984
2008-08-05,0.3695258239421239,0.1926148969328322,0.4014740872796605
2008-08-08,0.5527710997692438,0.1642431134507529,0.4922522947734105
2008-08-13,0.4614134460060743,0.2817690715866009,0.4897851868720236
2008-08-18,0.526684249667334,0.294567104162212,0.5119246245492098
2008-08-21,0.2226587653120776,0.3464052780046706,0.4887833558102393
2008-08-26,0.2982565627892294,0.3282669709945741,0.4735412123685585
2008-08-29,0.2331438225857099,0.3134382609809337,0.45430942118593065
2008-09-04,0.3249333741311044,0.3457261101104284,0.4439593374215446
2008-09-09,0.5004857515108905,0.3491796932570352,0.4778751858751521
2008-09-12,0.4722252983552891,0.4154540955247691,0.47742319487356305
2008-09-17,0.8289224290564182,0.1849888563046138,0.6883227353832762
2008-09-22,1.1263717931231718,0.195326352794647,0.9511521700272136
2008-09-25,1.046557955638164,0.2220007363559328,1.0083956413937838
2008-09-30,0.9349544836024274,0.1982793477250545,1.0025203487704752
2008-10-03,1.0561339242861942,0.2141114649823134,1.0346884940799068
2008-10-08,0.7756134226875592,0.2397398388389456,1.013962488368519
2008-10-13,0.807750643505245,0.3203417347689274,0.9974655407794571
2008-10-16,0.8744411844646891,0.333901764117286,0.9876235922742758
2008-10-21,0.7627685980773798,0.3440188533075434,0.9696351927385242
2008-10-24,1.0129795570827929,0.3162919105655284,0.9956418113450853
2008-10-29,0.9910702873677698,0.3069876181412426,0.9952760894269
2008-11-03,0.96619569453506,0.2986545429695684,0.9929496578355529
2008-11-06,0.7164965767713531,0.3349042687762761,0.9708334113504169
2008-11-11,0.7962540617886937,0.3061099845455032,0.9568670633854791
2008-11-14,0.9303966107500152,0.2712011931765304,0.9547494271746421
2008-11-19,1.179907895907503,0.2551591777174573,1.0898445084143584
2008-11-24,1.0293640704214808,0.2855793298842864,1.0850060733749283
2008-11-28,0.7844465514627211,0.3334049150526535,1.0609613116219516
2008-12-03,0.679312844086223,0.3673410213680723,1.0304294342190934
2008-12-08,0.8472521331794802,0.3127436160681475,1.0157752501359243
2008-12-11,0.965345980770082,0.2917939547793083,1.0117409085866569
2008-12-16,1.0497637918999765,0.2746755075472594,1.0345546385746487
2008-12-19,0.44536076285006,0.3641435045435076,0.9874191285166816
2008-12-24,0.3851535430879211,0.314350687755415,0.9392378816823808
2008-12-30,0.0989229833693968,0.2732797915126862,0.872012689817342
2009-01-05,0.0894198880430254,0.3153973494632382,0.8094052656753967
2009-01-08,0.0648731821894164,0.3035907674829894,0.7498426989965183
2009-01-13,0.0623170812694339,0.401217394659755,0.6948406495783516
2009-01-16,0.435786832909,0.2692176072751226,0.6741163442448035
2009-01-22,0.3717680166792659,0.290693163990304,0.6499284780395606
2009-01-27,0.3258850533112894,0.2999958566830884,0.6240050040612989
2009-01-30,0.3955096682474483,0.281617891427824,0.6057253771961909
2009-02-04,0.2416836255622421,0.3572250515527747,0.576602037065475
2009-02-09,0.4354329941542204,0.2809249073210086,0.5653085136325746
2009-02-12,0.3586032230285516,0.2842961443353994,0.5487720903842528
2009-02-18,0.4060933193537316,0.2002847657038141,0.5373577887018111
2009-02-23,0.5962747605716627,0.1950460358150051,0.572707971823722
2009-02-26,0.5771765446689574,0.3340288951471896,0.5753891155308632
2009-03-03,0.9669331551105568,0.3576486628179863,0.8103155392786794
2009-03-06,1.146392274791762,0.3597538615481196,1.011961580586529
2009-03-11,0.8225255791589883,0.4076112172939276,0.9968067004723257
2009-03-16,0.9668757548759684,0.3497033651702657,0.9944122248246172
2009-03-19,0.4422892523578196,0.3772889087356242,0.9502423870272734
2009-03-24,0.5138369672831868,0.3570317413154689,0.9153299534477465
2009-03-27,0.6288128787840254,0.3815099852365177,0.8924085874746488
2009-04-01,0.4872498677068407,0.3275193486961383,0.8599958898932242
2009-04-06,0.3294707145415069,0.3992893271535137,0.8175538758650868
2009-04-09,0.4140026811571846,0.3554173956285984,0.7852697802884546
2009-04-15,0.4588800558698856,0.3638465489655001,0.7591586023349691
2009-04-20,0.8431864673798881,0.252226479903984,0.8095753213619206
2009-04-23,0.7757474388961266,0.2437876231803949,0.8068690907646571
2009-04-28,0.3436292413299245,0.2210341684662702,0.7698099028098785
2009-05-01,0.3818696986812425,0.230038962369395,0.7387746864795876
2009-05-06,0.4237797979660253,0.27331408724235,0.7135750953985026
2009-05-11,0.3354001331064841,0.304213372539859,0.6833210984151411
2009-05-14,0.3812305049766115,0.3260314503583111,0.6591538509400587
2009-05-19,0.2387363564229664,0.3534529951755487,0.6255204513786914
2009-05-22,0.1544638657854306,0.3956632759570744,0.5878359245312305
2009-05-28,0.0750626216373645,0.4157518115899648,0.5468140602997212
2009-06-02,0.0417610631777056,0.3512971832257964,0.5064098205299601
2009-06-05,0.0727842602626796,0.4049868574990712,0.47171977570857765
2009-06-10,0.0439649538157539,0.3979793894865318,0.43749938995715176
2009-06-15,0.0536155877088246,0.3857630940049365,0.4067886857772856
2009-06-18,0.1036342921576631,0.3735357346122288,0.38253633428771583
2009-06-23,0.1550629811453824,0.4859756089503576,0.3643384660363292
2009-06-26,0.1780473605252971,0.4499722436036384,0.3494351775954466
2009-07-01,0.323584138895057,0.430172369132315,0.34736709449941544
2009-07-07,0.3932855544839087,0.4476769382458154,0.3749181704901114
2009-07-10,0.4374136387794904,0.4470169695146957,0.4124154514637388
2009-07-15,0.2585872401318376,0.4180170899248878,0.40010919455718674
2009-07-20,0.2304788764127684,0.4188285653942306,0.38653876910563334
2009-07-23,0.1394629571231159,0.4660055144813951,0.366772704147032
2009-07-28,0.2108828602681567,0.4179562171406124,0.354301516636722
2009-07-31,0.3197002641284017,0.3599903975557863,0.3515334164360564
2009-08-05,0.0631095913710184,0.5125890462962176,0.32845951043085336
2009-08-10,0.100218327995708,0.4128571892775661,0.31020021583604174
2009-08-13,0.0946921468876805,0.3635344838252793,0.29295957032017284
2009-08-18,0.4321945855684322,0.3789270905450935,0.37650057946912846
2009-08-21,0.3644765702490241,0.428588556154696,0.37553865873152015
2009-08-26,0.3997512809769503,0.4028510031257459,0.3900662320787782
2009-08-31,0.4880722477168008,0.4527816610212256,0.4488698414615918
2009-09-03,0.4547869757187089,0.4195770174542496,0.45242012201586207
2009-09-09,0.6763950304874129,0.3753242561406533,0.5868050670987925
2009-09-14,0.6166757188262305,0.4074117499601549,0.6047274581352553
2009-09-17,0.1923649145971915,0.3930434741185498,0.5717384546522102
2009-09-22,0.1309591865204083,0.3457375165878217,0.5364761132016661
2009-09-25,0.2716036211080436,0.3553712065724491,0.5152863138341763
2009-09-30,0.140887691992986,0.3684764797021642,0.4853344240868811
2009-10-05,0.2533342021731611,0.3115385461977546,0.46677440633378353
2009-10-08,0.2180840757889582,0.3537305795612137,0.4468791798901975
2009-10-13,0.2065448940545,0.359517390034897,0.4276524370233417
2009-10-16,0.3205418240107329,0.3266908049059044,0.41908358798233303
2009-10-21,0.2793929832366006,0.2958617745798558,0.4079083396026744
2009-10-26,0.1449876013973376,0.3427546088417579,0.38687468054624746
2009-10-29,0.2703648788808253,0.3844252144340537,0.3775538964130137
2009-11-03,0.300947392927392,0.3501775037130102,0.371425376134164
2009-11-06,0.3300808128070606,0.3524795650910453,0.36811781106799574
2009-11-11,0.4202056924278526,0.3327611868535518,0.3993705398839099
2009-11-16,0.3538294195746175,0.3570862548766213,0.39572725025916655
2009-11-19,0.4870927542909872,0.3352558709568171,0.45054655267825894
2009-11-24,0.7294788692375931,0.2958725110800632,0.6179059426138594
2009-11-30,0.8254611205204113,0.1635493454360634,0.7424390493577906
2009-12-03,0.8130851296031196,0.1884558936660946,0.784826697504988
2009-12-08,1.050121354168436,0.2311756200106685,0.9440034915030568
2009-12-11,1.0220142416505582,0.2223211167889253,0.9908099415915577
2009-12-16,1.0781216183258429,0.2270501478603507,1.0431969476321288
2009-12-21,1.030010731773481,0.218163261545201,1.0421420503634369
2009-12-24,1.0515681578458582,0.1908038331122575,1.0477977148528896
2009-12-30,0.5072018810256708,0.3473722267365882,1.0045500481467122
2010-01-05,0.3324449615637047,0.4122362592499823,0.9507816412200717
2010-01-08,0.3245865312201998,0.4435995202877344,0.900686032420082
2010-01-13,0.3063138473096376,0.4456443777690758,0.8531362576112466
2010-01-19,0.2232999020857662,0.4419307126850918,0.8027493491692081
2010-01-22,0.7655039862380719,0.3861024030064476,0.7997697201347174
2010-01-27,0.6643917610035739,0.3957970175426555,0.7889394834042259
2010-02-01,0.798848660771155,0.3311127268858889,0.7948849898243834
2010-02-04,1.078455009850794,0.2713820356481899,0.9650270018402297
2010-02-09,0.5790628276053027,0.1566137613063945,0.9341498679014355
2010-02-12,0.74944476447974,0.1740967257101904,0.9193734596276999
2010-02-18,0.7591607163290203,0.1747831796670595,0.9065564401638055
2010-02-23,0.8716049185745306,0.2073168606346171,0.9037603184366636
2010-02-26,0.8846195215374516,0.1959403284611165,0.9022290546847266
2010-03-03,1.0274128467370724,0.2006668328109878,0.9773393299161341
2010-03-08,0.3027182972459309,0.3940482671740087,0.9233696473025179
2010-03-11,0.3416629616355763,0.3706594649388092,0.8768331124491626
2010-03-16,0.5294880762323325,0.3150490264988593,0.8490455095518163
2010-03-19,0.5119250744165583,0.3110552889233405,0.8220758747409957
2010-03-24,0.1654683914358273,0.4329619967456662,0.7695472760765824
2010-03-29,0.0954919248083045,0.4297188346857697,0.7156228479751201
2010-04-01,0.0771690358821035,0.3660012828247728,0.6645465430076788
2010-04-07,0.0783115483681214,0.3529166177849066,0.6176477434365142
2010-04-12,0.0363063524574594,0.3411967853796498,0.5711404321581898
2010-04-15,0.0578259596507973,0.3603939015197786,0.5300752743575985
2010-04-20,0.0865716781241911,0.3264896642572882,0.49459498665892593
2010-04-23,0.2020859455095591,0.2382013623867185,0.4711942633669766
2010-04-28,0.3189687680511766,0.2408795839920674,0.45901622374171264
2010-05-03,0.3322020521049492,0.3179430005655614,0.4488710900107716
2010-05-06,0.2951677068434643,0.0685202012926703,0.436574819357387
2010-05-11,0.6252686007277184,0.0859838726392689,0.5497910881795858
2010-05-14,0.5871124255800776,0.0797358407436283,0.5721838906198808
2010-05-19,0.7174532235426669,0.0955011061359873,0.6593454903735525
2010-05-24,0.6702480429660168,0.1030011156143322,0.6658870219290312
2010-05-27,0.4309493814527713,0.0763225093454432,0.6470920106909304
2010-06-02,0.4629791255400066,0.0765190608926943,0.6323629798788565
2010-06-07,0.3725552486678392,0.0711610352311374,0.6115783613819752
2010-06-10,0.6124400535683294,0.1181023960046998,0.6120953766937878
2010-06-15,0.808220402643158,0.1398290377451628,0.7297703922634099
2010-06-18,0.4442492285283552,0.1160834889851899,0.7069286991646055
2010-06-23,0.3367124495861154,0.0833923100248073,0.6773113991983264
2010-06-28,0.3358453696734194,0.0975339978179489,0.6499941168363339
2010-07-01,0.51021022499099,0.1344204793996397,0.6388114054887064
2010-07-07,0.699827567316793,0.2066815488000692,0.6754211025855583
2010-07-12,0.8445108135404347,0.2057595893296825,0.7768749291584841
2010-07-15,0.7051142808440249,0.2004255444634433,0.7711340772933275
2010-07-20,0.805834561837455,0.2726996410452122,0.791954368019804
2010-07-23,0.5519924299654256,0.321397227206555,0.7727574129754538
2010-07-28,0.221820564415324,0.3614203274388493,0.7286824650906435
2010-08-02,0.371784161683438,0.3272848963144849,0.700130600818067
2010-08-05,0.3641608200237735,0.2789318908207158,0.6732530183545236
2010-08-10,0.3452658600048807,0.2870508529774435,0.6470140456865522
2010-08-13,0.6441419716020532,0.2942320516418111,0.6467842797597924
2010-08-18,0.8923215338333184,0.2764163076429003,0.7941066322039079
2010-08-23,0.7542251817776695,0.284254389447471,0.7909161161698088
2010-08-26,1.1368290070817473,0.2622647357094202,0.9984638507169719
2010-08-31,0.9860034717723266,0.2054026388231069,0.9974670204014002
2010-09-03,1.5136910974488722,0.1915273243964826,1.3072014666298832
2010-09-09,0.9252364715796768,0.1589728714142559,1.2766442670258669
2010-09-14,0.8145665597048971,0.1432757387617829,1.2396780504401892
2010-09-17,1.0200552442253077,0.2004625804851472,1.2221082259429987
2010-09-22,0.7447416182340186,0.298774873626845,1.1839188973262804
2010-09-27,0.8566519828183948,0.2901727700081117,1.1577375441656497
2010-09-30,0.2846913282091701,0.3202380905016844,1.0878938468891313
2010-10-05,0.193015330708742,0.3217130742104842,1.0163035655947001
2010-10-08,0.1238542266132917,0.3694115705786779,0.9449076184761875
2010-10-13,0.1146265850400809,0.3544967513950749,0.878485135801299
2010-10-18,0.0595300129516951,0.3315057121112594,0.8129687259733307
2010-10-21,0.1078117019303779,0.3562838155646831,0.7565561640498946
2010-10-26,0.0734184420772963,0.4127167082741785,0.7019051462920867
2010-10-29,0.0875343805759771,0.4647213120293635,0.6527554850347979
2010-11-03,0.0230975670368798,0.4927641652274062,0.6023828515949644
2010-11-08,0.0545816630085626,0.6573495042052129,0.5585587565080523
2010-11-11,0.0846353994510464,0.5765615248765865,0.5206448879434918
2010-11-16,0.1986190276692735,0.5310983002354848,0.4948828191215544
2010-11-19,0.3138838872999854,0.525045596763962,0.4804029045758289
2010-11-24,0.5137784239145732,0.4022607499815741,0.5004282161790755
2010-11-30,0.6731588306677649,0.3668156762994599,0.6040665848722891
2010-12-03,0.9394782053933178,0.2665753808447889,0.8053135571849064
2010-12-08,0.7720274829017949,0.2597882423688079,0.8026506712422575
2010-12-13,0.733725539831159,0.2475539700371942,0.7971366607293697
2010-12-16,0.5552856756074919,0.2337336790041444,0.7777885819196195
2010-12-21,0.4471064872594317,0.2738533819295966,0.7513340143468045
2010-12-27,0.2998415028641311,0.2855639963624948,0.7152146134281907
2010-12-30,0.0730914004975336,0.5236000068917935,0.6638447563937382
2011-01-04,0.0169167417592235,0.283203026167176,0.6120905152229771
2011-01-07,0.0072221905040073,0.2385065188688942,0.5637010492454595
2011-01-12,0.0726173452439808,0.2315535204999446,0.5244143529253412
2011-01-18,0.1424802953293624,0.2575573692482568,0.49385962831766295
2011-01-21,0.1404888741126723,0.2675302936103214,0.46558996798126373
2011-01-26,0.1155083783465668,0.2600163883342831,0.437583440810488
2011-01-31,0.244029546026361,0.3953909772784621,0.42209912922775783
2011-02-03,0.2743392691391615,0.3882581238654817,0.41027834042067013
2011-02-08,0.3907725096052836,0.3604209293466691,0.4087178739554392
2011-02-11,0.2706486855888607,0.3760765422263973,0.3976723388861129
2011-02-16,0.2434847820259399,0.3793174375659167,0.3853373343372991
2011-02-22,0.8163457626629365,0.2982206897031951,0.6439423913326815
2011-02-25,0.8210939114240691,0.2889243138065835,0.750233303387514
2011-03-02,0.4815863762219362,0.3373707558349835,0.7287415492142678
2011-03-07,0.5610099984144327,0.2811887631611709,0.715323025150281
2011-03-10,0.7404402239099803,0.2816128802754356,0.7303933444061006
2011-03-15,0.8817864644235314,0.2448902149032186,0.821229216416559
2011-03-18,0.8376634367800225,0.2369308577500143,0.8310897486346371
2011-03-23,0.5708721352299351,0.1633105062428058,0.8102723395622611
2011-03-28,0.64270791936728,0.1732806296077937,0.7968671859466626
2011-03-31,0.5913234980078201,0.2404596730640656,0.7804236909115553
2011-04-05,0.6023707714985134,0.2270847788003566,0.7661794573585119
2011-04-08,0.647354059641738,0.2604995737084755,0.75667342554117
2011-04-13,0.2624030856731776,0.3763743133004379,0.7171317983517307
2011-04-18,0.2653887789965505,0.39108098223993,0.6809923568033163
2011-04-21,0.2948017345714689,0.3995379251388448,0.6500971070247685
2011-04-27,0.3945470280276674,0.3646641028168601,0.6296531007050005
2011-05-02,0.3951198890071078,0.2202219223267048,0.610890443769169
2011-05-05,0.3094781154842629,0.1492122255158502,0.5867774575063766
2011-05-10,0.5054385532345794,0.195934758436191,0.5802703451646327
2011-05-13,0.3309948774057086,0.1855408162730519,0.5603283077439188
2011-05-18,0.3698237296624586,0.1979387085727857,0.5450879414974021
2011-05-23,0.1857186680286821,0.1336632868398282,0.5163383996199046
2011-05-26,0.3438364054418006,0.253500145520718,0.5025382400856563
2011-06-01,0.4553569093507569,0.3003298898180406,0.4987637336268644
2011-06-06,0.1331013585713637,0.3897584055239023,0.46951074362242434
2011-06-09,0.1749715015870405,0.4107474544103808,0.4459476042595937
2011-06-14,0.2335063600217836,0.2500228624454549,0.4289523047205689
2011-06-17,0.3334929001498332,0.1522232288574774,0.42131555235491003
2011-06-22,0.3508760392097126,0.1708398476676129,0.41568039130329426
2011-06-27,0.3462063957352491,0.1451310269980431,0.41012247165785065
2011-06-30,0.3672027440542124,0.2202448873204729,0.4066888934495596
2011-07-06,0.4028844813484017,0.1937480882876259,0.406384540481467
2011-07-11,0.6935980601936924,0.1777693566286334,0.5787126523088022
2011-07-14,0.6545328747977851,0.1838990549303456,0.624204785802192
2011-07-19,0.6475737211713902,0.1946133124047206,0.6382261470237109
2011-07-22,0.824395846839249,0.2103332622413506,0.7499279669130338
2011-07-27,0.913637355807878,0.260279589648564,0.8481536002499402
2011-08-01,0.5768871740834466,0.14112305637987,0.8264522861566208
2011-08-04,0.5601601589241474,0.1198450162636524,0.805148915978023
2011-08-09,0.3451012309925,0.1230758061749971,0.7683451011791812
2011-08-12,0.3341376142181882,0.1346277348891205,0.7336085022223018
2011-08-17,0.4672700773060866,0.1468060719439242,0.7123014282290047
2011-08-22,0.5268921423681483,0.1586564497313937,0.6974686853601362
2011-08-25,0.5358021162999217,0.15660192765555,0.684535359835319
2011-08-30,0.5753613791399286,0.1498353166126665,0.6758014413796878
2011-09-02,0.567436241164507,0.1412833588455376,0.6671322253624733
2011-09-08,0.9373566216466016,0.2188789744363844,0.8292668631329503
2011-09-13,1.0096894285694558,0.2086867015468435,0.9375204023948536
2011-09-16,0.9076514605793312,0.1932042470708863,0.9351308870496118
2011-09-21,0.7435739281728351,0.1559323857499249,0.9198063303394697
2011-09-26,0.9110421978047218,0.1455630039517335,0.9191051997366899
2011-09-29,0.6332406737899797,0.1142709956384898,0.8962360376609532
2011-10-04,0.4704305409137712,0.0989090586004102,0.8621715979211787
2011-10-07,0.3779982619392312,0.081951603607572,0.823437731042623
2011-10-12,0.2936746037197805,0.0752772058051564,0.7810566808567956
2011-10-17,0.3196260377909317,0.0874300259372912,0.7441422294115265
2011-10-20,0.4106988311211355,0.1499336262787076,0.7174667575482953
2011-10-25,0.3465759882256495,0.1420590777056364,0.6877954960024836
2011-10-28,0.2757386783833992,0.094838196396627,0.6548309505929569
2011-11-02,0.2308120813977803,0.060970161098841,0.6209094410573428
2011-11-07,0.6782938403498688,0.1143347325318552,0.6553400806328584
2011-11-10,0.6532653839786673,0.1078014094456752,0.6551741049005232
2011-11-15,0.5944838878869051,0.1014529687176155,0.6503188875394338
2011-11-18,0.7250460040343496,0.1105940321362654,0.6951551574363832
2011-11-23,0.7892467534465474,0.1250522439411233,0.7516101150424817
2011-11-29,0.9894224775211368,0.2097593195570249,0.8942975325296747
2011-12-02,0.6820762863013173,0.3091532167173058,0.8773198328314061
2011-12-07,0.6683966244132802,0.3164647660313423,0.8606059761579561
2011-12-12,0.5718628710078767,0.3368398555832076,0.8375065277459497
2011-12-15,0.6523403049006316,0.3323755230320165,0.8226932299183243
2011-12-20,0.4826556341479141,0.3706772044746946,0.7954902222566915
2011-12-23,0.648452497197167,0.3045044228763207,0.7837272042519297
2011-12-29,0.5773464407268768,0.2668195113330393,0.7672167431699255
2012-01-04,0.5662619157286134,0.2368682494934617,0.7511403569746206
2012-01-09,0.4188801943331735,0.2291192167976372,0.7245595439633048
2012-01-12,0.3119497220557129,0.1906367275908073,0.6915507582106974
2012-01-18,0.3701749626480617,0.2409598273295349,0.6658406945656866
2012-01-23,0.2214254205912333,0.2362035654766036,0.6302874726477303
2012-01-26,0.1543350672693989,0.2206128180953894,0.5922112802174638
2012-01-31,0.2000248944485014,0.2026740330735624,0.5608363693559468
2012-02-03,0.2464156173627911,0.2402312380915434,0.5356827091964944
2012-02-08,0.4326736025645104,0.2199315987893891,0.5274419806659357
2012-02-13,0.6801416937988318,0.1767841426614204,0.6190618085456734
2012-02-16,0.7025930266116097,0.2101292183963456,0.6691805393852353
2012-02-22,0.7310790282459368,0.1907948887805224,0.7063196327016562
2012-02-27,0.6438043425094214,0.1672031154567899,0.7013184094862774
2012-03-01,0.4127854151366467,0.2024498567742227,0.6782357699383069
2012-03-06,0.8954707577246095,0.2687894050251709,0.8085767626100884
2012-03-09,0.9022402081342672,0.2650118241876315,0.8647748299245956
2012-03-14,0.3972649829603304,0.3559048828894771,0.8273740421674545
2012-03-19,0.40348951851686,0.3743785724418623,0.7934632802754069
2012-03-22,0.4616107003513816,0.3873890191635264,0.7669150738814849
2012-03-27,0.4388718623786355,0.3605521539665135,0.740671616961257
2012-03-30,0.6682822402868545,0.3500436783869223,0.7348804668273049
2012-04-04,0.3914314168737106,0.3350106602770192,0.7074045428310174
2012-04-10,0.5842778887089909,0.2544041962257911,0.6975544105012553
2012-04-13,0.3869222384189059,0.1607989301637052,0.6727038367346674
2012-04-18,0.3709240899546674,0.1326925253032152,0.6485614569922674
2012-04-23,0.3715920438741568,0.1173825830845114,0.6264039039428186
2012-04-26,0.3464436942656913,0.1043197569162967,0.6040070871686485
2012-05-01,0.3058246666679811,0.0964204604650491,0.5801524935285951
2012-05-04,0.3097686304300509,0.0896315893297609,0.5585217844807115
2012-05-09,0.4053013974464757,0.1101839919135312,0.5462641535179726
2012-05-14,0.5974897156925694,0.1091078642049038,0.5769994908227307
2012-05-17,0.7264028811459764,0.1476553838120342,0.6666415250166782
2012-05-22,0.7586143863391139,0.1469230847475518,0.7218252418101396
2012-05-25,0.4325101119762815,0.105349919246661,0.6986800314234309
2012-05-31,0.4694343479257872,0.0981073811267721,0.6803403767436195
2012-06-05,0.4951137150432833,0.087258522597995,0.6655222438075925
2012-06-08,0.2994683423620243,0.0619247350631231,0.6362379316919471
2012-06-13,0.3361604113662371,0.0768109225808532,0.6122317300658904
2012-06-18,0.2922114586900753,0.0858776679057404,0.5866301083558252
2012-06-21,0.2555297286871548,0.0915181555788519,0.5601420779823316
2012-06-26,0.1886847393982755,0.0755287706081662,0.5304254908956072
2012-06-29,0.1620771497870985,0.1210749371713938,0.5009576236069265
2012-07-05,0.1480390975202462,0.1608856898829664,0.4727241415199921
2012-07-10,0.1953679119604076,0.1835304373882957,0.4505356431552254
2012-07-13,0.3261928451793626,0.2197385748058523,0.44058821931715636
2012-07-18,0.5422629214397059,0.2265007852794479,0.5015930405906861
2012-07-23,0.8121762080446424,0.2436113014842209,0.6879429410630599
2012-07-26,0.892303552431803,0.2714786838161357,0.8105593078843056
2012-07-31,0.8515535344498786,0.2967936786774941,0.8351558438236494
2012-08-03,0.7497864070462407,0.2435901232206725,0.8283262888814568
2012-08-08,0.7586608220863258,0.2431110122574401,0.8227530515378463
2012-08-13,0.6827019834414653,0.2272778252225869,0.8115489660901358
2012-08-16,0.623796696161999,0.2328506587643719,0.7965287844958849
2012-08-21,0.1758612988109212,0.3197722974577707,0.7468753856410879
2012-08-24,0.088845256544904,0.4230447416144071,0.6942329753133932
2012-08-29,0.2088682381774369,0.3856632123587777,0.6554037963425168
2012-09-04,0.0836831795335878,0.4208911114712234,0.6096661469978025
2012-09-07,0.4774913788128879,0.3379354651723783,0.5990921655430094
2012-09-12,0.5040964029302046,0.2986242038312606,0.5914925045339849
2012-09-17,0.5531744636818049,0.2563795625192986,0.5884270612658106
2012-09-20,0.6152975450664878,0.2231403061850136,0.6045493515462169
2012-09-25,0.5759687767961027,0.2161334702586489,0.6022629055662078
2012-09-28,0.4706597914237934,0.1522994449458916,0.5917346564348146
2012-10-03,0.3460394063794029,0.1606881245121252,0.5720790364303817
2012-10-08,0.3083730302551882,0.1586556027650265,0.5509825559363662
2012-10-11,0.411929886467563,0.1496687292555189,0.539858342378862
2012-10-16,0.5161426645743336,0.1940673167365925,0.5379610881544997
2012-10-19,0.4026118149567608,0.1566854295060019,0.5271331462986806
2012-10-24,0.3954974660300168,0.2294982446646215,0.5166022918771874
2012-10-31,0.6511493819154689,0.2263250095899491,0.5973305459001563
2012-11-05,0.5940201127013623,0.2351597999971487,0.5970657112442529
2012-11-08,0.7451249365369389,0.2957160311388634,0.6859012464198645
2012-11-13,0.6676144707963495,0.3063387745274523,0.6844383043699833
2012-11-16,0.2108440765422908,0.369829500373785,0.6465507661437679
2012-11-21,0.4474395674017336,0.2660048067082208,0.6306218702444052
2012-11-27,0.2861584668922227,0.3155937492410717,0.6030647979762306
2012-11-30,0.2804905840154142,0.3320528732549543,0.5772588608593653
2012-12-05,0.3872995889376374,0.3513703397404852,0.562062119105627
2012-12-10,0.0718002018152356,0.4221463028106161,0.5228411657223957
2012-12-13,0.0733202195815701,0.3487734162813788,0.4868794900311297
2012-12-18,0.0508322891458926,0.3501114862120618,0.45199571396031074
2012-12-21,0.2406413023836743,0.3208114392688747,0.43508736103417983
2012-12-27,0.229751400304182,0.3379504575003069,0.41866048417578
2013-01-02,0.5367702308609494,0.2904178025152149,0.4895263321868817
2013-01-07,0.472579717891623,0.2814863168751809,0.48817060304326104
2013-01-10,0.2998985686949311,0.2503859723642876,0.4731088402953947
2013-01-15,0.3297555835364165,0.2436173253643674,0.4616405797546765
2013-01-18,0.2277168251674901,0.3073714425858851,0.4429266793877016
2013-01-24,0.1150237239302345,0.312786635710477,0.41669444295110425
2013-01-29,0.0629581785766699,0.2860020579180902,0.3883955418011495
2013-02-01,0.0304807941460332,0.4389503814021219,0.3597623619887402
2013-02-06,0.0973449939137413,0.3735650939253873,0.3387689725427403
2013-02-11,0.0785580013143702,0.4210340970818179,0.31795209484447073
2013-02-14,0.1136080809188297,0.417816387053455,0.3016045737304195
2013-02-20,0.1848253293036591,0.3726974729505669,0.29226223417627867
2013-02-25,0.2741097667692451,0.3859425889682458,0.290810036783716
2013-02-28,0.3022729909356665,0.302409566207646,0.2976878092748863
2013-03-05,0.351474014509374,0.3216411253623382,0.3299595324155789
2013-03-08,0.4362252101473047,0.3072192921274255,0.39371893905461436
2013-03-13,0.4392798755338199,0.2970230641316564,0.42105550094213773
2013-03-18,0.6790153889138536,0.2457915946240394,0.5758314337251672
2013-03-21,0.4059820337210865,0.172425667367086,0.5622434817248407
2013-03-26,0.2575286410197332,0.118289698594118,0.5378662944684321
2013-04-01,0.3709724376527853,0.1456566976559302,0.5245147859231805
2013-04-04,0.4118795554374235,0.1716943575659684,0.5155039674843199
2013-04-09,0.3411728973482998,0.194174572370824,0.5015574818734383
2013-04-12,0.3300112400053363,0.1565128879643975,0.4878337825239902
2013-04-17,0.0777711070015125,0.0867312637218547,0.455028768482192
2013-04-22,0.250535509743366,0.1602492517013578,0.43866930778308594
2013-04-25,0.4772322388175507,0.2213795001838999,0.4618070664037648
2013-04-30,0.587231174718575,0.2658362925983673,0.5370615313926509
2013-05-03,0.6929939006457239,0.2357283301954984,0.6306209529444946
2013-05-08,0.7148627553447015,0.2534338854809452,0.6811660343846186
2013-05-13,0.3160627523240235,0.3198433515802482,0.6519577718197711
2013-05-16,0.241935347227902,0.3093180320594803,0.6191559778524216
2013-05-21,0.1824504653039493,0.3492383187782402,0.5842195368485438
2013-05-24,0.3253116489967569,0.3753741007693835,0.5635069058204009
2013-05-30,0.302501091293392,0.4027263201954393,0.5426264406582402
2013-06-04,0.2374065436485101,0.4485253824808865,0.5182088488974618
2013-06-07,0.4241804052928332,0.3764086332023724,0.5106865734090915
2013-06-12,0.3512279735587681,0.3610860535127565,0.49792988542106564
2013-06-17,0.3377912658718355,0.3919110881508701,0.48511879585712725
2013-06-20,0.589570170034927,0.39641144240076,0.5477896203638071
2013-06-25,0.7980633428431638,0.3348169851178206,0.6979538538514212
2013-06-28,0.9394238798700606,0.323323905989144,0.8428358694626048
2013-07-03,0.9269057408687976,0.3257384249051752,0.8932777923063204
2013-07-09,0.9707380431570756,0.3140660874366961,0.9397539428167736
2013-07-12,1.5266593680332488,0.2662776784068526,1.2918971979466587
2013-07-17,1.4966630599204014,0.2692167367256223,1.4147567151309044
2013-07-22,0.7345473073158232,0.3092084799656266,1.3603399625056978
2013-07-25,0.3630364059298682,0.3546166536351314,1.2805556779796314
2013-07-30,0.3085071723467137,0.359735384303294,1.2027917975289981
2013-08-02,0.0969048870434135,0.451946029254929,1.1143208446901514
2013-08-07,0.1361785146802877,0.4264963154910464,1.0360694582893624
2013-08-12,0.1427259420551666,0.3991885630066689,0.9646019769906268
2013-08-15,0.1360858782274138,0.3888259635805867,0.8983206890895697
2013-08-20,0.1644406259757762,0.4537768971255667,0.8396102840404662
2013-08-23,0.1719574543457145,0.4305217258327595,0.7861980576648862
2013-08-28,0.3751597739416812,0.3655469255974185,0.7533149949670298
2013-09-03,0.4221661618513213,0.2942007658285855,0.7268230883177732
2013-09-06,0.3935207330991709,0.3501492003150267,0.700158899900285
2013-09-11,0.4658972061247654,0.407853247718423,0.6814179643982435
2013-09-16,0.4575574763427413,0.4056953493246749,0.6635091253538035
2013-09-19,0.2067577542100562,0.434970788213877,0.6269690156623037
2013-09-24,0.295711198302576,0.3852202912314857,0.6004683902735255
2013-09-27,0.1320600590864628,0.4476629285321795,0.5629957237785604
2013-10-02,0.6793512798681391,0.3479268428436981,0.6328090574323076
2013-10-07,0.7114953890619473,0.3010275891954511,0.6800208564100915
2013-10-10,0.6643489051205598,0.28517560047764,0.678767100306929
2013-10-15,0.6089450591956248,0.2994580380039523,0.6731813370180246
2013-10-18,0.7061085378519381,0.3934009838010297,0.6929376575183727
2013-10-23,0.7633350293055723,0.3835949521939822,0.7351760805906924
2013-10-28,0.2168624812322393,0.4049495995853818,0.6937109926420162
2013-10-31,0.1139103954624775,0.6042735837153549,0.6473269448676531
2013-11-05,0.1356007948383726,0.625793201148699,0.6063888528653106
2013-11-08,0.0507060903759244,0.6702150065851532,0.5619342318661598
2013-11-13,0.0408440377053698,0.6458749933502137,0.5202470163332966
2013-11-18,0.07522728195545,0.5175181484343059,0.4846454375830689
2013-11-21,0.0503802586315777,0.5707309000281269,0.4499042232669496
2013-11-26,0.0575538420911924,0.5666157726914312,0.41851619277288904
2013-12-02,0.0576789753617498,0.531607421169002,0.3896492153799979
2013-12-05,0.0374076301328131,0.5239299926571686,0.36146988856022316
2013-12-10,0.0792616955937613,0.5661037456101302,0.3388932331229062
2013-12-13,0.1038214888323456,0.608148163652394,0.3200874935796614
2013-12-18,0.1238271348182077,0.637879378371988,0.3043866648787451
2013-12-23,0.1533040894131956,0.4882124443632774,0.2923000588415012
2013-12-27,0.1468382478556383,0.5251506508434483,0.28066311396263216
2014-01-02,0.2171491013748036,0.3971127079882463,0.27558199295560587
2014-01-07,0.13597486384331,0.2775218892595377,0.2644134226266222
2014-01-10,0.0603177879559182,0.3425251148924607,0.2480857718529659
2014-01-15,0.0647780380383397,0.3787539126492357,0.2334211531477958
2014-01-21,0.0236242411141907,0.4125269718969592,0.21663740018510738
2014-01-24,0.4046875303846322,0.2850762513760647,0.32946747830482226
2014-01-29,0.353713449664001,0.2804272762053627,0.34401506112032953
2014-02-03,0.4503206101676251,0.2782390074747939,0.4077983905487069
2014-02-06,0.5067676773995611,0.2022318423118111,0.46717996265921946
2014-02-11,0.8635038824970788,0.2063507226819117,0.7049743145619349
2014-02-14,1.0397072837930283,0.2159377166707769,0.9058140961005909
2014-02-20,0.9139791142234052,0.2025442862457832,0.9107131069742795
2014-02-25,0.4925239955375306,0.2258957214000498,0.8772579780593397
2014-02-28,0.4360674394095503,0.2168119296619103,0.8419627349673565
2014-03-05,0.80322935355259,0.1964642085620061,0.8388640644541752
2014-03-10,1.0764225968726,0.2213393654416371,0.9813991839052301
2014-03-13,0.910526214008724,0.1980966603056672,0.9757293463135096
2014-03-18,1.0732469029207,0.2199603050775514,1.0342398802778239
2014-03-21,0.7667096135694489,0.2212675378579869,1.012837458941154
2014-03-26,0.8798277299584937,0.2525240801737206,1.0021966806225413
2014-03-31,0.5124163224714869,0.3214217709416114,0.963014251970457
2014-04-03,0.2869939371503847,0.359042892287527,0.9089326267848512
2014-04-08,0.2607145604132528,0.3743689818531761,0.8570751814751234
2014-04-11,0.1558979576894146,0.4258853573080922,0.8009810035722668
2014-04-16,0.149759621541578,0.4323342413670386,0.7488832930098117
2014-04-22,0.2100993656630704,0.3773662163270251,0.7057805788220725
2014-04-25,0.2961922746810769,0.3526703292623012,0.6730135144907928
2014-04-30,0.2202320050960383,0.3774688258644061,0.6367909937392124
2014-05-05,0.2540461270653595,0.3857466602201593,0.6061714044053041
2014-05-08,0.2024087281720343,0.4079806551173189,0.5738703903066427
2014-05-13,0.130757766663163,0.4081355761278278,0.5384213804151643
2014-05-16,0.1831268514185056,0.3310111177340523,0.5099978180954317
2014-05-21,0.2470599700908491,0.2862338497618924,0.48896279025506506
2014-05-27,0.1617701591543665,0.321761629850256,0.46278737976700923
2014-05-30,0.2376662786226338,0.3753730711023193,0.4447776916754592
2014-06-04,0.1633058865609538,0.3932038875466524,0.4222599472662988
2014-06-09,0.377191676536025,0.4316023149278465,0.4186544856078769
2014-06-12,0.4249556688864437,0.437152914822368,0.42243519557501696
2014-06-17,0.3132421084224466,0.4627030879629122,0.41369974860281133
2014-06-20,0.2951474124020102,0.4681810727365896,0.4042155617067473
2014-06-25,0.2490283219898494,0.4363768634161548,0.3918005825293954
2014-06-30,0.3811726712192055,0.4562747760713415,0.39095034962458025
2014-07-03,0.5292104336588761,0.4256159280838134,0.47390640004515777
2014-07-09,0.2027288397596188,0.3729759536678844,0.45221219522231465
2014-07-14,0.4537410798954177,0.3580340200973835,0.4531295260261765
2014-07-17,0.8500478752485316,0.2680319784723677,0.6912805355595897
2014-07-22,0.8675286608529748,0.2434785129233138,0.7970294107356207
2014-07-25,0.7807896418061387,0.1843329522582921,0.7957302292212621
2014-07-30,0.5421300786556317,0.2231580842207369,0.7754422171760118
2014-08-04,0.4897841077386161,0.2179819099820446,0.7525895684210202
2014-08-07,0.4253272361945352,0.2045846500980516,0.7264085818429015
2014-08-12,0.4072927657456404,0.2274165232395389,0.7008793165551206
2014-08-15,0.4135362836046612,0.36519129278274,0.6778918739190839
2014-08-20,0.4541549161817766,0.3913347895896083,0.6599929173000993
2014-08-25,0.4355545771710574,0.4036859210122888,0.642037850089776
2014-08-28,0.3832412664995158,0.3376094754666864,0.6213341234025552
2014-09-03,0.2720032847398322,0.4209511000883958,0.5933876563095374
2014-09-08,0.3873702642547129,0.4740628239160635,0.5769062649451515
2014-09-11,0.2530655188403816,0.4867490541892488,0.5509990052567699
2014-09-16,0.0836985972354829,0.4662441799205173,0.5136149726150671
2014-09-19,0.0726996830240038,0.5313122614777204,0.478341749447782
2014-09-24,0.1654557637198149,0.5525301147235236,0.45331087058954467
2014-09-29,0.2543904163804238,0.4590069540406539,0.437397234252815
2014-10-02,0.1060145223428084,0.3603816337481543,0.4108866173000145
2014-10-07,0.2941192628654428,0.3283875923257006,0.4015452289452488
2014-10-10,0.2307714526177107,0.303626203234919,0.38788332683904575
2014-10-15,0.4032456819982599,0.3280654151326783,0.39710073993457423
2014-10-20,0.4520965978205958,0.2798027255136092,0.4300982546661872
2014-10-23,0.4445921601606108,0.3039676526084865,0.43879459796284137
2014-10-28,0.6894941344387161,0.2772031147608874,0.5892143198483663
2014-10-31,0.4439709574431652,0.313519406163972,0.5775948508559502
2014-11-05,0.4684627128450199,0.3106385928415882,0.5688642798150758
2014-11-10,0.4108693518367065,0.3203285120493678,0.5562246855768063
2014-11-13,0.1289085188694061,0.3471696853148157,0.5220393922402142
2014-11-18,0.0536116340714294,0.4172136396624311,0.4845651715867115
2014-11-21,0.0888598857308496,0.4620710353841682,0.45290874871824255
2014-11-26,0.0490517094010092,0.4131269721258968,0.42060018557286394
2014-12-02,0.2657258690913598,0.4635221134870065,0.40821024025434366
2014-12-05,0.2554349454888657,0.4672051508260398,0.39598821667310546
2014-12-10,0.6949569394246055,0.3716211081894469,0.5753694503240054
2014-12-15,0.576936024136477,0.4018999550420443,0.5763093946114883
2014-12-18,0.7270203597131594,0.341217252799414,0.6667359736724909
2014-12-23,0.7474109014498094,0.3101045879650957,0.715140930338882
2014-12-29,0.4389885482303546,0.3085944148416012,0.6930487397701999
2015-01-02,0.4571008961034658,0.301779648574274,0.6741729122768612
2015-01-07,0.3829214879050324,0.2931204757604071,0.650872798327115
2015-01-12,0.3154212886846033,0.299410932062115,0.624036677555714
2015-01-15,0.8877329240048876,0.2678448836753662,0.7822544254252182
2015-01-21,0.5305995279647924,0.2966136939067879,0.7621220336283842
2015-01-26,0.4090073145276575,0.3437915127492917,0.733872856100326
2015-01-29,0.3905119886922645,0.340560684441082,0.7064039867076811
2015-02-03,0.4918804243361744,0.3168378197947956,0.6892421017179606
2015-02-06,0.2893491220413042,0.31192456437949,0.6572506633438282
2015-02-11,0.3037921925190021,0.2911336480441102,0.6289739856778421
2015-02-17,0.2793197682834936,0.4127422122463007,0.6010016482862943
2015-02-20,0.2695763242837526,0.3332741706646699,0.5744876223660911
2015-02-25,0.2172544810490545,0.3113152074711296,0.5459089710607282
2015-03-02,0.0188918378205302,0.4590474960230741,0.5037476004015123
2015-03-05,0.0326712519897103,0.5018977341632668,0.4660614925285682
2015-03-10,0.100035669953161,0.4132436205263697,0.4367794267225356
2015-03-13,0.106900277675986,0.3603909614943265,0.41038909479881164
2015-03-18,0.0647934252720302,0.4446727371211539,0.3827414412366691
2015-03-23,0.0901633407034559,0.4701048940375098,0.359335193194012
2015-03-26,0.1313234480632449,0.4970684435309888,0.34109425358355067
2015-03-31,0.1009284641550013,0.5094653325865627,0.3218809904292667
2015-04-06,0.124624371907622,0.5000554741392628,0.3061004609475352
2015-04-09,0.0295009325488055,0.6233483203617596,0.2839724986756368
2015-04-14,0.0335578182354812,0.5825455961260438,0.2639393242404244
2015-04-17,0.0961668736960186,0.5925278401424112,0.2505175281968719
2015-04-22,0.1033414552826514,0.5468539509717372,0.23874344236373427
2015-04-27,0.1218381586522708,0.5511024894131253,0.2293910196668172
2015-04-30,0.1909939074941651,0.4880235719348799,0.22631925069300501
2015-05-05,0.2044364228151415,0.4963601609433045,0.22456862446277592
2015-05-08,0.3431758917689492,0.4939135604168274,0.2957329848464799
2015-05-13,0.4425823486694433,0.4884146941571422,0.383842603140258
2015-05-18,0.2822306146027034,0.471177671473776,0.3757136440572536
2015-05-21,0.2581082213491062,0.426067084251983,0.36630521024060186
2015-05-27,0.3920729401953481,0.4375487265630197,0.3817658482134496
2015-06-01,0.25445082726442,0.4221198338594362,0.37158064653752726
2015-06-04,0.2914380697333842,0.3792661593973727,0.36516924039319587
2015-06-09,0.1707679580770725,0.3162241388676693,0.34961713780790604
2015-06-12,0.0538245571567086,0.3035545537317725,0.32595373135581024
2015-06-17,0.0677196853549786,0.4164780663821916,0.3052950076757437
2015-06-22,0.231309558854681,0.2382252008620442,0.2993761717700587
2015-06-25,0.2330534451522597,0.2376030838469296,0.29407035364063483
2015-06-30,0.4740944141086526,0.1287465814530083,0.4020847899214455
2015-07-06,0.3216230730801512,0.0840008000022261,0.3956478525741419
2015-07-09,0.4399403664763246,0.0914047512876286,0.42222336091545154
2015-07-14,0.4336556737257518,0.086367085485677,0.4290827486016317
2015-07-17,0.473433948589278,0.0898233677019217,0.4556934685942195
2015-07-22,0.617995457672369,0.1115674976956029,0.5530746620411092
2015-07-27,0.7422465247748457,0.1163972865457814,0.666577779681351
2015-07-30,1.2136956211450924,0.2035422177299924,0.9948484845595958
2015-08-04,1.1820184105655838,0.2535594631161905,1.1071504401631886
2015-08-07,0.5723852816298003,0.3970115222814775,1.0643692274805177
2015-08-12,0.4986529749298748,0.3452779187052472,1.0191119272764662
2015-08-17,0.7193645421503003,0.3125010937029832,0.9951321364663729
2015-08-20,0.551218835512343,0.3102553323220366,0.9596190723900505
2015-08-25,1.3817687477383502,0.2996352046041461,1.2129088775990304
2015-08-28,1.3508994322581116,0.2533933071769831,1.2957032103944792
2015-09-02,1.416377513642169,0.2589395650935976,1.368107792343093
2015-09-08,1.3693793281316515,0.2737466001480415,1.3688707138162282
2015-09-11,1.2862631950884458,0.267108193373418,1.3622621123180056
2015-09-16,1.3550176382597483,0.2480952778233258,1.361682554393345
2015-09-21,1.075111654481714,0.2869735798344699,1.3387568824004146
2015-09-24,0.5431393961574248,0.312779634070828,1.2751074835009755
2015-09-29,0.5844139261715173,0.3152288731496335,1.2198519989146188
2015-10-02,0.4891504768701328,0.3385644484758422,1.16139587715106
2015-10-07,0.5586869230590328,0.3359889047724657,1.1131791608236978
2015-10-12,0.7332085591938616,0.3268603309033788,1.0827815126933111
2015-10-15,0.9266589549273584,0.3205784189198069,1.0702917080720349
2015-10-20,0.6812447331236475,0.353621450979848,1.039167950076164
2015-10-23,0.5799725782351711,0.34097668628635,1.0024323203288845
2015-10-28,0.5399267634329026,0.3366910936892506,0.965431875777206
2015-11-02,0.4248820639169262,0.3812198680325049,0.9221878908283837
2015-11-05,0.1848844351087682,0.4432088458857938,0.8632036143708146
2015-11-10,0.1147836243864933,0.4351671619660315,0.8033300151720689
2015-11-13,0.1058600634968961,0.4206215245471009,0.7475324190380551
2015-11-18,0.0810549368295997,0.4585556592245914,0.6942142204613787
2015-11-23,0.0898302007864138,0.3436194768196167,0.6458634988873816
2015-11-27,0.0851033220944735,0.5036459340085881,0.601002684743949
2015-12-02,0.1196475974004112,0.5592045157174261,0.5624942777564661
2015-12-07,0.0424657500352034,0.4140879396837587,0.5208919955387651
2015-12-10,0.0739010441148654,0.4012211947102305,0.4851327194248531
2015-12-15,0.2113440719533865,0.3880267330159704,0.46322962762713576
2015-12-18,0.2055944357194232,0.3637788229758567,0.44261881227451877
2015-12-23,0.2025833830106454,0.3137102172411281,0.4234159779334089
2015-12-29,0.1971982898604332,0.2713848341287719,0.4053185628875709
2016-01-04,0.4435024181697046,0.2422790667543046,0.4282288760568511
2016-01-07,0.7006903055032748,0.259950238781882,0.5917057337247054
2016-01-12,0.5056173338212826,0.3276420769991614,0.5848186617324316
2016-01-15,0.5143107350610687,0.3471836292741078,0.5791780275987226
2016-01-21,0.8072413218865937,0.2732994117573263,0.7160160041714453
2016-01-26,0.7658324825680775,0.2745586774205358,0.7459058912094245
2016-01-29,0.6374466177938382,0.3252660662579822,0.7372291493361777
2016-02-03,0.6281365103871738,0.3051228494837825,0.7285017382202574
2016-02-08,0.6587969381090604,0.2927871844930707,0.7229253542113617
2016-02-11,0.848075773601611,0.2874782545915559,0.7980156058455112
2016-02-17,0.9127759208522908,0.2924262108201312,0.8668717948495789
2016-02-22,0.6593502909532077,0.3306638074384905,0.8502700745378692
2016-02-25,0.6797708541230836,0.3302839411343064,0.8366301369046864
2016-03-01,0.7408625916135542,0.2210030435631207,0.8289687332813959
2016-03-04,0.6720301265758682,0.2022071879269535,0.8164136447449536
2016-03-09,0.6487248476002448,0.2254282399563642,0.8029985409733769
2016-03-14,0.5684690250416506,0.3070993003231623,0.7842361796988389
2016-03-17,0.4004079957963407,0.3369343339055669,0.7535299249866391
2016-03-22,0.3143262455229426,0.341524304350841,0.7183936306295434
2016-03-28,0.4488635258079801,0.3405270523866832,0.6968312222438183
2016-03-31,0.3508170734072603,0.3796891599297721,0.6691500903368937
2016-04-05,0.3611785182066742,0.3488475139232679,0.6445123645664761
2016-04-08,0.3064535446928435,0.3660841470467098,0.6174676589765855
2016-04-13,0.3409164512403782,0.3341263038661567,0.5953435623576889
2016-04-18,0.4048685115916527,0.3007140446467829,0.580105558296406
2016-04-21,0.4255660971108867,0.2993288430142626,0.5677424014015645
2016-04-26,0.4640475953485183,0.3330142960263554,0.5594468169173209
2016-04-29,0.463609300315499,0.3471141904267321,0.5517798155891751
2016-05-04,0.4153191766349661,0.3404118047809366,0.5408629644728384
2016-05-09,0.3213219774339291,0.3635321337903461,0.5232996855097257
2016-05-12,0.1470880806531451,0.4308472198109375,0.4932027571211993
2016-05-17,0.1486815825355114,0.3828942123192161,0.4656410631543443
2016-05-20,0.2358573894289365,0.2847763941348691,0.4472583692563117
2016-05-25,0.3205411900470151,0.300326669869175,0.43712099491956796
2016-05-31,0.5481993294368447,0.2909659160888174,0.503767995629934
2016-06-03,0.1667671606032251,0.3418258950813942,0.4768079288277973
2016-06-08,0.2051200588235404,0.373845207133742,0.45507289922745675
2016-06-13,0.6701095540286661,0.4050289830820811,0.5840948921081823
2016-06-16,0.5661425721654683,0.435771214335603,0.5826587065127652
2016-06-21,0.8703230405365218,0.3571208509963939,0.7552573069270192
2016-06-24,1.119914737616965,0.13685334592836,0.9740517653409866
2016-06-29,1.7317712156234824,0.1879446393428306,1.428683435510484
2016-07-05,1.9439703960224397,0.1944212931165642,1.7378556118176576
2016-07-08,1.883483922172843,0.1842468879005719,1.8252325980307686
2016-07-13,1.6932955635001572,0.1894770819438805,1.8146776352683198
2016-07-18,1.396821383375167,0.1660278570906046,1.7812491351168676
2016-07-21,1.4994181419690122,0.1738402155725366,1.7587026556650391
2016-07-26,0.353071414712679,0.3811664543352667,1.6462521563888506
2016-07-29,0.1794890765854329,0.2762716984449029,1.5289111100045771
2016-08-03,0.1311325755496728,0.3074150596300192,1.4170888272481847
2016-08-08,0.1639523262570837,0.3555376444915589,1.3168379071688967
2016-08-11,0.1835150771192072,0.4436039845799572,1.2261720807649215
2016-08-16,0.1592359913977644,0.4440570971874756,1.140817193615549
2016-08-19,0.1725241955848093,0.4759005368856955,1.0633537537730897
2016-08-24,0.2574974973977432,0.4632548301064593,0.9988852532630621
2016-08-29,0.198594906709222,0.3929087204804888,0.934862025538755
2016-09-01,0.2076460963262492,0.3341468213958615,0.8766847512017545
2016-09-07,0.0529067395360816,0.413398821779129,0.8107825102685008
2016-09-12,0.0972761936509155,0.4912828489704332,0.753702004939094
2016-09-15,0.1216246766481576,0.4640951010822567,0.7031358186758191
2016-09-20,0.1321305673650955,0.4713749451043276,0.6574553985709611
2016-09-23,0.2443193769290626,0.4443922228699458,0.6244045168396093
2016-09-28,0.2600602667735593,0.4968046937636369,0.5952569768343253
2016-10-03,0.1954339168684429,0.5018698994033768,0.5632711320370547
2016-10-06,0.2417303119062701,0.510160939800402,0.5375478664265919
2016-10-11,0.2814597523958585,0.523664342478864,0.5170608173041332
2016-10-14,0.3104480467879072,0.5330008433377299,0.5005317956628351
2016-10-19,0.4981065686940704,0.4538316258376756,0.5003377775053339
2016-10-24,0.2188197896989349,0.4799810090008188,0.477816338480822
2016-10-27,0.3822251875511967,0.4539393637561811,0.470169046406452
2016-11-01,0.3004630159630473,0.5391750251438178,0.4565925639709797
2016-11-04,0.6734190056302279,0.4494698906663662,0.5866884289665286
2016-11-09,0.423942802108011,0.4248017735840448,0.5736687788178473
2016-11-14,0.1826469065342099,0.4956141747439547,0.5423870290351563
2016-11-17,0.2093247597047909,0.4627112320185494,0.5157420474887271
2016-11-22,0.1908788775504677,0.4945694389024767,0.48975299389366633
2016-11-28,0.1508811841432539,0.4834018179734632,0.46264324911363336
2016-12-01,0.1556822268787723,0.4607023087654966,0.43808636733484446
2016-12-06,0.0572701270148754,0.4933897791337033,0.4076210681092469
2016-12-09,0.2128963311416586,0.5058409736957669,0.3920430891518399
2016-12-14,0.2248881680077925,0.4262077456328833,0.3786706954603161
2016-12-19,0.1725067173766931,0.3694774544762217,0.36217757721362626
2016-12-22,0.1888983487223883,0.3540725892854104,0.34831523893432725
2016-12-28,0.1421809854159753,0.3799344373236118,0.3318244986528591
2017-01-03,0.0790145129630236,0.3927972835150908,0.31159969979767227
2017-01-06,0.0355490870673379,0.3644275838026765,0.28951565077924557
2017-01-11,0.1404496026166968,0.3781372535024587,0.27759036692624167
2017-01-17,0.2205039492796901,0.295730621081096,0.27302345351451757
2017-01-20,0.1393250130159715,0.2804358981406573,0.2623275782746339
2017-01-25,0.2323860431303503,0.2715038595037797,0.2599322554630912
2017-01-30,0.3022829649886857,0.2379098744021942,0.28534268117844785
2017-02-02,0.4444267488550436,0.2571279361604515,0.3807931217844053
2017-02-07,0.5164849557558179,0.2836832036695886,0.4622082221672528
2017-02-10,0.5885481946487543,0.2749077975252175,0.5380122056561537
2017-02-15,0.4978287624098471,0.2806038929764828,0.5347975301964492
2017-02-21,0.5630163390178964,0.2780174794133153,0.5517288154893174
2017-02-24,0.4059193377631155,0.3269900952342343,0.5400640572712212
2017-03-01,0.2745038226589622,0.36969721686157,0.5188192385022405
2017-03-06,0.1988890850212805,0.4520345908812019,0.49322482622376373
2017-03-09,0.1149174212939094,0.45074007371484,0.4629602338293754
2017-03-14,0.0715638617938079,0.4256697087747397,0.43164852406653004
2017-03-17,0.1636017885309438,0.4517525984709435,0.4102047852236832
2017-03-22,0.1306332151419263,0.4559718208226305,0.3878390596171427
2017-03-27,0.1397509452056108,0.4633832728058723,0.36799201046422014
2017-03-30,0.1206349444851223,0.5237206990887023,0.3482034451858923
2017-04-04,0.2042461298428545,0.4642632844211244,0.3366868599584493
2017-04-07,0.1846594150527935,0.4008642661611324,0.3245246643659969
2017-04-12,0.2689817260243496,0.3989881830054485,0.32008122929866517
2017-04-18,0.1492503298915374,0.375689305806875,0.3064147573460949
2017-04-21,0.2356509406640854,0.3433173706870324,0.30075365201153414
2017-04-26,0.5210525080523445,0.2128887071726109,0.43293296563602035
2017-05-01,0.8142946738063702,0.2521300889053653,0.6617499905382302
2017-05-04,0.7874488009893253,0.25884910398461,0.7371692768088873
2017-05-09,0.6814624288196427,0.1964583961367264,0.7327127289697478
2017-05-12,0.567279501201761,0.2170458170502816,0.7194780707483088
2017-05-17,0.9741495174464884,0.1879577417301998,0.8722809387672166
2017-05-22,0.8305186945768998,0.2894280089079088,0.8689399592319913
2017-05-25,0.7471751415105806,0.3024810810839167,0.8591987738142786
2017-05-31,0.735603473595152,0.3109378386101046,0.8493111497967485
2017-06-05,0.6357337705542319,0.3081333189850616,0.8322249594573472
2017-06-08,0.7163776861539928,0.3107602298577487,0.822957177593079
2017-06-13,0.8883522590857875,0.3025289422137745,0.8621942264887041
2017-06-16,0.4141158440434468,0.3064013971461802,0.8263479558930836
2017-06-21,0.2482966897684086,0.3794014537023872,0.7801038546031096
2017-06-26,0.3319658201650312,0.3509624500965432,0.7442528118480634
2017-06-29,0.0743074139731112,0.4512132417237816,0.6906571800180672
2017-07-05,0.0610296632279052,0.4184037861634977,0.6402869786748543
2017-07-10,0.0841251148115473,0.515489602730571,0.5957940295657899
2017-07-13,0.086377405203324,0.4902073864260671,0.5550406996167926
2017-07-18,0.1013804724710941,0.5664839474620871,0.5187478814451367
2017-07-21,0.1174389123473044,0.5721557245194699,0.48664316391731016
2017-07-26,0.076583482362809,0.5733580990283872,0.45383838939295007
2017-07-31,0.0998857810207781,0.6413697435682785,0.4255221807231763
2017-08-03,0.1025256213642941,0.5107465803171555,0.3996824559744657
2017-08-08,0.1775510290460271,0.3826589795545331,0.3819119418201906
2017-08-11,0.525273922661728,0.3435307462393364,0.4679291303251131
2017-08-16,0.5761300031561932,0.3435995071912207,0.5328496540237612
2017-08-21,0.4780447905288594,0.3439644060964263,0.528465264944169
2017-08-24,0.7030068856839135,0.3058753617827573,0.6331902373880156
2017-08-29,0.8053540893912748,0.2998129694155306,0.7364885485899711
2017-09-01,0.8045555955716077,0.2805001778210032,0.7773287767789532
2017-09-07,0.9106130204824596,0.2267529349336192,0.857299323001057
2017-09-12,0.934139560457577,0.2485475792926069,0.903403465474969
2017-09-15,0.9037095359426764,0.2771378675311151,0.9035871077555935
2017-09-20,0.7728694307050937,0.3058334130704233,0.8931296935915535
2017-09-25,1.001560514148779,0.2942075437333643,0.9581881859258887
2017-09-28,0.8866533355673074,0.3121786847423714,0.9524653978972022
2017-10-03,0.3114645429255016,0.3356763115484887,0.9011853294994662
2017-10-06,0.4131488771510673,0.3295690928594161,0.8621424133115944
2017-10-11,0.1676984396149806,0.3609454560388813,0.8065868954158653
2017-10-16,0.1479723230194274,0.3386393445013886,0.7538977296241502
2017-10-19,0.1996942333936768,0.2933784500365348,0.7095614499257125
2017-10-24,0.095206575134799,0.2965258121914758,0.6604130599424394
2017-10-27,0.0175959249826319,0.3643190422449064,0.6089876891456548
2017-11-01,0.0169145708968459,0.459918963244366,0.5616218396857502
2017-11-06,0.0104112432176377,0.4537465381239783,0.5175249919683013
2017-11-09,0.0629835051454798,0.546083416958621,0.4811616730224756
2017-11-14,0.06858658867063,0.5476890695443356,0.44815566627432796
2017-11-17,0.1913228343577563,0.5438881869466559,0.4276090397210023
2017-11-22,0.3785745078725918,0.5059114963711392,0.42368627717312946
2017-11-28,0.3663734511009981,0.4462735771960938,0.41910125108735896
2017-12-01,0.3508610032974493,0.4299449334331596,0.4136420312641662
2017-12-06,0.5337138093712249,0.4026202433393404,0.48568509812840144
2017-12-11,0.5450832043713785,0.2968993728952161,0.5213239618741876
2017-12-14,0.2635775452663094,0.3633296544128123,0.5007042485455574
2017-12-19,0.1228263612675979,0.3359565377041617,0.47047401756332063
2017-12-22,0.0484877798544165,0.3510687360935293,0.4367151185466083
2017-12-28,0.0355667853195171,0.4137400854902689,0.40462325188844106
2018-01-03,0.021079915355467,0.5228635177522564,0.3739397849658031
2018-01-08,0.0444031775805052,0.5126937910449433,0.34757685637497926
2018-01-11,0.0539573531151928,0.5359319767820454,0.32408729611419634
2018-01-17,0.0465966941411665,0.5297034834708819,0.30188804795635393
2018-01-22,0.0532360092768316,0.5162981603940754,0.2819958848619922
2018-01-25,0.0320686090106784,0.447462822151823,0.26200170279388707
2018-01-30,0.1288345030230099,0.4232786306798775,0.2513483268122169
2018-02-02,0.3816820963917571,0.4342270453940686,0.329548588559941
2018-02-07,0.7619908796426184,0.3947347247971096,0.5890139632095475
2018-02-12,0.5839134770143691,0.3538116107996831,0.5886059243139332
2018-02-15,0.5651834608602007,0.4188370938816193,0.5867321272376347
2018-02-21,0.5842738243889534,0.4263958367341867,0.5865354630097402
2018-02-26,0.4624975744040827,0.4646718102391961,0.5766124319212877
2018-03-01,0.4964609700336264,0.4424157267411166,0.5702003149702749
2018-03-06,0.312417177654773,0.5584860626673097,0.5495776639850347
2018-03-09,0.2809717534606453,0.547135918057635,0.5280891911430836
2018-03-14,0.4149413900445414,0.4566984353398067,0.5190373670552002
2018-03-19,0.3864049200298471,0.437586571857805,0.5084267712931719
2018-03-22,0.4626890219927969,0.3782984583276737,0.504767751349142
2018-03-27,0.7993762904110827,0.3264948261779982,0.6815328747863064
2018-04-02,0.7289480881717258,0.4197838545371102,0.7099820028175581
2018-04-05,0.7830562256617217,0.3949398059025472,0.7538265365240562
2018-04-10,0.9494994239339632,0.3594248730381689,0.8712302689700004
2018-04-13,1.020023173465392,0.3370292610521621,0.9605060116672354
2018-04-18,0.9728258558032082,0.2774576908000731,0.9678979181488191
2018-04-23,0.2919077774578514,0.4885158038692996,0.9138187068935417
2018-04-26,0.2724854611463874,0.4683734276303591,0.8625120472337694
2018-05-01,0.2167555633430362,0.4934803928793143,0.8108515285225109
2018-05-04,0.1172888316917017,0.4555912229260552,0.7553665127760462
2018-05-09,0.0808416933340848,0.520410228512392,0.7014045272206892
2018-05-14,0.1341524894642335,0.4335071086096296,0.6560243642001727
2018-05-17,0.1113791740899552,0.4829752995758118,0.6124527489913554
2018-05-22,0.1078543706581925,0.4554279245483557,0.5720848787247024
2018-05-25,0.121924389092192,0.2464080800329303,0.5360720395541015
2018-05-31,0.5522306062938502,0.1516132970628949,0.5457671795979508
2018-06-05,0.6664265775542336,0.1577514116670876,0.6181628183717205
2018-06-08,0.570137644537843,0.1334949326586642,0.6143208044650104
2018-06-13,0.6390429810510334,0.1344857266322401,0.6291541104166242
2018-06-18,0.6487684872218952,0.137629980619421,0.6409227364997867
2018-06-21,0.8497357318027151,0.1568489260366474,0.7662105336815437
2018-06-26,0.6295609056338376,0.3278485980414708,0.7552785634377271
2018-06-29,1.011944288670923,0.2801662727221631,0.9092779985776447
2018-07-05,0.5640218446156354,0.3752810368888081,0.881657506260684
2018-07-10,0.6094085462082349,0.3671472199890394,0.8598775894564881
2018-07-13,0.5848605510428916,0.4374959689343042,0.8378762263834004
2018-07-18,0.5833607014367994,0.4679387182094735,0.8175149843876724
2018-07-23,0.3438034159655253,0.4960210609318894,0.7796180589139007
2018-07-26,0.2979761249705902,0.5141581024684021,0.7410867041984359
2018-07-31,0.4406281627267372,0.4730314211785057,0.7170500208807
2018-08-03,0.4699993745513454,0.456623180846807,0.6972859691743517
2018-08-08,0.1221130412938404,0.5492669917869337,0.6512721349439109
2018-08-13,0.4438076780135802,0.4024886459902231,0.6346749783894845
2018-08-16,0.5580964544687848,0.3833329444500118,0.6285486964758286
2018-08-21,0.671548992520414,0.3819860933681066,0.6543488741025798
2018-08-24,0.795042891123392,0.3930919399720104,0.7387652843150672
2018-08-29,0.9294660502157364,0.368962267150239,0.8531857438554686
2018-09-04,1.0112022941856813,0.3548956453869497,0.9479956740535962
2018-09-07,0.7726684799608935,0.392779136856666,0.9339694985261799
2018-09-12,0.4868369654817502,0.4758585207123594,0.8981988958826256
2018-09-17,0.4334816319697536,0.4000107607348285,0.8610215147695959
2018-09-20,0.4116702880982811,0.4038703655204152,0.8250734166358907
2018-09-25,0.4623603824056473,0.4315150274008957,0.7960563738974713
2018-09-28,0.2722887450525419,0.4653020202442314,0.754154963589877
2018-10-03,0.1691874428692533,0.3851233000510004,0.7073575619322271
2018-10-08,0.4980928578910347,0.4426211736105555,0.6906163856089317
2018-10-11,0.7713617639783237,0.3527915283796751,0.7390636126305669
2018-10-16,0.5606689541588895,0.4320653478654391,0.7247920399528327
2018-10-19,0.7090059903476285,0.310864996436668,0.7235291559844165
2018-10-24,0.7787465375247448,0.2792360991830946,0.7566595849086134
2018-10-29,0.7584317410369135,0.3279341883734618,0.7577228785855934
2018-11-01,0.5241555656535011,0.3636439288947372,0.7390374935510261
2018-11-06,0.5580295251631221,0.3910304327669956,0.7245568560799938
2018-11-09,0.586824500794377,0.3902947139546692,0.7135382676571445
2018-11-14,0.5884075376650949,0.3893117337611664,0.7035278092577805
2018-11-19,0.3155294333274774,0.4352733419787854,0.6724879391833563
2018-11-23,0.4763994569149244,0.425562614825364,0.6568008606018818
2018-11-28,0.4470057012135778,0.3863497380059609,0.6400172478508175
2018-12-03,0.4421191865989413,0.3146149671635365,0.6241854029506674
2018-12-07,0.289387184524588,0.4239587735291505,0.5974015454765811
2018-12-12,0.3664318199388904,0.3865621683898218,0.5789239674335659
2018-12-17,0.5150761283171995,0.3280178295521061,0.5738161403042565
2018-12-20,0.5174410582181673,0.3661810937067966,0.5693061337373694
2018-12-26,0.3473424286924492,0.3399563675349582,0.5515490373337757
2018-12-31,0.2549798624957363,0.3493731861274113,0.5278235033467327
2019-01-04,0.3017208526269243,0.2880594446558608,0.509735291289148
2019-01-09,0.3599563911195912,0.2291966039846787,0.49775297927558343
2019-01-14,0.3669611605711314,0.2871416870852765,0.48728963377922724
2019-01-17,0.3532485847740075,0.2969515856605355,0.4765663498588097
2019-01-23,0.3731813719543126,0.3122377229923238,0.4682955516264499
2019-01-28,0.4753628512969016,0.3344464363649905,0.47253593142872097
2019-01-31,0.5822526997406433,0.3340732374597833,0.5383659924158744
2019-02-05,0.1713834051622429,0.408467807515842,0.5090073854355839
2019-02-08,0.3618355712370827,0.3037424215898916,0.4972336402997038
2019-02-13,0.3774747263835104,0.2868094804270604,0.48765292718640835
2019-02-19,0.3732572730049076,0.3374502361686649,0.47850127485188826
2019-02-22,0.3077120051345328,0.4179809010677681,0.46483813327449985
2019-02-27,0.2072606696796091,0.4067429466590043,0.4442319361869086
2019-03-04,0.1930815565202452,0.4329478712559371,0.4241399058135755
2019-03-07,0.2938416786341579,0.3811460989735963,0.41371604763922215
2019-03-12,0.3951991035730574,0.2884113285232436,0.412234692113929
2019-03-15,0.2286871797662591,0.3708266763880291,0.3975508911261154
2019-03-20,0.2376126344115659,0.3706089558554738,0.38475583058895146
2019-03-25,0.6387174546139289,0.2911429654205273,0.5371328050039379
2019-03-28,0.6138437559776903,0.2934901730345501,0.5831593755881893
2019-04-02,0.6299504965508423,0.2932818183089687,0.6112340481657812
2019-04-05,0.5999515975277739,0.3073948476858235,0.6103314521147407
2019-04-10,0.540524016761927,0.3123866449252542,0.6047468572865157
2019-04-15,0.4155054891827962,0.3340361977860436,0.5896075478382181
2019-04-18,0.5856365689155568,0.3339965578755638,0.5892898695244052
2019-04-24,0.460053462474872,0.3099467891723014,0.5789509569604425
2019-04-29,0.4997543402899778,0.2827619366627733,0.5726152276268054
2019-05-02,0.1704410364956988,0.307791501520632,0.5404412923363169
2019-05-07,0.6030834625696289,0.337923902372771,0.5780265944763041
2019-05-10,0.6561225125538337,0.3346531448049387,0.6248841453228218
2019-05-15,0.4717936932428149,0.3246699159225042,0.6126369091564213
2019-05-20,0.590320649287375,0.3178936301053491,0.6108516083668977
2019-05-23,0.9704507206378324,0.2612115808278652,0.8266110757294586
2019-05-29,0.7952455540420992,0.2424361000094315,0.8241018339944699
2019-06-03,0.6650227362208687,0.2534286283466536,0.8113755061725818
2019-06-06,0.6208283057654568,0.2028010337379957,0.7961317301400118
2019-06-11,0.4617122090062269,0.1828256305546118,0.7693781684493091
2019-06-14,0.4673728801449183,0.1501776814275837,0.7452177453849579
2019-06-19,0.4552388623046171,0.1599082922335943,0.7220194347385307
2019-06-24,0.3567355760071816,0.2982262922818783,0.6927967260400228
2019-06-27,0.414556992581231,0.3499340638112712,0.6705375473633195
2019-07-02,0.2303940297080442,0.4320545503066383,0.6353260659508976
2019-07-08,0.327164647011713,0.4012444893250747,0.6106731524357628
2019-07-11,0.2117361656295829,0.4400082096886442,0.5787581934912684
2019-07-16,0.1905200256521682,0.4445039565261613,0.5476991400641406
2019-07-19,0.526350103196058,0.2875696326862162,0.5459912171146939
2019-07-24,0.4730746979017657,0.2608963797289388,0.5401578955776596
2019-07-29,0.4487241778990541,0.2649156270049542,0.5328431981633711
2019-08-01,0.6799747904986543,0.3078989856197334,0.621122153564541
2019-08-06,0.9140881418318704,0.3029568054368968,0.7969017465249386
2019-08-09,0.9849479381338728,0.2928717813721044,0.9097294614902991
2019-08-14,0.965273000902472,0.2701391588343961,0.9430555851376028
2019-08-19,1.0544141894192405,0.2418413981588941,1.0098707477065854
2019-08-22,0.9414991941748798,0.2099740502968431,1.004401023424049
2019-08-27,0.7881502713032841,0.2001780017816967,0.9871009632543879
2019-08-30,1.1529891882812944,0.2340617598833485,1.0866338982705317
2019-09-05,0.3194190724754851,0.1095144839941681,1.025256712206928
2019-09-10,0.2982708226857995,0.116543399698889,0.9670978410452378
2019-09-13,0.2279636426770293,0.1559117030756338,0.907967105175781
2019-09-18,0.3160844013732815,0.253154811980193,0.8606164888715812
2019-09-23,0.1873362810037468,0.2724433671591365,0.8067540722421545
2019-09-26,0.3506984507226864,0.345862822680327,0.770269622520597
2019-10-01,0.38268482599246,0.3404553380497888,0.7392628387983462
2019-10-04,0.2421412127928586,0.3514766007763799,0.6994931087179072
2019-10-09,0.2536256940127108,0.2836653820172085,0.6638237155414914
2019-10-14,0.4529505763933744,0.2742805190000957,0.6469538644096421
2019-10-17,0.3329690836608157,0.2919883095838452,0.621835081949736
2019-10-22,0.2904900108521689,0.2419751890554065,0.5953274762619307
2019-10-25,0.3473514797576675,0.2506214780494234,0.5754893965415897
2019-10-30,0.1659726610832021,0.3258778073663976,0.5427280577049187
2019-11-04,0.25921838852168,0.3379329495866446,0.5200472841702596
2019-11-07,0.1508853103304849,0.3654867425458148,0.4905143262630776
2019-11-12,0.1043061536021734,0.3124926088157114,0.4596176724502053
2019-11-15,0.3359551356295603,0.3007251837310152,0.4497246695045537
2019-11-20,0.3664498203884261,0.3802282612596591,0.4430626815752635
2019-11-25,0.1840332803919914,0.4161946931573378,0.4223403294806018
2019-11-29,0.1725329855531122,0.4734281120541675,0.40235574196640267
2019-12-04,0.2615561232734602,0.4529602915818434,0.3910917724709673
2019-12-09,0.2683173099659193,0.4887931057057906,0.3812698154705635
2019-12-12,0.3709944960018183,0.4449951899063967,0.3804477899130639
2019-12-17,0.2724647064079257,0.459775062908021,0.37180914323265285
2019-12-20,0.2006535571146635,0.5409438630121193,0.3581166963432137
2019-12-26,0.08277757566516,0.4997156641227185,0.3360895666889694
2019-12-31,0.0675461167232004,0.4245442730136573,0.31460609069170786
2020-01-06,0.0348223565096533,0.458994730571921,0.29222339195714353
2020-01-09,0.0376445919494122,0.5473643337797769,0.271857087956525
2020-01-14,0.0423484104390588,0.5655280678095488,0.2534963937551277
2020-01-17,0.0654435442673586,0.4890043830446807,0.2384521657961062
2020-01-23,0.1173574372118901,0.4475752145857793,0.22876458750936893
2020-01-28,0.6838019438088808,0.3145340846512046,0.501787001289076
2020-01-31,1.0384691340689571,0.290896684916338,0.8237962809570046
2020-02-05,1.1737118042428267,0.2378973707627527,1.033745594928498
2020-02-10,1.229941996942507,0.2150991482400014,1.1514634361369032
2020-02-13,1.221753760965901,0.1919737208233916,1.193637631034302
2020-02-19,1.31083852473199,0.2123550271961208,1.2639581672529148
2020-02-24,0.9213286650249504,0.1268077342921022,1.2365478070746776
2020-02-27,0.7033417566291547,0.1092966936793715,1.1938913230390358
2020-03-03,0.7090352467623852,0.1832221781133116,1.1551028369369039
2020-03-06,1.0576319147886744,0.3173687111383207,1.1473051631650455
2020-03-11,1.469998739907174,0.2099846543149678,1.3409213092103225
2020-03-16,1.4668523297011995,0.2229989665767653,1.4164799215048487
2020-03-19,1.2743846805098242,0.2590019581349892,1.4051123022252467
2020-03-24,1.2709475847662586,0.2895775479586802,1.3943791248285278
2020-03-27,1.3145537742625082,0.316842183140347,1.3879930967832463
2020-04-01,1.2635749357448989,0.2973865989752271,1.3780396439001785
2020-04-06,0.8447392280979608,0.3313137548796252,1.335375610636001
2020-04-09,0.637184734633581,0.3119282068580732,1.2795203405558075
2020-04-15,0.3083201269481423,0.3891531421959824,1.2018243234671944
2020-04-20,0.2300745252250004,0.4108424024214584,1.1240843396078188
2020-04-23,0.3354665618053934,0.4141145853305381,1.060994917383625
2020-04-28,0.3488291796120293,0.4214915760418213,1.0040216583618975
2020-05-01,0.3943475678427776,0.4515145009303788,0.955247731120368
2020-05-06,0.2426780474896487,0.4974627335560884,0.8982421564299105
2020-05-11,0.2569094807461779,0.4750952039591837,0.846935542375212
2020-05-14,0.4386901792207313,0.4088629939785299,0.8142759133228535
2020-05-19,0.2410849765668837,0.4075965893563568,0.7684206383823761
2020-05-22,0.2167501675985811,0.4232353269722238,0.7242870007196724
2020-05-28,0.263369303834023,0.3627080675594375,0.6874135849688205
2020-06-02,0.2659108875662306,0.3343470708978802,0.6536933691766134
2020-06-05,0.3459073096120579,0.3135268977149549,0.629070484411449
2020-06-10,0.3201422584572818,0.327807946604457,0.6043562263351157
2020-06-15,0.5348205006567935,0.3671437644914314,0.59879336828085
2020-06-18,0.5189313571088536,0.3603798933849559,0.5924044073870903
2020-06-23,0.5556148035489153,0.3458962059264198,0.5894612390800363
2020-06-26,0.578010161958834,0.3295856265857014,0.5885451529103402
2020-07-01,0.534653689012744,0.3582372850048188,0.5842338357985325
2020-07-07,1.1585430447113456,0.3054331080776395,0.9288193611462203
2020-07-10,0.4717476689671274,0.2483229967882667,0.8922536257718929
2020-07-15,0.445861921632543,0.2573654202029845,0.856542289440745
2020-07-20,0.4116625176867812,0.241080344542564,0.8209519077004279
2020-07-23,0.2159235736559888,0.2670095661120734,0.7725496409768728
2020-07-28,0.0260754498989007,0.3802343384073645,0.712831705690635
2020-07-31,0.0341796268346256,0.4139620743245093,0.6585395393821543
2020-08-05,0.0363023611968384,0.4681386380837268,0.608760565127329
2020-08-10,0.0498466249462586,0.5182985078243163,0.5640474499128435
2020-08-13,0.0493639887368642,0.5954971020887024,0.5228727730187652
2020-08-18,0.0524420272351915,0.6596532768312774,0.48523831335607936
2020-08-21,0.0300493308933856,0.5705165305716898,0.4488231947590639
2020-08-26,0.0968337227680869,0.5147629781953904,0.4206640369997857
2020-08-31,0.0214949756830598,0.5295741128964245,0.38873051209444764
2020-09-03,0.0225264087314567,0.5594846131468153,0.35943418382540837
2020-09-09,0.025819491140673,0.5012280294858508,0.33274500841062954
2020-09-14,0.0196688886624403,0.4873407310219263,0.30769891883077444
2020-09-17,0.0240959098700357,0.5163845997088111,0.2850106781139154
2020-09-22,0.0481905404065707,0.488900669050447,0.26606506709732786
2020-09-25,0.0489051349581048,0.5102112763723483,0.24869227252619003
2020-09-30,0.2428628184389002,0.450176247722732,0.24822591619920686
2020-10-05,0.3030570028842697,0.3742298116133877,0.28112456821024456
2020-10-08,0.4146550245032392,0.4421680676013692,0.36124284198604134
2020-10-13,0.2652195629682333,0.4528162769355519,0.3535609796646167
2020-10-16,0.2748541875819095,0.4517153856860608,0.34726443629800013
2020-10-21,0.0968954788895352,0.5129023786475095,0.327234919705323
2020-10-26,0.2224382798507747,0.4429600980278955,0.31885118851695915
2020-10-29,0.2843136481988725,0.5085293179324667,0.3160881852915122
2020-11-03,0.2580837537271629,0.5263290957807497,0.3114478307663643
2020-11-06,0.5570523086749004,0.504708701926711,0.45881051751148594
2020-11-11,0.3657408246183888,0.4772968069954861,0.4513649420800382
2020-11-16,0.4617210843490972,0.4329576784922195,0.4575786274414736
2020-11-19,0.3737981457297714,0.4402401858895866,0.45087618890453746
2020-11-24,0.3053570025795825,0.4337113683557511,0.43923465399854106
2020-11-30,0.1675423859384434,0.4109685999909124,0.41749927255373326
2020-12-03,0.2368909199250087,0.2890030813874705,0.4030506043434353
2020-12-08,0.150723425321649,0.2822885215396331,0.38286443002169246
2020-12-11,0.1283316508733786,0.3348440331628233,0.36250180768982737
2020-12-16,0.1227472769225672,0.3476727624984962,0.34332144522844654
2020-12-21,0.264325377361078,0.3439034283044445,0.33700175979905705
2020-12-24,0.2701602258651003,0.3589873831239735,0.3316544370843405
2020-12-30,0.2525887159378746,0.3594207547236125,0.32532917939262324
2021-01-05,0.2347517032152734,0.3501476589239147,0.31808298129843526
2021-01-08,0.2850111861262941,0.3604117983813387,0.315437237684664
2021-01-13,0.2398276898657605,0.4088853757285185,0.3093884738591517
2021-01-19,0.2889476693118513,0.3773823567845144,0.3077532094953677
2021-01-22,0.2661563778869867,0.3587039597780254,0.30442546296669726
2021-01-27,0.3700580684193444,0.363404373887095,0.34380502623828557
2021-02-01,0.233021535704428,0.3564204947194483,0.33494234699557696
2021-02-04,0.3322790168185293,0.393978271370047,0.33472928058141316
2021-02-09,0.3022501427657418,0.4259537837774348,0.33213094955615946
2021-02-12,0.2786854038630555,0.4423328610469744,0.32785530590071116
2021-02-18,0.1407286841903591,0.4353169924726568,0.312885176163883
2021-02-23,0.1534300501077619,0.4584136888582823,0.3001287660793933
2021-02-26,0.158348940530932,0.3854783728956116,0.28878638003551643
2021-03-03,0.1394414321460315,0.381339352520117,0.27683878420435765
2021-03-08,0.0886140323729307,0.3568205806201809,0.2617808040578435
2021-03-11,0.1097338404163261,0.4082725618573192,0.24961704696652212
2021-03-16,0.162370194616344,0.4378583365834872,0.2426372987785079
2021-03-19,0.1492102212366273,0.4501686708008985,0.23516313257515745
2021-03-24,0.1180552524419775,0.4458971251378306,0.22579450216450306
2021-03-29,0.0397807669221705,0.4801843384173893,0.21091340334511646
2021-04-01,0.0416326997476916,0.5742913765619816,0.19737094705732247
2021-04-07,0.0951913558477044,0.5327365652537264,0.18919657976055304
2021-04-12,0.0742587360565157,0.4916227087034955,0.18000155226423006
2021-04-15,0.0539749786237531,0.4892675895050132,0.16991942637299193
2021-04-20,0.0637693965569123,0.6351405275121494,0.16142742398770557
2021-04-23,0.0185578119168372,0.5105559978532977,0.1499978550220361
2021-04-28,0.0211463374870294,0.5033749796731196,0.13968973361923556
2021-05-03,0.0095783637960619,0.4079974238498433,0.12928082403338167
2021-05-06,0.018867737367451,0.5039220212045677,0.12044777710010722
2021-05-11,0.0921011654022172,0.6243617678714684,0.11818004816427603
2021-05-14,0.0965462512692154,0.5806378972696127,0.1164493444126712
2021-05-19,0.1848834017660324,0.5216709934701675,0.15750977882468792
2021-05-24,0.1506314028124853,0.5330233890148882,0.15695950874371173
2021-05-27,0.1656912740083391,0.5271497671710798,0.16219856790248816
2021-06-02,0.1581032422388401,0.5495943892659854,0.16187094184939632
2021-06-07,0.1206517960699891,0.5680457368681288,0.15857341018704377
2021-06-10,0.0313895731247418,0.5038327221223364,0.1483987032220596
2021-06-15,0.0418122911620697,0.4304148326631343,0.1398717902572604
2021-06-18,0.023540720181132,0.5238412829823051,0.13056530465117014
2021-06-23,0.0192505551574273,0.6111627570111164,0.12166012469167072
2021-06-28,0.038224656362553,0.5959925054032691,0.11498528722534129
2021-07-01,0.0582354249359935,0.5903072347938139,0.11044529824219348
2021-07-07,0.0968003750803061,0.5214092390181934,0.1093537043892425
2021-07-12,0.2433238233054677,0.3715514670992125,0.18973577573897762
2021-07-15,0.2969236572659819,0.317586068385732,0.2540485046551802
2021-07-20,1.001556108693201,0.2843460126661128,0.7025530670779927
2021-07-23,1.058656574382775,0.3018076401508149,0.916215171460862
2021-07-28,1.0076605937527012,0.3025004026622249,0.9710824248359655
2021-08-02,0.7626167755667083,0.3567807504785338,0.9544051728944251
2021-08-05,0.760070286328523,0.3641609233297393,0.9388583819691529
2021-08-10,0.6824601254905216,0.3739420763109615,0.9183465214508625
2021-08-13,0.6183758618592943,0.3758925109087485,0.894348868683537
2021-08-18,0.0312890589147616,0.4558368683310453,0.825304083902035
2021-08-23,0.0748862821375459,0.5018993890108865,0.7652706597608759
2021-08-26,0.0427575051952595,0.5110898280234398,0.7074696073956267
2021-08-31,0.1059016604556457,0.4986392949554021,0.6593441716404282
2021-09-03,0.0768208835504427,0.4318332145348934,0.6127423085932294
2021-09-09,0.0948388490879609,0.381749766384925,0.5713100318328079
2021-09-14,0.0754807439021095,0.3272006239216356,0.5316436887983521
2021-09-17,0.0244521602294106,0.5177404176371043,0.4910683665128368
2021-09-22,0.6173480656376328,0.3292697113572219,0.5668361859877145
2021-09-27,0.7310953564286005,0.3303178710461033,0.665391688252246
2021-09-30,0.517417819594166,0.3849600639654028,0.6535537787595997
2021-10-05,0.5036873303090398,0.3861418853074104,0.641564462883555
2021-10-08,0.8316291155779848,0.3434441917806867,0.7556032545002129
2021-10-13,0.6442189297185779,0.387218085456101,0.7466925085176821
2021-10-18,0.4852401501748007,0.374693862274753,0.7257763198502516
2021-10-21,0.3882274218906437,0.4149566004913106,0.6987724080134831
2021-10-26,0.3705601888468552,0.4726015104045856,0.6725154304801528
2021-10-29,0.4920602811874004,0.4307220931442801,0.6580790185367327
2021-11-03,0.1636616566256883,0.5064665817826361,0.6185256295838492
2021-11-08,0.0816694414094097,0.4925892952902016,0.575577134529894
2021-11-11,0.0393011914410627,0.5065198877049317,0.5326750590827876
2021-11-16,0.0173940248002684,0.6087301398623121,0.4914525763401861
2021-11-19,0.0196360610444647,0.5713385182337248,0.4537072551165284
2021-11-24,0.0188824978794049,0.5418736424561021,0.4189212745375585
2021-11-30,0.4815678859758557,0.4102433638209487,0.45650924140053684
2021-12-03,0.4009170173373755,0.3752702059108538,0.45206186347548394
2021-12-08,0.7370138769659322,0.3292881489684762,0.623033071569753
2021-12-13,0.7973593751051667,0.3063508617114533,0.7276288536910012
2021-12-16,0.5529750732840177,0.3391798733778573,0.7136565512584425
2021-12-21,0.4929978434779505,0.3325859487802409,0.6960038546360032
2021-12-27,0.2465883115901031,0.3965329435414592,0.6600506111923312
2021-12-30,0.4651251641293007,0.3709159866189669,0.6444565754272888
2022-01-04,0.3388763267365346,0.3202731081416176,0.6200101555320285
2022-01-07,0.3064248381969369,0.3287139051321768,0.5949233301452213
2022-01-12,0.2955579573574168,0.3192209946589108,0.570974100322197
2022-01-18,0.3487468796425252,0.3380221278074636,0.5531959226678232
2022-01-21,0.4015351451769461,0.3519923695337126,0.541063060468553
2022-01-26,0.4784329460672614,0.3393045275797308,0.5360526513164496
2022-01-31,0.3798396521553351,0.3627778593205658,0.5235556113835604
2022-02-03,0.2716933555864961,0.384337482853715,0.5034066309197953
2022-02-08,0.2617643426857553,0.3773990764913497,0.48407524786107214
2022-02-11,0.2877042348085035,0.4267713098207719,0.4683655668168667
2022-02-16,0.3090649516182673,0.4862003605337075,0.45562151760097874
2022-02-22,0.1879242104833504,0.4818125945086177,0.4342057330315685
2022-02-28,0.2475918553685018,0.4916816462484461,0.4192766228185232
2022-03-03,0.2334846766689878,0.494381451944718,0.4044132671265604
2022-03-08,0.353960133018298,0.4610105337351649,0.4003770163978994
2022-03-11,0.2267642079878504,0.4815853683349002,0.3864879917250955
2022-03-16,0.347146293262978,0.4876589958206723,0.38334065584812616
2022-03-21,0.4115694893271933,0.4870110619944253,0.4002779559355664
2022-03-24,0.403127395852337,0.4868745512767345,0.40198761988562876
2022-03-29,0.277527609378161,0.4916312751382455,0.39203081904503134
2022-04-01,0.1524012297634042,0.4173463110544246,0.37286045190250117
2022-04-06,0.1332912987851962,0.4516431009469462,0.3536949196531168
2022-04-11,0.2382052420170369,0.4898750962457841,0.3444557454422304
2022-04-14,0.0387280751522877,0.6205038388216987,0.319997531819035
2022-04-19,0.065839146248893,0.5626992623460525,0.29966486097342365
2022-04-22,0.1348681305291682,0.5084770693362389,0.28648112253788327
2022-04-27,0.0691040070899097,0.4983651588970403,0.2690909533020454
2022-05-02,0.0368904543642466,0.3788973304287352,0.25051491338702153
2022-05-05,0.0385901473365177,0.4164436563360515,0.23356093210298123
2022-05-10,0.0933107506743032,0.4472965976221272,0.222340917588687
2022-05-13,0.1330489513449581,0.4361560229971883,0.21519756028918868
2022-05-18,0.2323069399438377,0.4254614162070569,0.22546318808197807
2022-05-23,0.2362044286986089,0.4446940536087075,0.23190793245195657
2022-05-26,0.2983247208849104,0.465271483759468,0.2717580055117289
2022-05-31,0.3841743518009063,0.4110034806786442,0.3392078132852353
2022-06-03,0.2303655208330796,0.4906186764493713,0.33050042988906286
2022-06-08,0.1439756965354347,0.506165884054882,0.3155784512207726
2022-06-13,0.2082215476594943,0.500423915895365,0.30698989893587036
2022-06-16,0.1768761334873076,0.5456956672300924,0.29658079769998535
2022-06-21,0.1570316270279098,0.4977946305426082,0.28541686404621935
2022-06-24,0.1282027273716477,0.4690563602966935,0.2728397331122536
2022-06-29,0.1859778859013365,0.4311158912525231,0.2658907853353803
2022-07-04,0.4542482003456808,0.4124708948661649,0.3789052343415606
2022-07-07,0.3609241420775215,0.4561648555248866,0.37746674696043747
2022-07-12,0.1269800381195107,0.4308557821239068,0.35742781025316334
2022-07-15,0.3457181838369613,0.4204963164469162,0.3564910401398672
2022-07-20,0.4098544842682876,0.411726069161191,0.3885091066169194
2022-07-25,0.2779654345181415,0.3960193488414144,0.3796656128490172
2022-07-28,0.2140787538166537,0.4112272155018099,0.3664186641264281
2022-08-02,0.1640047600187767,0.3428148244033102,0.350225551797816
2022-08-05,0.1059562379451163,0.405957797247339,0.3306840066896001
2022-08-10,0.0492568170129247,0.5110481145099659,0.30816983151546606
2022-08-15,0.0376659907401319,0.6007316727573263,0.28652952425343936
2022-08-18,0.0848899495946075,0.5689864645856852,0.27039835828073283
2022-08-23,0.2427234519096198,0.493468808496864,0.2681843657710438
2022-08-26,0.2157162251210222,0.5226747603189688,0.2639869145190421
2022-08-31,0.2131612111283479,0.4770232046611384,0.2599208582477866
2022-09-05,0.2215193679800208,0.3589461851464393,0.25684873902636535
2022-09-08,0.2257486837905728,0.4109998179363525,0.25436073460750197
2022-09-13,0.322542911561032,0.3464789058976162,0.29527004077962
2022-09-16,0.2320491481270163,0.4261276109643693,0.29021236936741174
2022-09-21,0.1931039980655829,0.4492582331613972,0.28244369966326544
2022-09-26,0.31913533562508,0.356035764005606,0.3044586812403542
2022-09-29,0.1494205644012349,0.3784054691229856,0.29205563189322464
2022-10-04,0.3054336723975054,0.3418097554123503,0.3000824561957931
2022-10-07,0.1968840729098324,0.3433698544169403,0.29182658553291624
2022-10-12,0.233691676108944,0.3684701322346009,0.2871757927789985
2022-10-17,0.2676956224080133,0.3883506204274256,0.2856173791493197
2022-10-20,0.2751843838454659,0.409370262702153,0.2847827395250114
2022-10-25,0.1382526291848149,0.518053571948746,0.2730603306977957
2022-10-28,0.1850724753106304,0.4585142249944333,0.26602130226682247
2022-11-02,0.0759133976837436,0.5275063758402071,0.25081266990017614
2022-11-07,0.101277106839328,0.5149830712441396,0.2388498248553083
2022-11-10,0.034180952583685,0.4981111142264621,0.22247631507357846
2022-11-15,0.0336242937347182,0.5365644306418343,0.20736815336646966
2022-11-18,0.058131757537739,0.5652543287252073,0.1954292417001712
2022-11-23,0.0741766015289707,0.5975380956680176,0.18572903048647518
2022-11-28,0.1187518627986845,0.4951842727045084,0.18037085707145192
2022-12-01,0.1291930068550337,0.4831560960112349,0.17627662905413846
2022-12-06,0.1488612602884883,0.5375016354739378,0.17408339955288646
2022-12-09,0.0769390106152929,0.509288269468984,0.16631184843787897
2022-12-14,0.1338477933437554,0.4432482513416203,0.1637147240303491
2022-12-19,0.1780125588347408,0.4267925919486849,0.1722934249129841
2022-12-22,0.1395300523595863,0.4519903134242676,0.16967235510871229
2022-12-27,0.1001546501328951,0.4573309159911271,0.16411093871064691
2022-12-30,0.085068112829561,0.4826268754572336,0.15778751264016005
2023-01-04,0.085418132790489,0.3800863416768312,0.15199796225218637
2023-01-09,0.111050746983346,0.4678168420751095,0.14872218503067916
2023-01-12,0.0692241842526242,0.4488208010033956,0.14236234496843478
2023-01-17,0.0401983408172323,0.5216794235143337,0.1341892246363386
2023-01-20,0.0197288502617878,0.5418840064482315,0.12503239468637453
2023-01-25,0.0161130389778396,0.5124473484843948,0.11631884622969174
2023-01-30,0.0206222830541828,0.5385682572019845,0.10866312117565104
2023-02-02,0.0422925977060911,0.5252538128165453,0.10335347929808625
2023-02-07,0.0475023895583325,0.5393876513762506,0.09888539211890594
2023-02-10,0.0430030801185648,0.4748234771493619,0.09441480715887866
2023-02-15,0.0761690909871162,0.440527793111688,0.09295514986513767
2023-02-20,0.0825907261162158,0.4510278429143698,0.09212599596522393
2023-02-23,0.1217048801097479,0.4933783775634899,0.10987332645193831
2023-02-28,0.1107162142781325,0.4969854728367583,0.11037905914765482
2023-03-03,0.0567639128041786,0.5221158095772294,0.10608984744017673
2023-03-08,0.0610646840240113,0.4749693389574234,0.1024878343668835
2023-03-13,0.6449028092387005,0.3911836847190442,0.4279368192899737
2023-03-16,0.7558746846015315,0.4682531744406864,0.6246995384769084
2023-03-21,1.141381710949815,0.3922601432063236,0.9347088419606524
2023-03-24,0.7560621256783994,0.4410312808839277,0.9204171046580722
2023-03-29,0.9405430110696136,0.4239173557073345,0.932492648504997
2023-04-03,0.9816403002468252,0.410557402089522,0.961981239550094
2023-04-06,0.9864099094223344,0.406334906776487,0.9766384414734383
2023-04-11,0.5362204092791327,0.4726047897755513,0.9414049988978939
2023-04-14,0.311570361677249,0.4977548570962166,0.8910182279202423
2023-04-19,0.2566639618197631,0.507007668276407,0.840269886632204
2023-04-24,0.3677525412119253,0.4563867164259492,0.8024684989985817
2023-04-27,0.6171108803456963,0.4283161918493886,0.7876398895063509
2023-05-02,0.4924806518326587,0.4609480678162984,0.7640271504924556
2023-05-05,0.6151262699440493,0.4910195474495619,0.7521150800485832
2023-05-10,0.5494799560564019,0.4805627607647815,0.7359042701292087
2023-05-15,0.5880942319705555,0.4597730195167367,0.7240794670765165
2023-05-18,0.4221020646189634,0.4087515590782896,0.6999212748799123
2023-05-23,0.2623733692783283,0.3868521080835658,0.6649174424317855
2023-05-26,0.2250256516174723,0.4082077537146705,0.6297260991666405
2023-05-31,0.129456016604333,0.3657131829665035,0.5897044925616559
2023-06-05,0.085289220680499,0.437919306762084,0.5493512708111633
2023-06-08,0.0799694799241173,0.4486602221459055,0.5118007275401997
2023-06-13,0.0840329268134402,0.4433887857697962,0.47757930348205896
2023-06-16,0.1555045424375803,0.4520616292862363,0.4518133225985007
2023-06-21,0.1265355869945678,0.4266585106429265,0.42579110375018614
2023-06-26,0.1925353110179071,0.4499646992652631,0.40713064033160384
2023-06-29,0.2269364531339689,0.4301866953795347,0.39271510535579307
2023-07-04,0.079824843145552,0.3919757098812009,0.3676838843789738
2023-07-07,0.1099176463121276,0.4055652146043546,0.34706258533362616
2023-07-12,0.1285874835957958,0.4100199340463358,0.3295845771945997
2023-07-17,0.1503731038613825,0.457968125632414,0.3152476593279423
2023-07-20,0.1314880519160563,0.4591680535112837,0.30054689073499147
2023-07-25,0.0276369284987389,0.4891056803273664,0.27871409375609124
2023-07-28,0.0269964236328781,0.559875787921216,0.2585766801462342
2023-08-02,0.0742073081617487,0.5623746387102768,0.24382713038747536
2023-08-07,0.0583710336838539,0.5870039532272349,0.22899064265118563
2023-08-10,0.0427852735387776,0.5336762487561898,0.21409421312219298
2023-08-15,0.0425605304263451,0.5232827650147194,0.20037151850652515
2023-08-18,0.0681467777273096,0.5437449455887958,0.1897935392441879
2023-08-23,0.0767492298966389,0.5274280334228,0.180749994496384
2023-08-28,0.119451334564668,0.5131626363827871,0.1758461017018467
2023-08-31,0.0484111184631205,0.3980850273760675,0.1656513030427486
2023-09-05,0.0421098192738855,0.4331583447216162,0.15576798434123956
2023-09-08,0.0446562552040518,0.3780077423162812,0.14687904601026455
2023-09-13,0.0197586946339736,0.4901108794087032,0.13670941790016128
2023-09-18,0.0196498436374819,0.5995232732203682,0.12734465195914693
2023-09-21,0.0944011826741065,0.5699980201451834,0.1247091744163437
2023-09-26,0.1331992182780694,0.5102314125830675,0.12980320073337911
2023-09-29,0.0273765987378592,0.5296768062522447,0.12160907257373753
2023-10-04,0.0240951414991966,0.5918204417898675,0.11380795808777426
2023-10-09,0.040826623091415,0.562150953796657,0.10796945128806552
2023-10-12,0.0388514203849827,0.5580491916736049,0.1024400088158189
2023-10-17,0.0542514016355781,0.5864662301814835,0.09858492024139963
2023-10-20,0.0587704497628279,0.5684212279192806,0.09539976260311389
2023-10-25,0.0988978829280726,0.5633989114110478,0.09749863479808911
2023-10-30,0.3821277060487001,0.4239247968128638,0.2682760775484557
2023-11-02,0.2959186436960594,0.4114195293300842,0.2848616172370179
2023-11-07,0.0313840870797636,0.5704865688697646,0.2645834148244376
2023-11-10,0.0181867981241389,0.5524993266705148,0.2448716854884137
2023-11-15,0.017622467295449,0.575692794084511,0.22669174803297654
2023-11-20,0.0076981713836715,0.540217554841895,0.20917226190103214
2023-11-23,0.00453705552323,0.4761857298041413,0.19280144539080799
2023-11-28,0.010616407497248,0.5515492695035958,0.17822664235932317
2023-12-01,0.0084374430756808,0.5022251599363742,0.16464350641663178
2023-12-06,0.0133224367646342,0.3791271315858204,0.15253782084447198
2023-12-11,0.0170124355509742,0.4782529567251578,0.14169579002099214
2023-12-14,0.003551143825879,0.3356425064651934,0.1306442183253831
2023-12-19,0.0067329612058452,0.2916140350350238,0.12073131775582006
2023-12-22,0.0057182755278052,0.3299247135160405,0.11153027437757887
2023-12-27,0.0062149619536536,0.2873800113662991,0.10310504938366485
2024-01-01,0.0068646783013739,0.3382667441023571,0.09540581969708159
2024-01-04,0.0284919703738045,0.4553203713996859,0.09005271175121943
2024-01-09,0.0319563011764176,0.4511060922813618,0.08540499890523529
2024-01-12,0.0170336000768784,0.3884971775313693,0.07993528699896674
2024-01-17,0.0192078001265768,0.3800798559321769,0.07507708804917555
2024-01-22,0.0457858489757944,0.3842329277715481,0.07273378892330506
2024-01-25,0.0624903540743004,0.3161142343699695,0.0719143141353847
2024-01-30,0.0187355928759513,0.3146964959131852,0.06766001643463002
2024-02-02,0.0443281766154535,0.4444081664339921,0.0657934692490959
2024-02-07,0.0113830023254454,0.3728449774812157,0.061440631895203865
2024-02-12,0.0248424526034064,0.3567866096582871,0.05851277755186007
2024-02-16,0.0134927940875964,0.3930789551342464,0.05491117887471898
2024-02-21,0.0085842468710389,0.3294297338499987,0.05120502431442458
2024-02-26,0.016744779587155,0.3965797893085775,0.04844820473624302
2024-02-29,0.0314135953694698,0.3185211117255017,0.04708543598690117
2024-03-05,0.0152586359971567,0.4905088249871793,0.044539291987721615
2024-03-08,0.0099386820112996,0.5403993197608957,0.04177124318960785
2024-03-13,0.043917816784972,0.4877285276456695,0.043059187346826344
2024-03-18,0.1242392581670214,0.4265129996630742,0.09176722983894336
2024-03-21,0.0743444148703054,0.4711807780539732,0.09037340464145234
2024-03-26,0.1166030187953484,0.4685778812678577,0.10611117313378997
2024-03-29,0.0695770680528945,0.464066413911318,0.10318844472731833
2024-04-03,0.1233674190269775,0.5923213552826473,0.11529582930711382
2024-04-08,0.113011326220157,0.6044845051804667,0.11511306906015728
2024-04-11,0.0849565176628342,0.7060516869836321,0.11270054494837144
2024-04-16,0.0926829562195497,0.6284184334964039,0.1110991378500657
2024-04-19,0.0634533510578924,0.6240964416490696,0.10728747490669184
2024-04-24,0.0781136275199834,0.5509729472073558,0.10495356711575517
2024-04-29,0.0834236778171378,0.558123371865418,0.10323117597186579
2024-05-02,0.1792874116854745,0.494132827176678,0.14886491740003102
2024-05-07,0.2258346818510616,0.5190534981024054,0.19504677607064935
2024-05-10,0.2852318677990752,0.517899868605971,0.24915783110770487
2024-05-15,0.199706932353339,0.558048480170407,0.2452017592073556
2024-05-20,0.1160792165540056,0.5846586977930087,0.2348719557950876
2024-05-23,0.0652704329286953,0.5968390413047866,0.22130383396577621
2024-05-28,0.0508922744848725,0.639607188711227,0.20767090920730394
2024-05-31,0.1555250477908758,0.4901889639358264,0.2034992402939897
2024-06-05,0.1335392535281365,0.5274365282342044,0.19790244135272145
2024-06-10,0.0826533545544314,0.6044548233215942,0.18868251440885828
2024-06-13,0.0864716529459319,0.5798276434659853,0.18050564549182416
2024-06-18,0.0969824168392772,0.5451180038772081,0.1738237871996204
2024-06-21,0.0899029289995181,0.5501019643451929,0.1671101185436122
2024-06-26,0.1836497484308651,0.4676001552077914,0.17703389647596396
2024-07-01,0.1383007295612846,0.4773979615872378,0.1739352431227896
2024-07-04,0.1595940441071098,0.4739947262087241,0.1727879472015352
2024-07-09,0.141905478741416,0.4757230256326367,0.17031734972472568
2024-07-12,0.020332826926077,0.537468856517852,0.15831858790083378
2024-07-17,0.0091788847097021,0.5196547876433371,0.14638741164554325
2024-07-22,0.0123997098888002,0.4846712472535715,0.1356683955050038
2024-07-25,0.0898112550265419,0.5071316819770004,0.13199982426672685
2024-07-30,0.084896478912997,0.6083385481786652,0.12823155663842847
2024-08-02,0.6337628275443545,0.3966041665249943,0.4315503191819841
2024-08-07,1.244478843347571,0.3961292208636496,0.9193074336813363
2024-08-12,1.3553965419503458,0.3336505397785603,1.180960898642742
2024-08-15,1.2716250705849077,0.3271671796420089,1.2353594018080414
2024-08-20,1.2729793510211167,0.3421050655214478,1.2579313713358866
2024-08-23,1.2950476441298209,0.3572757173541565,1.280201135012247
2024-08-28,1.4415896221926237,0.332763762652556,1.3770342273204732
2024-09-02,0.3801254423177027,0.4713292008808705,1.2972815245202516
2024-09-05,0.1517821812313541,0.4757098914247367,1.20564157705714
2024-09-10,0.146090983953763,0.4430358772277686,1.1208775296088698
2024-09-13,0.1355388405485182,0.432914907507764,1.0420504344840418
2024-09-18,0.1499015390928009,0.4232035607557986,0.9706785228527425
2024-09-23,0.2909015228633805,0.3920189903550404,0.9162963628535936
2024-09-26,0.2301037871498933,0.3573862696660611,0.8614009567972977
2024-10-01,0.0799743662442901,0.2963229600121461,0.7988868295530571
2024-10-04,0.0445500033755147,0.4360371345973813,0.7385398834588538
2024-10-09,0.0941220837429051,0.3739894948776755,0.6869864594815779
2024-10-14,0.0763242533224919,0.3668569013214546,0.6381334829888511
2024-10-17,0.0427366588143029,0.3505664346289873,0.5905017370548873
2024-10-22,0.0473534455068993,0.3703513856761559,0.5470498737310483
2024-10-25,0.0708992109848833,0.490797709756502,0.5089578207113551
2024-10-30,0.0798652731194527,0.4607012294697236,0.4746304169040029
2024-11-04,0.0836147163437519,0.5371338571989251,0.44334916085918286
2024-11-07,0.1233685563115274,0.4515549626290105,0.41775071249537044
2024-11-12,0.1170349438883797,0.4668052168044463,0.3936934510068112
2024-11-15,0.0913896437732246,0.521189949962838,0.36950914642812427
2024-11-20,0.0780100241051391,0.5234394132432134,0.34618921664228547
2024-11-25,0.1155232168070638,0.4483002796296977,0.32773593665546774
2024-11-28,0.1581192892709943,0.36462323327202,0.3141666048647099
2024-12-03,0.1259507944202437,0.3495116756345599,0.2991093400291526
2024-12-06,0.0950188942645044,0.3502051047400396,0.2827821043679808
2024-12-11,0.0919150167492612,0.3584370084562405,0.26751273735848324
2024-12-16,0.1323115227241618,0.3294376113066422,0.2566966401877375
2024-12-19,0.0223482099202982,0.4511741311095921,0.23794876576634238
2024-12-24,0.048660634501576,0.4783620384971914,0.22280571526516108
2024-12-27,0.0465748215434779,0.3669077466756684,0.20870724376742644
2025-01-01,0.0744672888059656,0.4746387026449144,0.19796804737050958
2025-01-06,0.0700167844667747,0.513775329066082,0.1877319463382108
2025-01-09,0.0612171365586143,0.5058336735338187,0.1776107615558431
2025-01-14,0.0555498877390497,0.4569196761194963,0.16784589165049965
2025-01-17,0.0650535720993478,0.5130650517817179,0.15962250608640752
2025-01-22,0.083719417221553,0.4928142917284814,0.15355025897721916
2025-01-27,0.2620982723133269,0.4913737438538678,0.2186790669788838
2025-01-30,0.2198791979379196,0.4910325991859343,0.21939914555430529
2025-02-04,0.3124121337888307,0.5146644113214036,0.27520693849502054
2025-02-07,0.3878563635568306,0.5209925367105501,0.34279659353210656
2025-02-12,0.1129606342245624,0.5398697440720716,0.3244097167875031
2025-02-17,0.0998966043347096,0.5216099051493146,0.3064486677912796
2025-02-20,0.0772119526773303,0.5564009422942234,0.28810973058216366
2025-02-25,0.0646510706569417,0.4559698714863383,0.2702330377881459
2025-02-28,0.0459619535285742,0.3980704819824657,0.25229135104738015
2025-03-05,0.010526287503881,0.3754439720510643,0.23295014596390023
2025-03-10,0.1164469636785284,0.5044514849126447,0.2236298913810705
2025-03-13,0.1688263935484615,0.5198149362892645,0.2192456115544618
2025-03-18,0.17275669848664,0.5306684644035423,0.21552649850903605
2025-03-21,0.1779141699195775,0.5096055019211055,0.21251751222187937
2025-03-26,0.1422207317827475,0.5431044491716586,0.2068937697867488
2025-03-31,0.2568979913068938,0.5346883655267499,0.23689630269883577
2025-04-03,1.0709198449843802,0.3048055374243626,0.7373104280701624
2025-04-08,0.5986754655324981,0.4295694151944665,0.7262196310671494
2025-04-11,0.5465934376492925,0.462727524904221,0.7118495355937209
2025-04-16,0.5611562268726326,0.4594090190794006,0.6997940708960338
2025-04-21,0.5893771259911956,0.4467737028095499,0.6909607153036469
2025-04-24,0.4251707434251664,0.4822292875745037,0.6696975175533685
2025-04-29,0.407180801635147,0.5128910610125302,0.6486961802799108
2025-05-02,0.1276448038412818,0.6016178200121142,0.6070120701648205
2025-05-07,0.0665846559351083,0.5819442597693438,0.5637778770264436
2025-05-12,0.3310701469292064,0.363720874363602,0.5451612586186646
2025-05-15,0.3243458218187847,0.3860698477578231,0.5274960236746742
2025-05-20,0.4146791501186917,0.3975271264489298,0.5184706737901956
2025-05-23,0.4345684651628078,0.3333726850126342,0.5117584971000047
2025-05-28,0.4397149228915279,0.3237290030556164,0.5059950111633266
2025-06-02,0.510749002393436,0.2949120771793012,0.5088474059013922
2025-06-05,0.4538064258540658,0.3000884950343074,0.5044441274976061
2025-06-10,0.2060096959078638,0.5206443361743782,0.4805693729704268
2025-06-13,0.2612580851066948,0.4565526616830498,0.4630244699413283
2025-06-18,0.2544292421612134,0.420906464267849,0.44633685171891907
2025-06-23,0.1665054171941338,0.4758525731472797,0.42395033695693624
2025-06-26,0.2192659572962671,0.4980016730206781,0.4075755865840827
2025-07-01,0.2868613484996353,0.4685151179935616,0.39791844753732697
2025-07-04,0.3776624359660657,0.4424112715306895,0.3962979666116261
2025-07-09,0.2448302087797566,0.4578065981316565,0.38418054598507656
2025-07-14,0.1348192466132786,0.4719438519611199,0.3642316420353327
2025-07-17,0.1112116194838968,0.4443595713098904,0.3439900402312178
2025-07-22,0.0327811873660351,0.4842047399018067,0.3190933320020032
2025-07-25,0.081350800345524,0.469851746889455,0.30007392946948486
2025-07-30,0.0890607203364215,0.4478113158834739,0.2831928727388398
2025-08-04,0.4809688298666266,0.2848943235577489,0.4018584470155119
2025-08-07,0.636117509178729,0.2986995678938707,0.5424138843134422
2025-08-12,0.8235363096871906,0.3034281931162837,0.7110873395376912
2025-08-15,0.7497588967343016,0.3280462793623754,0.7342902738556575
2025-08-20,0.7665269616464265,0.3579330026772544,0.7536322865301189
2025-08-25,0.5201442290741806,0.3637274499847683,0.7349532419336439
2025-08-28,0.6610965075240977,0.3184610913940909,0.7290447031808802
2025-09-02,0.0917602651015602,0.5210773534890994,0.6780619481345347
2025-09-05,0.1527257767964628,0.5291515317217778,0.636035054427489
2025-09-10,0.1060147516559794,0.560791583363974,0.5936334302057682
2025-09-15,0.1135837381029183,0.569410051252245,0.5552294548375402
2025-09-18,0.0724153953905925,0.5388915018404205,0.5166043300817844
2025-09-23,0.0471702851415819,0.5266617903723869,0.4790496064865682
2025-09-26,0.0387808867531348,0.5520055504570387,0.44382810890789354
2025-10-01,0.021927933059414,0.5851308459566517,0.41007609484001517
2025-10-06,0.0427316164376557,0.4813040126107455,0.3806885365678264
2025-10-09,0.0235163675016781,0.3927300444578242,0.3521147630425346
2025-10-14,0.2889855636792929,0.441474069420008,0.34706442709347524
2025-10-17,0.2295104223296446,0.5224967160700201,0.3376601067123688
2025-10-22,0.304842349247399,0.4983494408617097,0.3350346861151712
2025-10-27,0.292151753807173,0.5229009152616608,0.33160405153053135
2025-10-30,0.2182189130691497,0.5363617398559973,0.32253324045362086
2025-11-04,0.1840709488029519,0.4478272163920327,0.3114562571215674
2025-11-07,0.0746810755866441,0.4869212906609012,0.2925142425987735
2025-11-12,0.0703225240211459,0.4502163660829754,0.27473890511256327
2025-11-17,0.0418572894997157,0.4724234104734196,0.25610837586353546
2025-11-20,0.0235377505649819,0.3747557159749025,0.23750272583965118
2025-11-25,0.0078279808472957,0.3433359172507988,0.21912874624026274
2025-11-28,0.0202799568829285,0.4409360417470834,0.203220843091676
2025-12-03,0.0277463631516703,0.4745789305900603,0.18918288469647557
2025-12-08,0.0280076043168877,0.4658752497366628,0.17628886226610854
2025-12-11,0.0243287628000939,0.4458471570317116,0.16413205430882738
2025-12-16,0.0694197323045899,0.3180709160359402,0.15655506854848839
2025-12-19,0.202284925807721,0.4614624917121363,0.18399298290402796
2025-12-24,0.0662869289700454,0.4442197045559619,0.17457649858930938
2025-12-29,0.0539714146942799,0.3462845743094713,0.16492809187770702
2026-01-01,0.0370867632172997,0.3499771158292802,0.15470078558487446
2026-01-06,0.0197956416314214,0.2817597384550203,0.14390837406859824
2026-01-09,0.03339429986581,0.3355579714447749,0.1350672481323752
2026-01-14,0.0238157477606285,0.3179888792503629,0.12616712810263547
2026-01-19,0.0290672915506704,0.5413768079714861,0.11839914117847827
2026-01-22,0.1227697403962527,0.4706866516515523,0.12102150070914293
2026-01-27,0.095807021883936,0.5049696119115011,0.11900434240312638
2026-01-30,0.1102637868756273,0.4439294585047108,0.11830509796092646
2026-02-04,0.054521961363566,0.4430611335984362,0.11320244703313763
2026-02-09,0.1074341206541927,0.4022052125585326,0.11274098092282205
2026-02-12,0.121462243238343,0.4325544443193984,0.11797373831213462
2026-02-17,0.0976232656377122,0.3814495179956726,0.11634570049818083
2026-02-20,0.1505820616283384,0.3644638346924123,0.13688751717627537
2026-02-25,0.2551085983518386,0.3778955950437867,0.2078201658816133
2026-03-02,0.210255603595903,0.4211508325756298,0.20928142851018713
2026-03-05,0.0494071106124186,0.5387667160139603,0.19649148307836564
2026-03-10,0.2245364229968033,0.4904032987201856,0.21331844702942823
2026-03-13,0.199507076516841,0.4608324182581495,0.21221353738842125
2026-03-18,0.1347755743734648,0.4963468717419029,0.20601850034722474
2026-03-23,0.1217309482832465,0.4761506827286616,0.1992754961821065
2026-03-26,0.1164296480584186,0.4888919642306483,0.19264782833221147
2026-03-31,0.1522482545125074,0.5019793697015207,0.18941586242663516
2026-04-03,0.250941592349497,0.503474648742881,0.22633130038035226
2026-04-08,0.2984530767886124,0.4151895822031423,0.26960436622530837
2026-04-13,0.3309465734978053,0.4120145339768705,0.3064096905888065
2026-04-16,0.4589847733278443,0.3830347301573731,0.3979547402322292
2026-04-21,0.4716995862830798,0.3637634689478911,0.4422016478627395
2026-04-24,0.689749869665599,0.3214792893818337,0.5907305809444552
2026-04-29,0.4543228233751816,0.3177039627618777,0.5798179603389133
2026-05-04,0.483033983206995,0.3478257028957911,0.5720752421683598
2026-05-07,0.0221855907678103,0.4328475363858416,0.5280840700563159
2026-05-12,0.0055619467157073,0.2917554212524797,0.48628230018906715
2026-05-15,0.0191446719225915,0.3402967859396736,0.4489112899277491
2026-05-20,0.0151610063963559,0.3709676380249376,0.41421126724523766
2026-05-25,0.0306386818354182,0.4066911817112445,0.3835254604124521
2026-05-28,0.0287677277576062,0.418644055080637,0.35514484180006445
2026-06-02,0.1065702425486325,0.4677629844672997,0.3352588738599499
2026-06-05,0.0860145932638891,0.4980945367153614,0.31531933141226504
2026-06-10,0.1270785429110202,0.5227873279095416,0.30026006833216545
2026-06-15,0.1865360006381182,0.5104895866299494,0.2911621429166417
2026-06-18,0.178908350778552,0.5251747931949846,0.28218183954559456
2026-06-23,0.2638831749429934,0.4655052779003875,0.2807179463773865
2026-06-26,0.166924541037323,0.4332112042590648,0.2716144739501814
2026-07-01,0.1380663007213243,0.4388000281354565,0.26093062009187284
2026-07-06,0.1007730278325866,0.338791696543339,0.24811801271112993
2026-07-09,0.1174397700883882,0.3433635633873328,0.23766375330131062
2026-07-14,0.0356955847927755,0.3691640533150053,0.22150629982062783
