date,Omega,Omega_signed,balance_K,erank,AR,crisis,Omega_f,Omega_signed_f,balance_K_f,AR_f,erank_f,balance_bin,balance_bin_f
2006-02-01,5.850613435732909,5.164371415456209,0.5219028758216094,11.295570499365686,0.8247850899034834,False,5.850613435732909,5.164371415456209,0.5219028758216094,0.8247850899034834,-11.295570499365686,0.614288157572707,0.614288157572707
2006-02-06,6.450174607446146,5.740707662793045,0.5471244483807134,11.129377816964077,0.836952825038495,False,6.210350138760852,5.51017316385831,0.5370358193570718,0.8320857309844905,-11.19585488992472,0.6229174423838006,0.6194657284593632
2006-02-09,7.849056049474611,7.21929943104128,0.6454076723457932,10.909211486405802,0.8438836258744526,False,7.193573685189107,6.535648924168092,0.6020589311503046,0.8391644679184678,-11.023868847813368,0.7124472276257084,0.6752546279591704
2006-02-14,8.207737539802608,7.715521225274737,0.7181951142507764,10.597701243187808,0.8503349261668599,False,7.802071997957207,7.243572304832079,0.6717406410105877,0.8458667428675031,-10.768168285038032,0.8039876648926246,0.7524944501192429
2006-02-17,2.5929538979185294,2.224664854572872,0.4883083364498048,12.311307107193477,0.8182131944614794,False,7.385342549954113,6.842059708811342,0.6570660566457251,0.8436544589950212,-10.891619390810469,0.6153545034511059,0.7415232543857919
2006-02-23,4.690147788793155,4.311963252597684,0.6507545320948424,11.381207411218792,0.8326623215598818,False,7.169726969061236,6.639651992314249,0.6565611346816546,0.8427750880002102,-10.930786432443137,0.7817111384305216,0.7656359848126297
2006-02-28,7.923323104586223,7.469152381292565,0.7151396328599651,10.11584247088489,0.8556806237677439,False,7.621884650376228,7.137352225701239,0.6917082335886409,0.8505184094607304,-10.441820055508188,0.8512958627334782,0.8170319115651389
2006-03-03,8.365412576429597,7.783110162686178,0.6675634019262231,10.183468081147314,0.8775387174576025,False,8.06800140600825,7.524806987892203,0.6897766470556475,0.8667305942588537,-10.286808870891663,0.8414469361962915,0.8316809263438305
2006-03-08,7.062174442005883,6.564698557676979,0.6474657863787672,10.246160131325937,0.8640599307630158,False,7.987535248888061,7.447998313474985,0.6863917782014971,0.8665169411791867,-10.262419627152228,0.7803438501337046,0.8275739602470205
2006-03-13,6.2050904150502,5.777469226087632,0.653710185666806,10.168794651390709,0.8596947901497186,False,7.844939662181033,7.314355986483997,0.6837772507987219,0.8659711690968293,-10.206244641695315,0.7437270917096301,0.8208662107640292
2006-03-16,5.129675812691227,4.744410194987647,0.6553856650746589,10.800939859472956,0.85467641046562,False,7.627718554221849,7.108760323164289,0.6815059239407969,0.8650675884063326,-10.253820259117528,0.6744459928711511,0.8091525933325989
2006-03-21,5.424139770122533,5.000240996002056,0.6451512886826485,10.67079714191414,0.8437412097331195,False,7.451432251493904,6.940078776991311,0.678597553120145,0.8633614781124755,-10.287178409741257,0.6825560579730973,0.7990248705038387
2006-03-24,5.865753651347695,5.421221204839969,0.6535133691673649,10.773432480867143,0.8452590756390962,False,7.324577963482207,6.818570171219204,0.6765908184039227,0.8619132859146053,-10.326078735431327,0.7418933189080043,0.7944543463761721
2006-03-29,6.275779344309221,5.7055778369377474,0.5894359702043854,10.697174362610966,0.8442684428298979,False,7.240674073948369,6.729530784476688,0.6696184305479597,0.8605016984678286,-10.3557663856057,0.7111476563542977,0.7877898111744221
2006-04-03,5.512071873976741,5.024098893075087,0.6072781593871763,10.83613601901829,0.8442514524694822,False,7.102385897950639,6.59309623316456,0.664631208855097,0.859201678787961,-10.39419595627871,0.7448315898074157,0.7843531534650616
2006-04-06,6.739709045206134,6.125099057399751,0.6072042968028574,10.901793512828451,0.8461254424711797,False,7.073371749731079,6.555656459103376,0.6600370558909179,0.8581555798826186,-10.434803760802687,0.6887242037944215,0.7767028374914104
2006-04-11,10.540960932358066,9.956080755701327,0.725789257626551,10.247079136274406,0.8512057280156848,False,9.153925259307272,8.595911037062146,0.6994883769322977,0.8575995917332639,-10.32216898608572,0.8228894307135617,0.8044147934247012
2006-04-17,10.430766115597052,9.804013733418488,0.7078713220683969,10.309342498888103,0.8443506395821753,False,9.92002977308114,9.320772654875952,0.7045181440139572,0.8565396755611769,-10.31447309376715,0.8069955005236317,0.8059632176840594
2006-04-20,15.1208236978084,14.642684963050488,0.8171525109959452,9.239402065109855,0.8638322275642604,False,13.040506127917496,12.513920039780672,0.77209876420315,0.860915206763027,-9.669430476572774,0.8669152717907556,0.8425344501480772
2006-04-25,9.759996786934956,9.36609004339934,0.7908425535796872,9.951203943924744,0.8540948687101623,False,12.778065380638893,12.262093640070166,0.7833450378290724,0.8603695797187978,-9.691972353960931,0.8093183372437457,0.8398771611157307
2006-04-28,4.927031655104029,4.280216529714824,0.436944383474098,10.903175148353116,0.8526646000052917,False,12.149982682596104,11.62354347124174,0.7556329854806745,0.8597531813417173,-9.788868577512307,0.4491110969646873,0.8086158759836473
2006-05-03,5.68055860413311,4.865953476481036,0.4056273342081841,10.962086988100738,0.85356455995199,False,11.632428756319063,11.082936271660884,0.7276325333788753,0.8592580916305391,-9.88272605035938,0.46433967813828664,0.7810737801560185
2006-05-08,5.75936172964914,4.940335310429168,0.4060065149798733,10.718895544025616,0.8503643264815873,False,11.162583394185472,10.591528194762349,0.7019024519069552,0.858546590418623,-9.94961960985268,0.47521843294368615,0.7566053523790319
2006-05-11,6.01903403046187,5.241610438193452,0.4480858870220752,10.66683346233844,0.8633003837808109,False,10.751099445087585,10.163534774236837,0.6815971267161648,0.8613988664359358,-10.00699671805154,0.3567321156059755,0.7246154934371875
2006-05-16,4.57176962256327,3.778590229027159,0.3708245818732031,11.403574208046406,0.8412319903160579,False,10.256753059285638,9.65273921062006,0.6567353231287278,0.8597855163463456,-10.118722917251128,0.44625317658111974,0.702346508088702
2006-05-19,12.777952412913685,11.834305887695386,0.6370647717281811,9.732760467368578,0.8678115213957677,False,11.769472671462466,10.961679216865257,0.6551616790166841,0.8646011193759988,-9.887145447321595,0.7054138729869749,0.7041869270276657
2006-05-24,10.148479695155164,9.286435877863635,0.594691777135791,10.010711042873012,0.8582737464647021,False,11.639793233357882,10.827659749745129,0.6503240868662127,0.8640949295430951,-9.89703069496571,0.7118793561636622,0.7088023845092636
2006-05-30,21.444392352004435,21.08307509796509,0.89409784289794,8.288028868612987,0.8596017179526557,False,17.522552704545813,16.9809089586771,0.7965883404852491,0.8637354726158599,-8.931629599154077,0.993634278173142,0.8797015207075907
2006-06-02,23.50837124878088,23.297210042646626,0.9392792197314084,7.70071473411582,0.8655010643261876,False,21.114043831086853,20.770689609058813,0.8822028680329446,0.8647948276420565,-8.193080680131123,0.9955157129791689,0.9491900360705376
2006-06-07,21.56048171236559,21.469951597550597,0.9711046401275276,7.562846322759871,0.86254584473901,False,21.38190655985409,21.19024680215388,0.9355439312896944,0.8646149090098129,-7.814940065708372,1.0,0.9796760144282151
2006-06-12,19.54411641337433,19.39339912104264,0.9479171157191824,7.670301258456064,0.8561000625756549,False,21.234883348135718,21.046498987664982,0.9429678419473873,0.8639337212950802,-7.728156781356986,0.9831556373318925,0.9817637881704215
2006-06-15,30.37301947387853,30.19690236953411,0.9587160173072292,7.544648336270215,0.8741039415331614,False,26.717765023581403,26.536741016786458,0.9524167471632924,0.8700358534379289,-7.618051714304924,1.0,0.9927055152681686
2006-06-20,33.65602020250068,33.44425676237311,0.9553039551109832,7.345328108481713,0.8849578587208645,False,30.88071813093297,30.68125046413845,0.9541490719319068,0.8789890566076903,-7.454417550810998,1.0,0.9970822061072675
2006-06-23,37.03506508877309,36.87471675788856,0.9690869749000954,7.128708254120099,0.8881887323319853,False,34.57332630563704,34.39733024038852,0.96311181371282,0.8845088620422672,-7.258991972796458,1.0,0.998832882442907
2006-06-28,25.898391727942325,25.67214604358074,0.944473054767925,8.174532912112449,0.8735315732256026,False,33.879331539421464,33.6993155046439,0.9616207129972284,0.883630678936934,-7.332235247941738,1.0,0.9995331529771628
2006-07-03,23.50500673391629,23.271400004000427,0.936416550764821,8.036814640807373,0.8722716923263348,False,33.04938555498105,32.865082264592424,0.9596043800186358,0.8827219600080861,-7.38860159937099,1.0,0.9998132611908651
2006-07-07,34.26789496314752,34.00850291815836,0.9489166089334584,7.488780535959016,0.8828198672840113,False,33.78049119988093,33.55113465673198,0.9587493583318216,0.8827807043736413,-7.396615914298033,1.0,0.9999253044763461
2006-07-12,37.87315297074208,37.586582205335056,0.94723066572627,7.321685601244287,0.8747620125850061,False,36.23608826239762,35.972403185893825,0.9578278629233776,0.8821392090305505,-7.351657726465785,0.9374059120490406,0.9949237530821617
2006-07-17,26.828891371137814,26.50552433854615,0.9209479595779602,7.890259985233959,0.8659551505396009,False,35.48351251109683,35.215052878106015,0.9548774706557442,0.8808444843512746,-7.394745907167239,0.9865570681953999,0.9942544182912209
2006-07-20,37.058415181963866,36.60926782210662,0.9078283234285562,7.03205022824844,0.8879740216097307,False,36.42845411361705,36.05158184450637,0.9511135388775692,0.8851222067063483,-7.177128499815959,0.9840067182950001,0.9934346022915232
2006-07-25,37.813239827653945,37.13123935553348,0.874999803542378,7.339773930665361,0.8915632361918345,False,37.25932554203919,36.69937635112264,0.945024440050754,0.88898682439764,-7.190140134283912,0.9308895615542062,0.988430999032538
2006-07-28,26.607190979108417,25.60596171176543,0.7765339211718479,8.856599123235677,0.8712592719793469,False,36.40715477700473,35.81190317997406,0.9315451985404416,0.8875686202041766,-7.323456853400053,0.8331650200819516,0.9760097207164911
2006-08-02,22.537579458130026,21.42833456652817,0.7225735708598618,9.271671834942405,0.8641001285790483,False,35.29758875149475,34.6612176908984,0.9148274683259954,0.8856911408741663,-7.479314051923442,0.8428654157698904,0.965358176320763
2006-08-07,20.30418609144721,19.1702859525676,0.6927156657199484,9.318078773341073,0.8669805981091158,False,34.098116538690945,33.42194315183193,0.8970585241175116,0.8841942974529623,-7.626415229636853,0.6683623984941802,0.9415985140946365
2006-08-10,7.795359173789969,6.820091420542492,0.4855436193345556,10.917150121716835,0.8636084537670445,False,31.993895949498867,31.293795013328776,0.8641373317348752,0.8825474299580889,-7.889674021003252,0.5328085774508746,0.9088953191631356
2006-08-15,10.039462979444831,9.050833637732076,0.5561857985972857,10.363303419598092,0.8662374677740263,False,30.237541311894542,29.514358103281044,0.839501209083868,0.8812426329833639,-8.08756437289084,0.5874589459628229,0.8831804093071106
2006-08-18,6.821400695341808,5.948603895841845,0.5003635268459629,11.13302817576715,0.8502476966478223,False,28.364250062570328,27.62909776668591,0.8123701945048356,0.8787630380765207,-8.331201477120945,0.5573121062759883,0.8571109450646208
2006-08-23,8.768926460404547,8.030473770098046,0.6199714005070613,10.356431844355876,0.8595866163756933,False,26.796624174397067,26.061207846958883,0.7969782909850137,0.8772289243404545,-8.493219906499741,0.7459691292179669,0.8482195997968885
2006-08-28,5.405833733903798,4.766225698429892,0.5072408198588279,10.773320540816876,0.8597730538023597,False,25.085360939157606,24.35760927507657,0.7737992932949189,0.875832454697407,-8.675627957245112,0.5502579077321071,0.824382664431706
2006-08-31,4.58383885477447,4.049066999756402,0.5291240779663956,11.275431570135748,0.8457356411492539,False,23.44523917240696,22.732925893050957,0.7542252760686371,0.8734247096135548,-8.883612246276364,0.5988139357083423,0.806337166133837
2006-09-06,4.949956867567938,4.330562536546724,0.5118371289166672,11.379334905498034,0.8514176408994998,False,21.96561658801984,21.26073682453061,0.7348342242964796,0.8716641441164305,-9.083270059014096,0.6292631271756487,0.7921712430171819
2006-09-11,6.32861319919734,5.637377150525206,0.5594469629552514,11.13132042218064,0.8354741704294745,False,20.71465631691404,20.01086805061018,0.7208032433891813,0.868768946221474,-9.24711408806742,0.7434311319562812,0.7882720341323098
2006-09-14,3.836061927759861,3.307909541979502,0.4605039066130981,11.628011405838327,0.8217728708544747,False,19.364368765781705,18.674631369919727,0.6999792964470947,0.8650092601921141,-9.437585873489091,0.5704197094462967,0.7708438481574289
2006-09-19,2.4538138956197457,2.103924319433033,0.4326299231920731,11.639489130924142,0.8310638537067042,False,18.011524376168747,17.348974805880793,0.6785913465866931,0.8622936276732813,-9.613738134083896,0.5520483646638119,0.7533402094779397
2006-09-22,6.035958303578065,5.418424691471,0.5478921339520461,10.692858386697838,0.8540694615735727,False,17.053479090361492,16.39453079672801,0.6681354095759213,0.8616356943853046,-9.700067754293014,0.7289898512423467,0.7513921808190923
2006-09-27,8.443150762508143,7.571664398468841,0.5186851628626711,10.501404556779011,0.8586480911462785,False,16.364652824133223,15.688701484867275,0.6561793898388614,0.8613966861261826,-9.764174698491894,0.4813790058766472,0.7297911268236967
2006-10-02,9.785153416399602,8.908249429582845,0.5541442365615837,10.223402512093148,0.861770147526655,False,15.838292871514534,15.146265320444522,0.6480165775766792,0.8616207629664661,-9.800912923579997,0.627328313259275,0.721594101738543
2006-10-05,5.914321832634123,5.194917154457756,0.4798040442349035,10.780031842927231,0.852649400853685,False,15.044375188404102,14.35015746716558,0.6345595749093371,0.8609030539974436,-9.879242437127775,0.5905830592006222,0.7111132183355093
2006-10-10,4.313195805622298,3.6912046184318337,0.4187280672857039,11.287098577408615,0.8447221468486746,False,14.18588083778156,13.497441239266882,0.6172930542994465,0.8596085814255421,-9.991870928350243,0.5812741607359938,0.7007260937275481
2006-10-13,5.893707304214562,5.155569439553454,0.4738440939917374,10.964105720124964,0.8530279226917795,False,13.5225069550962,12.830091495289809,0.6058171374748298,0.8590821287268411,-10.069649711692222,0.5434891699525256,0.6881471398255463
2006-10-18,3.4769844964487886,2.8068748068827567,0.3344828169031962,11.509527350832716,0.8383997836313639,False,12.718865158404409,12.028234160217243,0.5841103918290992,0.8574275411192029,-10.18483992282346,0.466922898466018,0.6704492005167841
2006-10-23,1.2442271886711709,0.8635870766945789,0.1577409372240729,12.241530167667875,0.8638734153698452,False,11.800894120825747,11.135062393535431,0.5500008354606971,0.8612950656695884,-10.349375142411011,0.15827788575634574,0.629475495335949
2006-10-26,0.6295487252415756,0.4095834015700721,0.1390422550131746,12.876439763107776,0.8475412898706915,False,10.907186489179017,10.277024074178204,0.5171241490248953,0.8601947636056767,-10.551540312066754,0.1512383935696228,0.591216527194643
2006-10-31,1.000705550459829,0.74441727923392,0.2664348899168068,12.663891094302263,0.8471803877580872,False,10.11466801408148,9.51441553058266,0.4970690082962483,0.8591536135378696,-10.720528374645594,0.478375658618656,0.5821892577085641
2006-11-03,0.6882923635301702,0.4770935827494627,0.1939097695990232,13.004769911565695,0.8463904513806777,False,9.360557962037376,8.791429774756004,0.4728162692004703,0.8581325605652943,-10.903267697599205,0.31847588767042145,0.5610921881055128
2006-11-08,1.686602078702868,1.3348741037710992,0.3200945246210389,12.323534292191558,0.8480733737099044,False,8.746641491370616,8.194905321077211,0.4605985296341158,0.857327825616863,-11.016889025166591,0.4676453134982345,0.5536164381369305
2006-11-13,1.3142010734027672,0.9944106670026738,0.2471618509071858,12.12312413632443,0.8508634861738599,False,8.152046257933188,7.618865748751249,0.4435235953359615,0.8568106784614228,-11.10538783405922,0.3051379600426705,0.5337381598893897
2006-11-16,3.533465539749717,2.9744274774186623,0.3862566392022749,11.22883194657756,0.8611215512233305,False,7.78255980047851,7.247310687044642,0.4389422388452666,0.8593972021185674,-11.115263363060688,0.41897879233129565,0.5245574104847421
2006-11-21,3.2727240995765605,2.701453249851712,0.3338385087351025,11.217261055234088,0.8442655928533426,False,7.421772944406355,6.883642092069208,0.4305339404364535,0.8581866733773494,-11.12342317843456,0.33915497377225845,0.5097252155477434
2006-11-27,6.663940687325777,5.902163801330041,0.4673752967534199,10.096203562767952,0.8603661320646953,False,7.361146363839909,6.805123828810075,0.4526387542266334,0.859494348589757,-10.507091409034595,0.40328710045494104,0.5012101663403192
2006-11-30,6.221019310000537,5.642317217488041,0.534067831613443,9.910847591655134,0.8667752373510668,False,7.26993619953276,6.712099299904313,0.5014962006587191,0.8638628818465429,-10.14934511860692,0.6092535933226105,0.566036222529694
2006-12-05,5.460629773058099,4.822176497805958,0.48301675274697,10.563027146042137,0.8612637621609742,False,7.125191685414787,6.560905475736446,0.5000178448257793,0.8636549522716974,-10.182439680801735,0.5089178648494407,0.5614667539152738
2006-12-08,5.239653883637224,4.785309715058882,0.6229234750767753,11.211081121617728,0.8505627115597746,False,6.974348661272582,6.418857814882241,0.5737612229763769,0.8626075730147436,-10.264730996067016,0.6946408423061526,0.6413712069498011
2006-12-13,4.806416476213322,4.323851551526541,0.5887658779945342,11.53688250250823,0.8457755467266022,False,6.8009140864678415,6.251257313813785,0.5827640159872713,0.8612610109116923,-10.366503116582315,0.7751740715109301,0.7216529256864785
2006-12-18,6.413999183539082,5.944545486397529,0.67525433591466,11.205879961592744,0.8381695879533622,False,6.769960894233542,6.226720367620484,0.6382582079437046,0.8594136970750259,-10.43365326418315,0.8038960375755001,0.7709987928198915
2006-12-21,6.568857067660242,6.10207009190719,0.6832165693296851,11.009960691108269,0.8456883254879185,False,6.7538725881076775,6.2167483455634205,0.6652332247752929,0.8583156673480573,-10.47975785833716,0.8648927380374517,0.8273351599504275
2006-12-27,3.5890530754245,3.111334271027068,0.5059838273719578,11.738121231324056,0.8425236118177135,False,6.500687027093023,5.9683152196005125,0.6524932729830261,0.8570523029056298,-10.580426928176111,0.698357810359466,0.8170169719831506
2007-01-03,2.689209758856704,2.14097689665128,0.3169860075739745,11.999037162531373,0.8517274966875013,False,6.195768845634118,5.662128153764575,0.6256526917503019,0.8566263184081796,-10.693915746924532,0.3208207364746436,0.77732127314247
2007-01-08,2.107327197431759,1.6802897069800034,0.3212216125631789,12.057160379483756,0.8399005751979228,False,5.868693513777929,5.343581078021809,0.6012982054153321,0.8552882589513591,-10.80297531752927,0.3296796379761837,0.7415099423291671
2007-01-11,2.2170783447782543,1.80342149125901,0.3589229875351121,12.066821961762434,0.8488202315182009,False,5.576564300257956,5.060368311080785,0.5819081879849145,0.8547708167567064,-10.904083049067925,0.39501989849509317,0.7137907388224412
2007-01-17,1.1532385495817683,0.8181535900099445,0.2115526742966685,12.577318662148263,0.856357849651994,False,5.222698240203861,4.720991133395117,0.5522797468898548,0.8557230364938789,-11.037941898114353,0.25001515165408883,0.676688691848973
2007-01-22,1.215448473518151,0.8699540900518504,0.199870095619442,12.26048384610028,0.857750053506144,False,4.902118258869004,4.412908169927656,0.5240869747882219,0.8569392467012379,-11.135745253953225,0.23500646732943298,0.6413541138874098
2007-01-25,3.000361421193544,2.4666105979874686,0.3718570376438765,11.68702439742604,0.8515966292227619,False,4.749977711854967,4.257204364172441,0.5119085798166743,0.8565118373029599,-11.17984758543105,0.4199719716174494,0.623643542505813
2007-01-30,1.0267597712230117,0.7434779977701808,0.221014505466536,12.96484317259888,0.8240020565347665,False,4.45212027660441,3.9761062548602606,0.4886370538686632,0.8539110548415045,-11.322647232404476,0.29361240623112556,0.597241051603838
2007-02-02,1.3838664315352274,1.0626200796825858,0.2899061251051885,12.50317370530751,0.8123540633944865,False,4.206659968998876,3.743027360846047,0.4727385795675852,0.8505864955257432,-11.41708935023672,0.33113640975552394,0.5759526802559729
2007-02-07,0.8911392010972743,0.6321219490118782,0.2178523211804063,12.860253772411212,0.8096922847675809,False,3.941418307566748,3.4941549278993134,0.4523476788966109,0.8473149586650902,-11.532542504010678,0.21878744399963948,0.5473794613554662
2007-02-12,1.3771743203024485,1.0427178695729262,0.2686355428932394,12.08125688473562,0.82313692489543,False,3.736278788585605,3.2980399632332027,0.4376507080163412,0.8453807159635175,-11.576439654468674,0.2924798186867591,0.5269874899419698
2007-02-15,3.12443282884156,2.6708418395666254,0.4701337775211485,11.676425933764138,0.8149593924171823,False,3.687331111806081,3.2478641133398765,0.4571405497192256,0.8429470100798107,-11.584438556812312,0.6536113174234376,0.6029617864308505
2007-02-21,4.222407135966992,3.667504328033445,0.5024497491384213,11.564823121821656,0.8013197634383303,False,4.008376726302627,3.499648242156017,0.4843260693707431,0.8396168303484923,-11.572669295817915,0.6084495070124887,0.6062544187798334
2007-02-26,1.933418314779913,1.4606469664567865,0.2828559544606202,12.796257129816192,0.7885872041579878,False,3.84238005338081,3.3365281401000786,0.4682084601779332,0.8355344602532521,-11.67055632253778,0.3149413709195842,0.5829493749510135
2007-03-01,63.19672636634829,63.14283693752872,0.993021205491337,5.948161643803223,0.8918818626866092,False,39.454987841161305,39.22031341855727,0.7830961073659755,0.8693429017132663,-8.237119515297046,1.0,0.8331797499804054
2007-03-06,76.5772584014519,76.52622017852894,0.9946292108990944,5.550123079505632,0.9010011990131992,False,61.72835017733566,61.60385747454027,0.9100159694858468,0.8883378800932261,-6.624921653822199,1.0,0.9332718999921622
2007-03-09,72.98335208656475,72.93447059961645,0.994557971271437,5.589958597788611,0.8987127521169348,False,68.48135132287311,68.40222534958598,0.9607411705572008,0.8945628033074513,-6.003943820202046,1.0,0.9733087599968648
2007-03-14,74.29770733053944,74.28025092529543,0.9980235019406613,5.143639609021668,0.9020441456787006,False,71.9711649274729,71.92904069501165,0.983110569387277,0.899051608730201,-5.487761293493819,1.0,0.9893235039987459
2007-03-19,77.17364649744002,77.17364649744002,1.0,4.959383362822888,0.9063308859834432,False,75.09265386945317,75.07580417646867,0.9932442277549108,0.9034191750821464,-5.170734535091261,1.0,0.9957294015994984
2007-03-22,88.97942061950405,88.97942061950405,1.0,4.43794763888943,0.9213769544030924,False,83.42471391948371,83.4179740422899,0.9972976911019644,0.914193842674714,-4.731062397370161,1.0,0.9982917606397994
2007-03-27,45.9196727219557,45.761836781503135,0.97469714827692,6.88052161253039,0.8830336170060674,False,80.42431062368148,80.40548306142696,0.9954896476759608,0.9117010246212224,-4.90301913458298,1.0,0.9993167042559198
2007-03-30,51.6898241325694,51.59459693791755,0.9858489746108268,6.255462667252724,0.8965389285252845,False,78.1255517043925,78.1006121715462,0.99471839383075,0.9104880569335472,-5.01121461719656,1.0,0.9997266817023679
2007-04-04,54.3393212973507,54.18476261934941,0.978411005187455,6.570051947637678,0.8889391631249608,False,76.22265327182917,76.18734420737046,0.9934138027392864,0.9087641454288604,-5.135921603631849,1.0,0.9998906726809471
2007-04-10,50.57722001276893,50.37611211804615,0.9696742016297304,6.414813438318722,0.8888613998902049,False,74.17101861110436,74.12244564022453,0.991514634650522,0.907171925785768,-5.2382329504068,1.0,0.9999562690723789
2007-04-13,23.044937470747477,22.671918867615485,0.8953000105894492,8.090802395088051,0.8700025877717127,False,70.08093211987581,70.0064034984158,0.9838174647256362,0.9041983787446436,-5.4664385059813,1.0,0.9999825076289516
2007-04-18,11.611917465843137,11.128666703103544,0.7666896247889415,9.290540443682987,0.8571381995622365,False,65.4034109475532,65.29618455479083,0.9664472375307008,0.9004335644100511,-5.7723666609974345,0.9312871376036935,0.994486878026931
2007-04-23,5.458763666835639,5.028582181934777,0.6425465381616411,10.586261899838773,0.8502525430328849,False,60.60783916509579,60.474776364962345,0.940535181581176,0.8964190826998778,-6.157478280104741,0.6578670477267483,0.9675572916029165
2007-04-26,3.999930983560602,3.3170720505439006,0.4249430903231924,11.888470737846346,0.8178783532653049,False,56.07920651057297,55.90216001980887,0.8992878142805373,0.8901358243451121,-6.61595767672407,0.4254717228464822,0.9241904461024018
2007-05-01,3.868197028736009,3.2832459329376285,0.4783814782018343,12.06695377672313,0.7886445589557629,False,51.902325752026016,51.69264689285917,0.865615307394241,0.8820165231139642,-7.052037364723995,0.6474776843911785,0.9020534251655039
2007-05-04,3.0551247045070515,2.515057696688824,0.4352211305079402,12.776499447634974,0.7707704752979332,False,47.9945496682245,47.75843975716555,0.8311837732433369,0.8731168392886817,-7.509994331356873,0.6366494093504552,0.8808211039003
2007-05-09,2.159425380473577,1.686701256123496,0.3574074782016073,13.08187826745432,0.7837215858504836,False,44.32773972520443,44.07270067708219,0.7932816696399986,0.8659652190136258,-7.955745046244669,0.5490007642598774,0.8542754767290662
2007-05-14,6.449909992111336,5.870858336537001,0.6323125842757165,11.44907805138646,0.8108746824943351,False,41.29751334655699,41.016553289838576,0.780404142810856,0.8615579760920825,-8.235211686656012,0.8092206856747307,0.8506710934447194
2007-05-17,13.509798272974669,12.754308761100363,0.7334279147103399,10.38283727292932,0.8420471461588608,False,39.074496140670405,38.75557372753952,0.7766460445628147,0.8599971096974248,-8.407021733557876,0.8249556275847342,0.8486138561759206
2007-05-22,10.401915781017196,9.6504778247136,0.6778451901971084,10.787355744117056,0.8130259383817644,False,36.78068971189815,36.42716605531345,0.7687419762135582,0.856239415992172,-8.59744845440261,0.7343342214653182,0.8394714853990725
2007-05-25,11.859838874387869,11.200293143407192,0.722575497858646,10.371434584914455,0.8231958452329207,False,34.78702164489732,34.40901622236095,0.7650486579451653,0.853595930331432,-8.739367344843558,0.8459830550626739,0.8433784271972333
2007-05-31,10.738356288513828,10.10784933279924,0.7205900443733289,10.556088372404066,0.8234511851914695,False,32.863128416386644,32.46492287119601,0.7614919688594184,0.851184350720235,-8.8847050270484,0.8351637313670963,0.8427212515308223
2007-06-05,9.596693880581803,9.189389253830988,0.785744406370875,10.43551836759345,0.8200159943896397,False,31.00181365352226,30.602880181806807,0.7760434313662923,0.8486908822137875,-9.008770094292004,0.9614800419239754,0.9139765257667142
2007-06-08,28.03342071336821,27.66615845542304,0.9154638036567728,8.17012685478315,0.8478020916741912,False,30.76434221830993,30.36794244369611,0.8596956547405805,0.8486197789706198,-8.505584150586692,0.8822872862492149,0.9114413866053144
2007-06-13,30.157262103372474,29.98723804449529,0.9585562500797288,6.840942558162678,0.8799639590510597,False,30.715775809114938,30.337486091760045,0.9190120119440696,0.8674262870188838,-7.506799195132283,0.9865635330691819,0.9565146744836349
2007-06-18,30.92669010308716,30.705014115178,0.9492088551434796,7.067254811194644,0.8811277175389264,False,30.842324385498276,30.55800290581082,0.9371301178637156,0.8756471453309094,-7.243072564769699,0.9773384961172751,0.969008967463819
2007-06-21,33.71129632946359,33.58028893704403,0.970765622342584,6.51184310135865,0.8835934345829278,False,32.56370755187747,32.371374524550745,0.9573114205510368,0.8804149188821204,-6.804334886723069,1.0,0.9876035869855276
2007-06-26,33.525347937158806,33.436581196569016,0.9782151538144832,6.093993572790594,0.8875088284339822,False,33.14069178304627,33.01049852776171,0.9698536605091046,0.8846712646132375,-6.378130098363584,0.9957513077915539,0.9924922194691433
2007-06-29,28.67391118873145,28.605295920096506,0.980712067074018,6.211895033180737,0.8848118773022566,False,32.783349335501086,32.6580823191485,0.9763687044480526,0.884755632226649,-6.278389059253875,1.0,0.9969968877876574
2007-07-05,33.37763007791606,33.29368551127491,0.9799617328029788,6.006561845631635,0.8861486008369565,False,33.13991778095007,33.039444234424344,0.9785245214610084,0.8855914133928335,-6.115292731080531,0.987950488886938,0.9962731758755998
2007-07-10,32.161027991389524,31.98091613788525,0.9586472521447396,6.667259077929581,0.8760294493596413,False,33.06160659778523,32.95476198670122,0.9769343399157068,0.8848264562701782,-6.159450038828456,0.9802162355544822,0.9949886206499104
2007-07-13,52.73365971811087,52.54205267439446,0.972297952343355,6.345935460794199,0.8883520801894451,False,44.86483846998061,44.70713639931717,0.9765634289099188,0.8869418306217384,-6.174368872585715,1.0,0.9979954482599642
2007-07-18,45.6924331523612,45.49831917980921,0.96917655225227,6.786736065168695,0.8889596099047382,False,45.36139527940897,45.18184606761239,0.9759724787773068,0.8881524981915383,-6.223358247992354,0.9784657995656899,0.9964330763644222
2007-07-23,19.217454865904305,18.813502500266036,0.8691865429857554,8.396690412629313,0.8720145144706702,False,43.2698800463286,43.07237858222469,0.9674296039139828,0.8868614594938689,-6.397224821163311,0.8309830472399916,0.9831970740344679
2007-07-26,29.391103829904758,29.204336608455016,0.953265299899506,6.521227544052528,0.8914493685857123,False,42.15957794901469,41.96293522432311,0.9662964595928246,0.8896142049489749,-6.407145038994449,0.9902148983082065,0.987407768598711
2007-07-31,38.85952576635042,38.72099934902453,0.971553172424206,6.511200284348814,0.8886785180955801,False,41.89557377440155,41.70358035429923,0.9694504872916536,0.8895393500007034,-6.415469458622799,0.9737354225039158,0.9863139809111274
2007-08-03,50.29590482641965,50.191532897497616,0.9826071129082498,5.861496566321736,0.8962040172342295,True,46.93577240561241,46.79635188021826,0.9773444626616112,0.8935381503408191,-6.083085723242162,0.9686482196736687,0.9849007200121308
2007-08-08,56.781167138918974,56.715326698928834,0.9900853769241286,5.801624387489111,0.8975146107473235,True,52.84300924559635,52.74773677144461,0.9849890112191216,0.8959240265847217,-5.914208921790332,1.0,0.9939602880048524
2007-08-13,58.43691970496128,58.400536791463445,0.99506265393764,6.00127744429559,0.8946023331165567,True,56.19935552121531,56.13941678345591,0.9910331968502328,0.8958182911072685,-5.9211744035907525,1.0,0.9975841152019409
2007-08-16,54.49606035733319,54.49380034177352,0.9996701975479568,5.720112786983211,0.910284058703988,True,56.063091908104745,56.00776746812132,0.9962153972688672,0.9044977516653004,-5.8005374336262285,1.0,0.9990336460807764
2007-08-21,61.62184286895307,61.62184286895307,1.0,5.424335197518302,0.9184462189335072,True,59.398342484613735,59.37621270862037,0.9984861589075468,0.9128668320262244,-5.574816091961472,1.0,0.9996134584323105
2007-08-24,55.0489947315964,54.99510191482784,0.9919531249673356,5.595677867905154,0.9128412766246504,True,59.05039466437236,59.02572384511697,0.99796351619233,0.9128647875940988,-5.576485034036968,1.0,0.9998453833729242
2007-08-29,66.04697020913844,66.0268385707075,0.9973630967244296,4.751308326784867,0.9262130269629228,True,63.248339991232,63.22639268047129,0.997915482634898,0.9208737312153932,-5.0813790096857065,1.0,0.9999381533491697
2007-09-04,60.99391316226472,60.79752104533439,0.9717393102421964,5.2339751354466975,0.9276625028779684,True,63.06798584491462,63.03208294966034,0.995821388843482,0.9249469942129382,-5.093586699746586,0.946836856246879,0.9956900495809864
2007-09-07,38.26967175036856,38.243121011270894,0.9943257251320824,5.479697928765999,0.9140747154788994,True,61.084120717350935,61.04896599458919,0.99570173574657,0.9240772119142152,-5.124475598068139,1.0,0.9982760198323946
2007-09-12,47.70082711614647,47.70082711614647,1.0,5.31377936553094,0.91792570847566,True,60.01345722925458,59.98111488431377,0.998280694298628,0.9235850916391308,-5.139619899465163,1.0,0.9993104079329578
2007-09-17,59.8228128945265,59.8228128945265,1.0,5.313421142647538,0.9017615470100228,True,59.99820568247633,59.96845072513079,0.9993122777194512,0.9218392080688022,-5.153523998919753,1.0,0.9997241631731831
2007-09-20,92.30126736039144,92.30126736039144,1.0,4.344095930182655,0.9255624181017412,True,79.38004268922539,79.36814070628716,0.9997249110877804,0.9240731340885656,-4.6678671576774935,1.0,0.9998896652692733
2007-09-25,88.84370554604453,88.84370554604453,1.0,4.608647144725356,0.9266473439604244,True,85.05824040331687,85.05347961014158,0.9998899644351122,0.9256176600116808,-4.63233514990621,1.0,0.9999558661077093
2007-09-28,46.853473966710666,46.72788895104906,0.979028164910413,6.187870323026745,0.898735330956349,True,82.00185908838837,81.98743235741418,0.9982210204731364,0.9234670736872542,-4.756777963755853,1.0,0.9999823464430837
2007-10-03,38.02511780634725,37.89753773590009,0.973400075220302,6.616989888569766,0.8897301191649579,True,78.48371978582509,78.46024078769305,0.9962353448529097,0.9207681173254706,-4.905594917740967,1.0,0.9999929385772335
2007-10-08,26.76936255616157,26.438713040702567,0.914587850123323,7.485135460422172,0.8842610099828416,True,74.34657120745202,74.29851856793381,0.9897035452745426,0.9178475487380604,-5.111958161155464,0.92109608241034,0.993681190083882
2007-10-11,28.54556773228324,28.149666662337484,0.8995017730637668,7.440685487463939,0.8844040213398088,True,70.68249092943853,70.6066104154861,0.9824874034976806,0.9151720665462004,-5.298256347260142,0.8467584211675565,0.981927368570576
2007-10-16,8.538192199549352,7.851347593604383,0.5686742800345398,10.067941965083236,0.8503501529012997,True,65.7109470310474,65.58618938973557,0.9493823536206294,0.9099863134546085,-5.679831196685989,0.6271769496747838,0.9535473350589126
2007-10-19,20.132547269172264,19.705349615016583,0.868548967643742,8.582464506368524,0.8598062448173684,True,62.06467505009739,61.91572220775805,0.9429156827424784,0.9059719079636293,-5.912041861460592,0.9515219156806876,0.9533853015086547
2007-10-24,16.13783990105679,15.6771348861337,0.8218804813061318,8.4707783347042,0.8548350170706764,True,58.39052823817415,58.21663522202811,0.9332328666275708,0.9018809566921928,-6.1167407793200805,0.9025252719387993,0.9493164991430664
2007-10-29,12.814831662240865,12.3870705613313,0.807888250892145,9.246438597396782,0.8533546508565294,True,54.74447251209949,54.55027004917237,0.9232052973687368,0.8979988522253398,-6.367116604766217,0.9275855401844428,0.9475780224263766
2007-11-01,36.12179695180313,35.88873435109444,0.955074722762884,7.276501079642125,0.8755911595380185,True,53.25465846727578,53.05734719332614,0.9423269526052253,0.8962062368103542,-6.43986736275629,0.973154614807064,0.962923977854789
2007-11-06,25.25601515980932,25.03916755432809,0.9444557102320984,8.014481876506926,0.8640889843538506,True,51.01476700267847,50.81589282220629,0.9436042071813492,0.8936368566138339,-6.565836523856341,1.0,0.9851695911419156
2007-11-09,26.98440345769762,26.769061464522466,0.9436064899896792,7.35618107362097,0.8961982637526229,True,49.09233791908,48.89214631359159,0.9436055768663472,0.8951737008971072,-6.629064087837512,1.0,0.9940678364567662
2007-11-14,36.412222150979645,36.360736795975086,0.9895678977461214,6.52168267857548,0.912981012232574,True,48.07792865763197,47.88963355218227,0.9711829693942118,0.9058580876983874,-6.564635242280293,1.0,0.9976271345827065
2007-11-19,28.793908138921417,28.66728572707457,0.9677647040031296,6.978331771123148,0.9118796767804008,True,46.53520701613513,46.35184572617365,0.9709095081629252,0.9094710411475956,-6.597730964587721,0.954726432222101,0.9941950783938581
2007-11-23,38.61757290914714,38.54014705037497,0.983421898509578,6.06916185632964,0.9304536156739608,True,45.9017962875761,45.72690983210976,0.978416942370917,0.9220605858634148,-6.280589499632872,1.0,0.9976780313575433
2007-11-28,60.72860927898019,60.71175596018866,0.9975106479903854,4.995424100620617,0.9403282108456966,True,54.79788408241855,54.7178175089571,0.989873165742598,0.933021160852784,-5.509490260225519,1.0,0.9990712125430173
2007-12-03,47.3132100770816,47.23322206752403,0.9854206009038478,5.521716657633594,0.9392935456684056,True,54.1991101619916,54.11904987364245,0.989516960555498,0.936784591742157,-5.510468372018165,1.0,0.9996284850172069
2007-12-06,39.75949175694539,39.57166483052177,0.9623055538158324,5.9321987117264525,0.9307689498864696,True,53.04394068958791,52.9552590701928,0.9873400480163248,0.936303340393702,-5.5442067991948285,1.0,0.9998513940068827
2007-12-11,57.20982539211613,57.1047884982075,0.9843443512622486,4.931656828700058,0.9331132763782986,True,55.54347151110484,55.44497672700162,0.9871003922759988,0.9360481352724698,-5.176676816897967,1.0,0.9999405576027531
2007-12-14,46.90555754611989,46.732002308814174,0.9706367980040076,5.594448707438719,0.9153268899508596,True,54.85243839390605,54.74793877354663,0.9857833047342396,0.9343904356467412,-5.210098568141227,1.0,0.9999762230411012
2007-12-19,59.0427667290228,58.92624057948992,0.9832060808813884,5.539507017839698,0.914891236644608,True,57.3666353949761,57.25491985711261,0.9855771268260116,0.9328304997265704,-5.236451244117105,1.0,0.9999904892164405
2007-12-24,29.77073323586656,29.577315457102905,0.948324829023319,6.525429688664747,0.9051648533957178,True,55.158963222247344,55.04071150511183,0.9825969430017962,0.9306172480201024,-5.339569519680917,0.9615095969997968,0.9969120178391091
2007-12-28,25.6229441050662,25.397220234134227,0.9293960596478178,7.060187298797778,0.9025104729645996,True,52.79608169287285,52.66923220343362,0.978340872333478,0.928368706015662,-5.477218942010267,0.9235867781344234,0.9910459986627342
2008-01-03,46.750361876441765,46.394528913077,0.9340205366988232,6.123640106977943,0.915155080418624,True,52.31242410755837,52.167255940205095,0.9747952454827056,0.927311615967899,-5.528932635207681,0.8538344017749843,0.9800690709117144
2008-01-08,34.73420003430859,34.416283783803856,0.9260665070489776,6.571033417977136,0.9167276884581576,True,50.90616618169838,50.747178167693,0.9708969464080076,0.9264649017671196,-5.612300697829237,0.950529968578051,0.9777059427250213
2008-01-11,34.474548033074605,34.13557070680161,0.9206922223095408,6.4514730000968,0.9084719426713244,True,49.591636729808485,49.418249570821686,0.9668805684801304,0.925025465039456,-5.679434482010643,0.9682027433621209,0.9769456867759893
2008-01-16,28.716607822575863,28.539968751755268,0.9509324050709638,6.387072877429222,0.9172281934191794,True,47.92163441722988,47.74798710529637,0.965604715407397,0.924401683309834,-5.7360455536441295,1.0,0.9907782747103957
2008-01-22,17.21503592616205,17.076759418176806,0.9341006623831254,6.715131847402303,0.9179249852723976,True,45.46510653794445,45.29428889032681,0.9630843911654552,0.9238835474668392,-5.814372457144783,1.0,0.9963113098841583
2008-01-25,22.11833906106271,21.48926347351203,0.804653890549751,7.2532525479343715,0.9187811309525272,True,43.59736513979392,43.38988685698163,0.9504099511161992,0.923475354145694,-5.929482864407951,0.902893801901433,0.9888379092455403
2008-01-30,23.37139286223513,22.91577033857087,0.8692246597147281,7.554638119215888,0.8998105385261712,True,41.979287357589214,41.75195753550877,0.9439151278040814,0.9215821688961324,-6.059495284792586,0.94731821203886,0.9855163334690059
2008-02-04,24.61602244490067,24.0533495963059,0.8519856160844241,7.763053157895689,0.8883932205554573,True,40.59022616457413,40.33606890037255,0.9365607668665088,0.9189270530288784,-6.195779914640834,0.9106434323201741,0.9795265013770994
2008-02-07,30.93167324552624,30.40166069160761,0.8825802192753087,7.417861123953779,0.8897391790261877,True,39.81754193105031,39.54131624367135,0.932242323059213,0.9165920231086632,-6.29354641138587,0.8657371095199387,0.9704233500285265
2008-02-12,26.43731252125588,25.82862572988683,0.8417503146321408,7.660600833108781,0.8916919958228817,True,38.74712357826675,38.444301002568594,0.9250029623850472,0.9146000209258008,-6.402910765123703,0.8928583769313807,0.9642181521807549
2008-02-15,18.183361855067798,17.733426714014435,0.8296229308425066,7.868923004283664,0.8917959636420622,True,37.10202264041084,36.78743105948426,0.917372559861644,0.9127756963431016,-6.5201917442565005,0.8379560081400793,0.954117180657501
2008-02-21,24.987315270847883,24.61733772217531,0.89838712167751,7.962727524578137,0.8741927504069389,True,36.1328460508458,35.813823592499546,0.9158537248069132,0.9096890606682088,-6.635594606682232,0.8941370011995006,0.949318766300861
2008-02-26,23.68193077255428,23.327001622866906,0.9026005378287264,7.984231449066296,0.8822712414592421,True,35.13677282858248,34.814877834928936,0.9147934698486584,0.9074956351314916,-6.743485554072957,0.9712494585306987,0.9624771816387636
2008-02-29,40.82978884848887,40.430978649654406,0.9290995794023104,7.0050612438435245,0.8994547129610118,True,38.55258244052631,38.184538323764215,0.9233771355808496,0.9068523613578532,-6.764411609254602,0.963217110737091,0.9629211390977601
2008-03-05,19.3539964702988,18.98366225708095,0.8792808751147121,8.416250664903037,0.8777194472349092,True,37.01669556290811,36.64846823842956,0.9198494347435586,0.9045217282280176,-6.8965587337064775,0.9395182042429627,0.9610489043093764
2008-03-10,29.36811740197186,29.14754676882901,0.9465718839459056,7.250780617928791,0.889831881074766,True,36.404809310033215,36.04839452086152,0.9358829042649668,0.9033465404557576,-6.924896484444263,1.0,0.9844195617237506
2008-03-13,51.9197128848076,51.67155134321008,0.9605848337752932,6.247725894466041,0.9127070756277196,True,45.713751454897846,45.422288614270656,0.9507040619711626,0.9089628615589348,-6.51859413045733,0.9492075817474067,0.9816026033256431
2008-03-18,66.95121217813444,66.6774631770236,0.9643718739197956,5.216576188328864,0.9388038757048992,True,58.456227888839805,58.17539335192242,0.9589047491403424,0.9268674700465134,-5.737383365180251,0.9742678953760857,0.9810158266896785
2008-03-24,49.419470379904176,49.25720553203167,0.9716711688375916,5.018723368075287,0.9439470795778794,True,57.73328728812496,57.461938326331165,0.966564600958692,0.937115235765333,-5.306187366917273,0.9839780907191401,0.9827931851073555
2008-03-27,57.30109688051792,57.1264295666056,0.9739724580301276,5.027308936302142,0.9418381954858832,True,57.6987120555164,57.43509762555313,0.9710093152015532,0.9399490115976632,-5.138860308548194,0.9739098114099761,0.9820825152115652
2008-04-01,58.13762649962724,57.91671486700801,0.9674811113582026,5.062365729429631,0.9415570054731024,True,57.9620607219829,57.724067970426056,0.9707270588940852,0.9409138079229268,-5.092963561077056,0.9553314630925772,0.9799424310420463
2008-04-04,63.742984703988334,63.45658163804699,0.9621651214667344,5.190156481659059,0.93857219060844,True,61.43061511118616,61.16357617099862,0.9700421038998972,0.9407264785377678,-5.100738994723616,0.9889487444207763,0.9853462190692842
2008-04-09,34.279116872740026,34.171576019829374,0.9749192202523002,5.619879648540132,0.9329661283177354,True,59.25849525211047,59.00421615890508,0.972968373711339,0.9401056505201651,-5.142270247028938,0.9891583526213593,0.9876334992005293
2008-04-14,26.49389133496514,26.38367151865364,0.9673865954607564,5.708421195031769,0.9366900293900274,True,56.63732693873885,56.39457258768497,0.9725218314512925,0.9398324008297544,-5.187562322869164,0.9939661374953829,0.9914330821774415
2008-04-17,24.90484666187364,24.740311643321125,0.954321386171606,6.866643039748649,0.918135631667643,True,54.09872851658964,53.86223171213586,0.9710657958289176,0.9380966592967854,-5.321888780219522,1.0,0.9965732328709767
2008-04-22,32.46729361262261,32.15127342315955,0.9343681279696164,7.281897471327594,0.9084814194485252,True,52.36821372427228,52.12535504901776,0.9681299824001734,0.9357274401089246,-5.478689475508168,0.9645303443527034,0.9940098017895148
2008-04-25,20.75725231914452,20.40271835184235,0.8956509531575019,8.318244614641873,0.8978225112326177,True,49.83933681186206,49.58754411324372,0.9623316600607598,0.93269504579882,-5.705853886638865,0.9699254828139068,0.9920830562714662
2008-04-30,8.318741938109062,7.518648114557834,0.5603947958243654,10.098339827837,0.8723091366352216,True,46.517689221961824,46.22203243334885,0.9301767109218482,0.9278641730657322,-6.057252761934715,0.645996824184498,0.9643961577045088
2008-05-05,16.229993970229522,15.295684187079058,0.6922147010354701,9.143065224611716,0.8794531596118811,True,44.094673601823246,43.74792457364727,0.911139750130938,0.9239912919894242,-6.304117758948875,0.779024703028627,0.9495664413304383
2008-05-08,21.431876134074923,20.663747677724597,0.7876309783317557,8.625531073750105,0.8869640231494252,True,42.28164980440338,41.90119042197345,0.9012590483870034,0.9210291104822244,-6.489830824132974,0.8807918254915732,0.9440644720633291
2008-05-13,19.575094615227137,18.65699208789981,0.7449914618042127,9.121067088448385,0.8838060863275516,True,40.46512538926928,40.04165455524757,0.8887576414603803,0.9180512685498504,-6.700329725278207,0.7742873220539652,0.93048230006258
2008-05-16,14.348128740403643,13.481363732263064,0.6905056143259303,9.572371896468194,0.8839694816628771,True,38.37576565736003,37.91683128940881,0.8728974792896242,0.9153247255988928,-6.930093098973406,0.7515674551868886,0.9161691124725247
2008-05-21,25.594283066212974,24.57059866265869,0.7529011887579657,8.197361241786922,0.8911217400568056,True,37.35324705006826,36.8491326792688,0.8632977760470917,0.9133884867555256,-7.031474550398488,0.7164292047901015,0.900189919857931
2008-05-27,31.41998650521068,30.467234609099545,0.8006565918341773,7.720199696728677,0.8860370129636365,True,36.87858620647965,36.33858083365526,0.8582864813100586,0.9112003688521744,-7.086572562104903,0.7490688821628202,0.8881002368423222
2008-05-30,21.577964379646406,20.786233126630943,0.7700794166391147,8.221233913352783,0.8810763378445245,True,35.65453646033299,35.09439301709331,0.8512299161363831,0.9087904463715624,-7.177345470204735,0.8974796548267355,0.8937278876329702
2008-06-04,23.627548729467417,22.918761424832336,0.8035469633384994,8.131462535361765,0.8745252338396267,True,34.69237744186375,34.120342489712435,0.8474152799125525,0.9060492293690076,-7.253674835417297,0.903062918115736,0.8993289059226297
2008-06-09,48.66307980429684,48.3680427410775,0.952922559572353,6.480244231133052,0.8905442646680448,True,43.0747988593236,42.66896264053148,0.9107196477084328,0.9048088321929306,-6.789616472846751,1.0,0.9597315623690519
2008-06-12,46.75010969119312,46.22540388510865,0.9061605827666316,6.191789799732804,0.9028015914266344,True,45.27998535844531,44.80282738727777,0.9103549225130886,0.904648252931627,-6.430920468978383,0.9668086555367102,0.9639778182696469
2008-06-17,55.628311231833074,54.93611034735117,0.8962458615083382,6.139392439891527,0.9099224387554754,True,51.48898088247796,50.88279716332181,0.9092261976327086,0.907812764425936,-6.256003651526269,0.9660731064141181,0.9652349911563296
2008-06-20,47.186707822317366,46.5965644673675,0.8993835117736381,6.317060095220759,0.8981474031999308,True,51.14479903766511,50.53989854764547,0.908438782763983,0.9070395355278555,-6.260888167021829,0.9609460831874223,0.9648918785188171
2008-06-25,38.64889790725408,37.71642597193176,0.8198467422032465,7.007659429301893,0.8963541089288378,True,50.14512694723224,49.514020741588375,0.901351419519124,0.906184701399934,-6.320629868004234,0.9272459602743074,0.9618802050592563
2008-06-30,47.002169957211926,46.2881355787981,0.8795293226297329,6.573836488722588,0.8973597567753959,True,49.89369038803061,49.25594992856515,0.8996056517679728,0.905478705829971,-6.340886397661702,0.9441889041949492,0.9604649009901118
2008-07-03,26.58462745144317,25.853131311594947,0.7848822206206638,6.741364771285564,0.8958520444264314,True,48.028965353103615,47.38372443920754,0.8904277772761882,0.904708572917688,-6.372924667551612,0.6803274970505402,0.9380539086749461
2008-07-09,27.47577096953752,26.84801510330649,0.8367973080132669,7.1418269214673575,0.9023882189708424,True,46.384709802418335,45.740867692335456,0.8861373397351545,0.9045229446019404,-6.434436847864872,0.8485174216278524,0.9308909897111786
2008-07-14,14.907732091363613,14.350783917710965,0.7565857153807201,8.079373365062837,0.8960002057287788,True,43.86655158553396,43.229660990365495,0.8757732097867997,0.9038411254920876,-6.566031769240709,0.7498900911946054,0.9164109178298527
2008-07-17,26.927564186864085,26.00497011169403,0.7710599546608994,7.715458254012543,0.9317607134385888,True,42.51143259364038,41.85168572007178,0.8673961493767277,0.9205928782599884,-6.657985888022456,0.9013169181000363,0.9152033978514675
2008-07-22,21.834375323525048,20.81315390024013,0.7262970159229285,8.50411543705545,0.9222026979793811,True,40.85726801203115,40.16860317448525,0.8561082187004239,0.921558770091624,-6.805676251945095,0.7877383857815606,0.905006196885875
2008-07-25,21.369905401643564,20.20609881951309,0.7013497649453235,8.913013241232909,0.9230597794613284,True,39.29827900320014,38.57160282608748,0.8437275424000159,0.9224593757134464,-6.97426321108812,0.7191676511091818,0.8901391132237396
2008-07-30,28.830017572633963,27.938794418518068,0.8066122623702778,7.951566571939201,0.9324004577360546,True,38.46081808875485,37.72097815348192,0.840758319997637,0.9284240249270111,-7.052447479956207,0.8514253678280489,0.8870420135920843
2008-08-04,31.67776872977529,30.694415063144483,0.8011925670605569,7.772332612305314,0.9368062766296318,True,37.91817414003648,37.15885310625493,0.8375930597626706,0.9334533759485836,-7.110038290544136,0.8529829558263111,0.8843172889708226
2008-08-07,30.29736769623137,29.479853538338592,0.8215496961195303,7.467544114401551,0.9439464542659792,True,37.30850962453207,36.54453314082162,0.8363095906712195,0.939749222939021,-7.138638756452729,0.8806423830842911,0.8840232964999002
2008-08-12,39.15590846495487,38.2339573731876,0.8335115667477115,7.089578842601703,0.942282107548051,True,38.41694892878575,37.5581876802412,0.8360857487573389,0.941268953704439,-7.109202808142113,0.9039575076363084,0.8959838231817452
2008-08-15,45.96739123360417,44.90728358447327,0.8231919419771203,6.510613129604767,0.935225878242697,True,42.9472143116768,41.96764522278045,0.8350542442149215,0.9407855076674996,-6.750049001019706,0.777945071484044,0.8865407230459291
2008-08-20,47.26061539384541,46.96611015405645,0.94505013529326,5.528378106157973,0.9423579984392418,True,45.535254960977966,44.96672418154605,0.9010517788619246,0.941729002130545,-6.017046464102666,0.9544394512397859,0.9272799599622432
2008-08-25,46.12558664672315,45.88085334171623,0.9524744073457864,5.425009066470495,0.9387589957739048,True,45.88945397242507,45.51520167764816,0.9319053559522416,0.9414914016220136,-5.661824025523364,0.9914837824509164,0.9658022534554471
2008-08-28,57.83433861090423,57.61885586725164,0.96516724182778,5.323593883192087,0.9420553444313634,True,53.05638475551257,52.77739419141025,0.9518624874775646,0.9418297673076236,-5.458885940124598,0.988595015433057,0.9794779106420131
2008-09-03,50.16837082592534,49.72001577853424,0.9222976169625888,6.0149509955061164,0.9385861424838304,True,52.8253436411456,52.532803918380175,0.9494972978363666,0.9415702773217202,-5.50337114455512,0.9437763991393023,0.9766217897217963
2008-09-08,62.60937944147128,62.333148593791016,0.9574158504633148,5.414012217914058,0.9406645633169828,True,58.695765121341,58.41301072362669,0.9542484294125356,0.9414978202013412,-5.449755788570483,0.9638956033942707,0.9756036948155942
2008-09-11,67.72233230613921,67.56138619491021,0.9782879637702534,5.156278262661256,0.9441211511427384,True,64.11170543221992,63.9020360063968,0.9686721500271662,0.9430718187661796,-5.273669273024947,1.0,0.9902414779262376
2008-09-16,57.01917515209547,56.93288701900389,0.9863320885750514,5.225437020848176,0.9811703062908872,True,63.544303009809965,63.34450408740537,0.9792681131558972,0.9659309112810042,-5.244729921718884,1.0,0.9960965911704951
2008-09-19,74.16327306787916,74.12576324724193,0.9951922392301684,4.393689536400128,0.9858184061499732,True,69.91568504465148,69.81325958330731,0.98882258880046,0.9778634082023856,-4.73410569052763,1.0,0.9984386364681981
2008-09-24,75.53583127201082,75.52848718223382,0.9991168923837062,4.871508398229138,0.9810837587449914,True,73.28777278106709,73.24239614266321,0.9949991709504076,0.9797956185279492,-4.745097907143752,1.0,0.9993754545872793
2008-09-29,71.59361552578687,71.59361552578687,1.0,4.151448392294867,0.9770560240736056,True,73.15224020064467,73.1104936933131,0.9979996683801632,0.9795764509716016,-4.388908198234421,1.0,0.9997501818349117
2008-10-02,73.85233513304999,73.85233513304999,1.0,4.1814774048612975,0.9756100135068816,True,73.57229716008786,73.55559855715524,0.9991998673520652,0.9792591359744242,-4.264449722210546,1.0,0.9999000727339646
2008-10-07,77.18850953141012,77.18850953141012,1.0,4.0862494478126745,0.97191680224511,True,75.74202458288121,75.73534514170817,0.999679946940826,0.978671749276079,-4.157529557571824,1.0,0.9999600290935858
2008-10-10,52.19207110668744,52.19207110668744,1.0,4.415640822212767,0.9647713321057092,True,73.85802830478572,73.85188321890651,0.9998719787763304,0.9775597159024494,-4.1781784587431,1.0,0.9999840116374343
2008-10-15,109.20702423544826,109.20702423544826,1.0,3.68685239012954,0.961043487358244,True,95.06742586318325,95.06496782883156,0.9999487915105322,0.9762384176189132,-3.883382817574964,1.0,0.9999936046549738
2008-10-20,122.46465025140546,122.46465025140546,1.0,3.638980487253408,0.9599302126050968,True,111.50576049611657,111.5047772823759,0.9999795166042128,0.9749337612178076,-3.736741419382031,1.0,0.9999974418619895
2008-10-23,100.21715295671676,100.21715295671676,1.0,3.825252248966451,0.9535533289288592,True,110.60267189296457,110.60176733632318,0.9999918066416852,0.973223326634692,-3.743822285748784,1.0,0.9999989767447958
2008-10-28,118.9006952524705,118.89969288043788,0.9999171173617108,3.726944101655079,0.9539332104140344,True,115.58148590866811,115.580522662792,0.9999858314992872,0.9716801173370394,-3.733695375292561,1.0,0.9999995906979183
2008-10-31,110.76869077220412,110.73601531231937,0.9970437114051776,3.7087685838686166,0.9543624398995216,True,115.196462297751,115.1929620747542,0.9997504618917586,0.970294703142038,-3.7187393004381946,1.0,0.9999998362791673
2008-11-05,113.51322789956426,113.50036579039065,0.998866248026822,3.612766894233821,0.9561263908826833,True,115.06180354589608,115.05755437200511,0.9996797247825636,0.9691612381612896,-3.65515585671557,1.0,0.9999999345116669
2008-11-10,110.85206163127062,110.85047617618686,0.999856113592617,3.791693783261708,0.9445069075493608,True,114.72502419272604,114.72098811633968,0.9997855580685956,0.9671888917123356,-3.666078890839261,1.0,0.9999999738046668
2008-11-13,92.23473330841009,92.23473330841009,1.0,3.437983550474652,0.9427973641038148,True,112.92580092198078,112.9220877317053,0.9999142232274384,0.9652375695036538,-3.529221686620496,1.0,0.9999999895218668
2008-11-18,92.0064282709928,92.0064282709928,1.0,3.4249709040553014,0.9434322196614356,True,111.25225110990176,111.24883497484832,0.9999656892909752,0.9634931415162764,-3.46667121708138,1.0,0.9999999958087467
2008-11-21,99.2211393646989,99.2211393646989,1.0,3.050124248341152,0.9582362037183542,True,110.28976217028551,110.28661932603636,0.99998627571639,0.9630725864924428,-3.216743035837242,1.0,0.9999999983234986
2008-11-26,85.84841118986188,85.84841118986188,1.0,3.426965396118843,0.963311220906694,True,108.33445409185164,108.33156267514242,0.999994510286556,0.9632157671409934,-3.233560824659771,1.0,0.9999999993293994
2008-12-02,84.87079079367575,84.87079079367575,1.0,2.973552719643056,0.96783374633515,True,106.45736102799758,106.4547009246251,0.9999978041146224,0.9659865546574874,-3.077555961649742,1.0,0.9999999997317598
2008-12-05,73.20723002344579,73.20723002344579,1.0,3.1741756629639872,0.9644714722697678,True,103.79735054763344,103.79490325253076,0.999999121645849,0.9658653480664698,-3.0852855377548813,1.0,0.9999999998927039
2008-12-10,70.85788223755115,70.85788223755115,1.0,3.3404976374644164,0.9637375169617624,True,101.16219308282686,101.1599415713324,0.9999996486583396,0.9656951215780932,-3.1057025057316445,1.0,0.9999999999570816
2008-12-15,68.65520005370739,68.65520005370739,1.0,3.8627240919836794,0.9615735957193686,True,98.5616336404973,98.5595622499224,0.9999998594633358,0.9653653995093954,-3.166264232631807,1.0,0.9999999999828326
2008-12-18,63.57757501716913,63.57757501716913,1.0,3.9961344259806575,0.9581989013828088,True,95.76290895063106,95.76100327130212,0.9999999437853344,0.9647920796592684,-3.232653848099716,1.0,0.999999999993133
2008-12-23,59.51731987408126,59.51103240782189,0.9990318409684624,4.413338474883065,0.9407243012389735,True,92.86326182450708,92.86100560222371,0.9999224955599846,0.9628666573856448,-3.3271086182423835,1.0,0.9999999999972532
2008-12-29,89.12484432282473,89.12484432282473,1.0,4.206109201996338,0.9477054542119108,True,92.5641884243725,92.5621126998718,0.999968998223994,0.9616537611317464,-3.3974286649427,1.0,0.9999999999989013
2009-01-02,45.98426626288495,45.87482748094733,0.9807175519154429,5.711141581929488,0.9230645715859388,True,88.8377946514535,88.82712988235785,0.9984288825193098,0.9585666259680816,-3.582525698301644,1.0,0.9999999999995606
2009-01-07,35.59158764750118,35.39758973942553,0.9577288436047736,6.320004254024312,0.9140013961363485,True,84.57809809113732,84.55276667092326,0.995172879406147,0.955001407581543,-3.801523982759458,1.0,0.9999999999998243
2009-01-12,40.80687904322269,40.68641294520389,0.9770262525016644,6.262389198692941,0.9120009651492464,True,81.07640056730415,81.04345837286571,0.9937211492537884,0.9515613721869594,-3.998393200034137,1.0,0.9999999999999297
2009-01-15,25.33982042434567,25.043970207523365,0.9186116115587104,7.44656088634983,0.8977483519081828,True,76.61747415586747,76.56349931963832,0.9877123862381822,0.9472563305646572,-4.2742466149393925,0.9440933459634683,0.995527467677013
2009-01-21,41.62913243217972,41.56173548491561,0.9859620801824632,5.292957595285057,0.961994113070714,True,73.81840681797246,73.76335821286051,0.9875723617537248,0.9560990000682914,-4.355743493367045,1.0,0.9982109870708051
2009-01-26,30.114185490756736,30.021597438389836,0.9759374016137796,6.489568889102473,0.9468906744270212,True,70.32206911179522,70.26401735090285,0.9866415649425292,0.95536233401699,-4.526449525025879,1.0,0.9992843948283221
2009-01-29,35.44598887289861,35.2544678479039,0.958264930838032,6.439564924200758,0.9508825971212984,True,67.53198269268348,67.46325339066293,0.9843714342141696,0.9550039550653346,-4.67949875695987,1.0,0.9997137579313289
2009-02-03,23.336577463100024,23.003004183912758,0.8940113009145746,7.353637368713914,0.9435332116536824,True,63.99635027431681,63.90643345412292,0.977142623550202,0.9540862955924024,-4.893429845900194,0.9249496308727042,0.993732627766639
2009-02-06,40.56641715068982,40.312150730940594,0.9520291857766802,7.021947956579008,0.9433563570691982,True,62.121955624426654,62.01889083626833,0.97513354852832,0.9532279005105464,-5.0637112947545,0.960033876062105,0.9910367276302763
2009-02-11,46.42980215910275,46.42980215910275,1.0,6.302041046892378,0.9462893439125452,True,60.866583347200745,60.77176374209509,0.990053419411328,0.9526728159827064,-5.162777674925531,1.0,0.9964146910521106
2009-02-17,47.01466223974052,47.0012505347724,0.9977690055546384,6.021616137604706,0.9484802366685116,True,59.75842965860393,59.67012268550928,0.9946827710973144,0.9523374096375709,-5.231484751939865,1.0,0.9985658764208443
2009-02-20,35.821506885053445,35.783752417666015,0.9920128179371824,6.8363362419734255,0.9293529767514612,True,57.8434758367199,57.75921306408182,0.9944691748445038,0.950498655006682,-5.35987287114255,1.0,0.9994263505683377
2009-02-25,33.72041420996778,33.54604968939439,0.9556337432431136,5.7966579089503405,0.9424091551600108,True,55.913630906579726,55.822159994106826,0.9913623403163926,0.9498514950189484,-5.394815674167174,0.9320663277687691,0.9940375487443722
2009-03-02,33.219003864996736,32.98128197416539,0.9382584918606486,5.934749765060637,0.9476175643944486,True,54.09806074325309,53.99488975251151,0.9871140324399332,0.9496727805689884,-5.438010401438651,0.8961305278922187,0.9862049870762
2009-03-05,45.340864593050725,45.18525022079548,0.9699082001402644,5.450168025913368,0.951214323654028,True,53.397485051236906,53.29011858997424,0.9857375658559596,0.9505977064200122,-5.438983011396629,0.9838095553723171,0.9860133525398894
2009-03-10,68.14264748151679,68.00825186954826,0.9816287829681416,5.161009030291286,0.9569631905485112,True,62.24458250940484,62.12099855771865,0.9854088632249342,0.9544169968971116,-5.272198622733423,0.9759743729578031,0.9852102341733227
2009-03-13,58.69779748277779,58.55269696046211,0.9779791605905572,5.412057607312828,0.9552640547845912,True,61.96083970727467,61.83553442993813,0.984814487014184,0.9549252316295992,-5.283387341499775,0.9775447492000284,0.9845969953754591
2009-03-18,42.87867159095317,42.802230228790506,0.984563846765997,5.649841372676642,0.9573673012498516,True,60.43426625796895,60.31287009384632,0.9847944357943292,0.9563904734017504,-5.312703663993926,1.0,0.9938387981501836
2009-03-23,52.684198897717046,52.65279331374531,0.9948896576439052,5.0463807347755125,0.960974051281794,True,59.8142608691488,59.700063951438246,0.9908515689040748,0.9591406201297766,-5.152909906462877,1.0,0.9975355192600734
2009-03-26,66.23547755296656,66.22061481874073,0.99813043965066,5.009186364454409,0.9618010137611862,True,63.66699087943945,63.61239447181973,0.995218891352026,0.9607368563086224,-5.066675781257796,1.0,0.9990142077040294
2009-03-31,80.1237255732044,80.08948601278337,0.9964112402106132,4.955815754683756,0.964334251404737,True,73.54103169569842,73.49864939639791,0.9959343006671784,0.9628952933662912,-5.000159765313372,1.0,0.9996056830816118
2009-04-03,74.67109453993325,74.58287378538839,0.9899203835424564,5.0214324752771,0.9639580723388668,True,74.21906940223931,74.1491840297922,0.9954531872972006,0.9635329607498366,-5.00186158211047,1.0,0.9998422732326447
2009-04-08,111.0499190347126,110.84089242674509,0.9836472812314168,4.933720022596568,0.9618525759850436,True,96.31757918172327,96.16420906796392,0.994508714811938,0.9633985299686532,-4.960976646402129,1.0,0.9999369092930579
2009-04-14,72.71839245534827,72.63245501027083,0.9895635047588298,4.921706299278975,0.968004407761546,True,94.42964424361328,94.28166874334848,0.9941130980076892,0.9661620566443888,-4.937414438128236,1.0,0.9999747637172232
2009-04-17,50.371889001446,50.27074080613559,0.9830204335442032,5.049086256268367,0.9600049648557188,True,90.9050238242399,90.76079450837145,0.9932256848506104,0.9656694893012954,-4.946348183579447,1.0,0.9999899054868893
2009-04-22,46.62683724764087,46.220351472825946,0.934256209113165,6.154507797126197,0.9600848563951718,True,87.36276889811198,87.1975590655278,0.9885081267916148,0.9652227186688056,-5.043000952663188,0.9837844555633923,0.9986934694930095
2009-04-27,47.7753967855353,47.04810173210642,0.8899537676701327,6.579980848741236,0.9594746686529868,True,84.19577912910584,83.98560247885409,0.9806237780618964,0.96476287466754,-5.165959344349432,0.9544049740198107,0.9951503898551537
2009-04-30,28.853198296092,27.996790990413555,0.8146757986666879,7.939067974985226,0.945593621888732,True,79.76837266246474,79.50649755977885,0.96734793971028,0.9632293344452356,-5.387808034800296,0.867815152326914,0.9849635708528947
2009-05-05,25.039007657621177,24.3202291774452,0.8221855207522507,8.330348724855796,0.9423629665114024,True,75.39002346207725,75.09159608919217,0.9557349461936376,0.9615600250105288,-5.623211290004736,0.7874037479207715,0.9691587850183249
2009-05-08,12.1138281676455,11.415236535838735,0.6903313183343917,9.6428948874819,0.927812296576456,True,70.32792783852271,69.9974873249239,0.934502655964898,0.9588602067358032,-5.944785977802909,0.762028364866497,0.9525883514061787
2009-05-13,17.522926933560203,16.701500818326757,0.7217626118911195,8.716733789145517,0.938791067690586,True,66.10352776612572,65.73380840439613,0.9174834524389958,0.9572546756121858,-6.166541802710318,0.8469580013652843,0.9441379234029073
2009-05-18,15.276647428294558,14.194767932033889,0.6238257227826796,9.465743953647117,0.9257868412339748,True,62.03737733909924,61.61068516660715,0.8939908340664905,0.954737248861929,-6.430477974785262,0.5782410507890443,0.9148661735937982
2009-05-21,14.422372422583695,13.56999016735638,0.6857497601817364,9.454617558255649,0.9250933853542688,True,58.228176945778,57.76742956666709,0.8773315481557102,0.9523657397813162,-6.672409141462894,0.6942106898138395,0.8972137348914015
2009-05-27,19.239252620560094,18.476592837261855,0.759908162299429,8.519987738393327,0.9301935312363936,True,55.10906299976057,54.62416262831467,0.8679376772872077,0.9505919630977224,-6.820215429217329,0.7369511188160652,0.8843927256053746
2009-06-01,18.3826280677543,17.73657197169142,0.7761176991718651,7.996767921961065,0.9340809560481328,True,52.17094820520007,51.673155375784816,0.8605920790379803,0.9492710825337554,-6.914339628636829,0.8687352949440229,0.8831401311524666
2009-06-04,21.750447485754957,20.82595749617549,0.7218089529193468,7.688811255052354,0.9274763462874468,False,49.73730814764446,49.20537954541607,0.8494894289484897,0.9475275036340508,-6.976297358750071,0.8042213906885294,0.8768266319153517
2009-06-09,23.5743911699119,22.96517095323094,0.8197102433457553,7.654651081986229,0.9077476461652376,False,47.64427478942586,47.10616285804126,0.847107094100271,0.9443451150365456,-7.030565656608964,0.8734540752944301,0.8765568273856781
2009-06-12,20.083229301833374,19.639792614889625,0.8619524847643077,8.359196101474277,0.8869139970276915,False,45.43939115041847,44.90885323858913,0.856014328498693,0.9397506255958372,-7.136856092198189,0.8870075276937924,0.8828272475705468
2009-06-17,20.179957246630487,19.52282724585749,0.7992094752644082,8.28977770930558,0.8881597667710415,False,43.41863643811543,42.8779711591706,0.8514699402399502,0.9356233568898538,-7.229089821566781,0.967901954324853,0.9338720716231305
2009-06-22,29.52862639489653,29.2334171429042,0.9325586665139902,7.533874981393171,0.9042339799869056,False,42.30743563465792,41.786406837869286,0.9001231760043742,0.933112206737618,-7.253472634352892,0.9583194272754137,0.9485404850145004
2009-06-25,15.985293953233631,15.509143531142026,0.8209890405666127,8.438457913953695,0.8860324785449385,False,40.20166430014398,39.68422577333111,0.8937924451693533,0.9293458284822036,-7.348271456720957,0.7975778247055434,0.9364634721897839
2009-06-30,22.85854737996995,22.301194030736745,0.8441189686064631,8.288131551180047,0.8931208888713247,False,38.81421494653007,38.29358323392356,0.8898185670443222,0.9264478333133336,-7.423460264277684,0.8232147244644806,0.9274035723717597
2009-07-06,27.366213889168197,27.07607385368577,0.9268357881349278,7.518707286367211,0.9074844591007508,False,37.89837486194112,37.39618248350454,0.9120288996986856,0.9249307633763268,-7.431080026044846,1.0,0.9709614289487039
2009-07-09,25.87021273434288,25.67287745087448,0.9462742088010871,7.169894631552041,0.9265175269145894,False,36.93612189173326,36.45831808089414,0.9325760851601266,0.9258828214992844,-7.274368789349163,1.0,0.9883845715794816
2009-07-14,39.1144324710653,38.947736682775805,0.9672774809783302,6.6963241874276,0.946012135866516,False,38.243108239332486,37.95196924202314,0.9533969226510488,0.9379604101196236,-6.927542028196226,1.0,0.9953538286317927
2009-07-17,49.43923250855261,49.24738398809271,0.9704013864051368,6.270591002586911,0.9493268729580582,False,44.96078280086456,44.72921808966488,0.9635996009035016,0.9447802878226844,-6.533371412830636,1.0,0.9981415314527171
2009-07-22,33.67154318912969,33.40771708808649,0.9443779934412494,7.314864189954697,0.937649860746696,False,44.05764363192578,43.8234980095386,0.9620618723065214,0.9442098536566051,-6.595890835000561,0.985646580113822,0.9971419353456056
2009-07-27,23.294158359244246,23.00884524554926,0.9170071479431452,7.694947245716945,0.939516289617214,False,42.39656481011126,42.15832578841946,0.9584574943574514,0.943834368533454,-6.683815347857872,0.9460925737984409,0.9930579864218324
2009-07-30,25.127171924721733,24.602569791571284,0.8691894028530058,8.144094481127388,0.9268082895786524,False,41.0150133792801,40.753865308671614,0.9513160470370958,0.94247228221707,-6.800637678519433,0.9671819897399628,0.9909879066872829
2009-08-04,7.514281021830938,6.962003210794715,0.6620395267982663,10.48098237758454,0.9152058834990654,False,38.33495479068417,38.05051634084146,0.9281739254179896,0.9402909703196296,-7.095065254444641,0.7017951702608662,0.9678524877731696
2009-08-07,6.4219165465492685,5.780648691897299,0.5344895875011674,10.318887463445416,0.9252053033813188,False,35.78191173115338,35.46892692892593,0.8966791783846437,0.9390841169645648,-7.352971031164704,0.6756681515156717,0.9444777408725699
2009-08-12,3.2155107688268725,2.644858249311344,0.3189457965986673,11.327073898742432,0.923966487288048,False,33.176599654167255,32.84300143455677,0.8504605078417656,0.9378747065904436,-7.670899260570922,0.3553972216879283,0.8973512993377986
2009-08-17,11.667747990519992,10.626868004682224,0.5343277100241339,9.558483807503215,0.9250737463617624,False,31.455891521075472,31.06571076016681,0.8251698840163552,0.9368506297721492,-7.821906024325506,0.6406676148421234,0.8768166045781446
2009-08-20,12.454529588356367,11.476197950295264,0.5685833354650514,9.419991697525484,0.942164787964016,False,29.935782566457945,29.49854973537709,0.8046429601322509,0.9400391246872692,-7.9497528781815054,0.5713190296090997,0.852376798580621
2009-08-25,13.045536427324825,12.426181386457271,0.7085493464683857,8.983992107892817,0.944551649309164,False,28.584562875327293,28.132760267463503,0.7969554710391418,0.942746639460406,-8.032492016558411,0.6870170921227708,0.8391480220639931
2009-08-28,17.36145099136381,16.63363508803129,0.7261801809050865,8.69023072368086,0.9474465219733734,False,27.686713924610217,27.21283025310893,0.7912934478284174,0.9455665689681864,-8.085111113128207,0.7498219984811338,0.8320019401773644
2009-09-02,30.558720240140183,30.09556649738785,0.896048864624808,7.335904691295089,0.9416352291357976,False,29.409917713928195,28.94247199967628,0.8541466979062518,0.9452520617815954,-7.635587260028336,0.952557268271287,0.9043351370337178
2009-09-08,42.5036064213846,41.97945819328627,0.9093995990445288,6.669939341327697,0.9469383918001156,False,37.26613093840204,36.76466371584228,0.887298438589218,0.9462638597927076,-7.056198508807952,0.9528204339469949,0.933426315181684
2009-09-11,27.631551845849813,27.239760151767896,0.9023447698690537,7.479602456354494,0.9406260446275831,False,36.495364610997854,36.002671430716326,0.8963262373571194,0.9458128345794976,-7.090070824611676,0.9350134402464015,0.9343785902205145
2009-09-16,9.652917986412431,9.207242860775882,0.7465225671013381,9.634995091565624,0.9299513070822336,False,34.347968881031015,33.85903714512109,0.8843419437366569,0.9445439123797166,-7.293664765967992,0.8159084923700648,0.9249009823924785
2009-09-21,6.695882303018394,6.224995808283641,0.664602718603203,10.526991180526824,0.9224589573799756,False,32.135801954790004,31.6483138381741,0.8667628057259806,0.9427771159797372,-7.552330879132699,0.790269653529491,0.9141304760834396
2009-09-24,12.299124748266928,11.59638450703813,0.7085245282344093,9.936097611542497,0.9258770389084467,False,30.54886777826816,30.044159491683224,0.854103743526655,0.9414251098140342,-7.743032217725482,0.8203131944633859,0.9066250935538354
2009-09-29,14.299477291354192,13.683335852412457,0.7581878026803153,9.376634636060256,0.9161691388094996,False,29.248916539315044,28.735293600541564,0.8464304682589479,0.9394046321336714,-7.873720411192265,0.8329793479862604,0.9007334339084294
2009-10-02,14.268912402051242,13.592632612128298,0.7498272009614033,9.805069435236025,0.8924985373533457,False,28.05051620833394,27.5238807214685,0.8387022068751443,0.9356521445512452,-8.028228333115766,0.823810747481682,0.8945796189942896
2009-10-07,18.265553770951723,17.459847548930938,0.7651585339800895,9.676550339670218,0.89646669702209,False,27.26771921334336,26.718758067665497,0.8328187130435399,0.9325173087489128,-8.160094093640122,0.8705028196736813,0.892653475048641
2009-10-12,19.881885024244102,18.89988617298293,0.7382793059893922,9.46063440534063,0.9000122446421275,False,26.676852478215423,26.093248316090893,0.8252555604792081,0.9299169036203702,-8.264137318576164,0.8050146966250922,0.8856423727747571
2009-10-15,26.553715085934204,25.67567109435429,0.8060214923250857,8.644893390928043,0.8986556894689984,False,26.667001486832927,26.059842138351964,0.8237168350268784,0.9274160064882604,-8.294597804364315,0.8754399409070694,0.884826178225342
2009-10-20,29.104656155952668,28.20867377215059,0.8107242796378851,8.575009563836709,0.8909773971862908,False,28.129594288304773,27.349141118631135,0.822677430595759,0.9245009177441028,-8.317030745122107,0.9315738790335862,0.9128747987102885
2009-10-23,18.70514119778024,18.140527397796703,0.8171416890460744,8.66936267783073,0.883379101039418,False,27.37563804106281,26.612452020964387,0.8222345712717843,0.921211172407728,-8.345217299738797,0.7617222375197613,0.9007825938150464
2009-10-28,26.410965757605645,25.815959404311123,0.8564777903402009,8.24648922492843,0.890994648561232,False,27.29846425838624,26.54873261163213,0.8427805027128342,0.9187938505000084,-8.285980454852577,0.9415470354804906,0.925241258814313
2009-11-02,29.56468776231701,29.27184545567137,0.9296472303588752,7.424901087877005,0.8962624278227557,False,28.658198360744706,28.18260031805567,0.8949005393004588,0.9169913366858282,-7.769332834667234,0.9677661011589042,0.9507561642210677
2009-11-05,34.572738780111926,34.22148859084983,0.9276957239987156,7.086365352613587,0.906404061517468,False,32.206922612365034,31.80593328173217,0.9145776501194128,0.9161443546723594,-7.359552345435046,0.9576904015938783,0.954916706644754
2009-11-10,40.04416735077079,39.8594940886068,0.9646078598966804,6.466317530594144,0.9151302173880224,False,36.90926945540848,36.63806976585694,0.9445957759857734,0.9160632236896126,-6.823611456530505,1.0,0.9819666826579017
2009-11-13,43.01272907970152,42.73786327773369,0.9494899247278448,6.1678443459055,0.9188501339914444,False,40.5713452299843,40.29794587298299,0.9475322652310164,0.9177353698707116,-6.430151190155502,0.9870309360595354,0.9850052346988818
2009-11-18,48.38944090642461,48.1290654218798,0.9556859034370226,5.757792848524756,0.927876610462818,False,45.26220263584849,44.99661760232108,0.95242444815462,0.9238201142259757,-6.026736185177055,0.968206666837893,0.9836613492700027
2009-11-23,60.51922836250835,60.28869754873712,0.9670987873443604,5.4369290081587245,0.9251456549595608,False,54.4164180718444,54.1718655701707,0.9612290516684644,0.9246154386661268,-5.672851878966057,0.9895730626956137,0.9872083773253694
2009-11-27,70.14600167991075,70.04714728867229,0.987281066796992,5.182763660264218,0.927435878347686,False,63.85416823668422,63.69703460127165,0.976860260745581,0.9263077024750624,-5.378798947744954,1.0,0.9948833509301478
2009-12-02,39.985382550716274,39.76093332518932,0.95626261414206,6.775699957139441,0.91104255828552,True,61.94466538180678,61.78214649918507,0.9752124490172992,0.925086490939899,-5.4905510284965136,0.974073246635271,0.9932185425865577
2009-12-07,36.57001419744428,36.19862923766808,0.9272152344078478,7.508613733054249,0.8975358244615068,True,59.91469328705779,59.73546511826371,0.9713726718485431,0.9228824376216276,-5.651996044861132,0.9087232167490098,0.9864589165195539
2009-12-10,20.541585019160117,20.021088689574714,0.8401238770658531,8.617777039222961,0.8839502846323342,True,56.764844625625976,56.5583150039686,0.960872768265928,0.9197678653824842,-5.889258524410079,0.8519998061666423,0.975702187691321
2009-12-15,10.032852082883077,9.600996623615249,0.7601849744948964,9.437161244852454,0.8790108457805232,True,53.02628522220655,52.80172953354033,0.9448177447642456,0.9165073038143272,-6.173090742045469,0.8579734498135723,0.9662838886611012
2009-12-18,9.224907993981466,8.837251928434092,0.7605905630188385,9.35562434406024,0.8694484340133367,True,49.52217504394854,49.28457132513183,0.9300795702246132,0.9127425942302482,-6.427693430206651,0.9480032737307152,0.9648214394666703
2009-12-23,11.376100704137448,10.819474297019797,0.7184548981392084,9.381534275308931,0.882672928150976,True,46.47048909676366,46.20736356288287,0.9131495964577808,0.9103370209439064,-6.664000697814834,0.8623323713935815,0.9566223140208232
2009-12-29,7.431234422370805,6.863190370750862,0.6183942625311308,10.265712130895489,0.8563144705988432,True,43.34734872281224,43.05982970751231,0.8895691697436489,0.9060152169163014,-6.952137612461287,0.692020788945715,0.9354541920148145
2010-01-04,12.542428909411552,11.856491317602677,0.6985333667740206,9.181806131546612,0.8723360710755604,True,40.88295513774018,40.56356263631954,0.8742863055060787,0.9033208852490422,-7.130511093988113,0.7156796852003672,0.9178722314696587
2010-01-07,6.860860721529462,6.279437122876672,0.5661320314504766,9.920900800625844,0.8802004720028631,True,38.161187584443326,37.82083259524411,0.8496339635816306,0.901471252189348,-7.353742270519131,0.6889122568390886,0.8995554334992131
2010-01-12,6.536903420046526,5.893182795794133,0.5177776306631776,10.070413343728507,0.8849387547702929,True,35.631244851291584,35.26662061128812,0.8230854569481543,0.9001486523958235,-7.571075956375882,0.6000617432372454,0.8755959382782558
2010-01-15,8.498258808880971,7.933956901189652,0.6567074670016002,9.709052102114478,0.8864284267609884,True,33.460605967898736,33.08000751448024,0.80977521775243,0.8990510343450367,-7.74211404803497,0.889779748967982,0.8841062246920914
2010-01-21,17.890127089635012,17.390802152705742,0.8229320708659972,8.57408281892313,0.8803226011698333,True,32.214967657637644,31.824871085538284,0.8176693296205704,0.8975527596910206,-7.808671549706023,0.967772210216752,0.9343058160068878
2010-01-26,24.0554821789042,23.772801638301864,0.914723865769716,7.810203656371475,0.8820338701667054,True,31.56220881933897,31.18070552975937,0.8759020513100577,0.8963112485290754,-7.80879411823926,1.0,0.9737223264027551
2010-01-29,23.526075074889807,23.130395117164863,0.888421460322462,8.224146786286445,0.8786819423064366,True,30.91931811978304,30.53668069675181,0.8834136967175004,0.8949009040312643,-7.842022331683035,1.0,0.9894889305611021
2010-02-03,20.74685743276304,20.49092210251982,0.918606135254714,8.477419326110073,0.8645500606784795,True,30.10552126482144,29.733020009213256,0.9045291598398286,0.8924728365630415,-7.892854091237198,0.9752986247357788,0.9883537060950763
2010-02-08,34.439959694564045,34.422119653010355,0.9961665604830132,6.6882643985695,0.8861341161704761,True,32.706184322667,32.546479795491514,0.9595116002257392,0.8919657389316363,-7.170100275636579,1.0,0.9953414824380306
2010-02-11,46.932466186742325,46.93157486404969,0.9998354484603384,5.949187882384535,0.9062478019125336,True,41.241953441112194,41.177536836626416,0.9837059091664988,0.9005349767201747,-6.4375528396853525,1.0,0.9981365929752122
2010-02-17,58.69471101473706,58.69097400897346,0.9994542240711664,5.530974353568236,0.9163849410565518,True,51.71360798528711,51.68559914003464,0.9931548981092996,0.9100449553220008,-5.893605748015083,1.0,0.9992546371900849
2010-02-22,38.69423864485794,38.67119558617642,0.995523715108399,6.186164691266808,0.9144428692225496,True,50.67205843805278,50.64444685572598,0.9945761883087592,0.91268370366233,-5.91701046347522,1.0,0.9997018548760339
2010-02-25,49.47633192989186,49.47633192989186,1.0,5.428332736411943,0.9276084507427468,True,50.57640031739991,50.55099766165925,0.9978304753235036,0.92163855191058,-5.6238038272372535,1.0,0.9998807419504135
2010-03-02,53.9400148274682,53.9400148274682,1.0,5.21756495443837,0.9331982640423876,True,52.59456902344088,52.58440796114462,0.9991321901294016,0.9285743791896648,-5.380060503557924,1.0,0.9999522967801654
2010-03-05,23.44038273524016,23.32600397890574,0.9672266905784436,7.278980911926792,0.9186659492802256,True,50.26223412038483,50.24373564256551,0.9965797501653249,0.9277817047969096,-5.531974136227433,1.0,0.9999809187120662
2010-03-10,15.037418052719348,14.72911852224761,0.8808297192964075,9.080008739856424,0.9161381369522692,True,47.4442488349716,47.402566272940085,0.9873197476958115,0.9268502193693384,-5.815816904517752,0.9217643748488573,0.9937235952030096
2010-03-15,10.846146623404234,10.513519437409984,0.8376671971741148,9.742774922428255,0.9027308435037216,True,44.51640065804621,44.45144252609768,0.9753475436540758,0.924920669300089,-6.129973545950593,0.9424195881251267,0.9896192746367789
2010-03-18,3.019422161879721,2.703608468802821,0.589003596641257,11.642432906975792,0.8824992191878195,True,41.19664237835289,41.11161580151409,0.9444400278930504,0.9215269532911076,-6.570970294832609,0.754967013273217,0.970847093727694
2010-03-23,1.61543564354721,1.291775226637449,0.3824491200324698,12.836402963910835,0.8672506325178702,True,38.03014583956844,37.92602855552396,0.8994807552642039,0.9171848476292483,-7.072204908358868,0.7071822493812893,0.9497539061799817
2010-03-26,1.0675915726990466,0.794860352214151,0.2612627051394269,13.092282751912457,0.8482759373612898,True,35.07314149821889,34.95553509925918,0.8484233112542218,0.9116721348078118,-7.553811135843155,0.3972097027727881,0.9055503699074062
2010-03-31,0.8700819428646567,0.628069444039765,0.2376879798627147,13.256003668896287,0.8415436043223965,True,32.33689673379055,32.20933784684163,0.7995644847429012,0.9060618523689786,-8.009986538487407,0.47116824122288087,0.8707997996126442
2010-04-06,0.6829341882897723,0.4421577717296606,0.1421290095077091,13.489928952441408,0.840975131632319,True,29.804579730150493,29.667963440832672,0.7469696467240858,0.900854914710046,-8.448381931603727,0.2292447024867517,0.8194753918425728
2010-04-09,0.9813599497045452,0.7049548435371422,0.2339841886664661,13.220103869596898,0.8174308736505926,True,27.49872214771482,27.350922753049037,0.7059308100794763,0.8941809914252897,-8.830119686643181,0.28450217208628625,0.7766775342620699
2010-04-14,2.229314534699568,1.8087531442833245,0.3139961440388309,11.894492594027955,0.8526759076820513,True,25.4771695386736,25.307549184347774,0.6745760367962247,0.8908605847258307,-9.075269519233965,0.32500662897586824,0.7405438618391738
2010-04-19,5.092788515598876,4.656389648155852,0.5714065193599271,10.419359692975762,0.883807419095209,True,23.84641905682762,23.655456421452428,0.6663224754013208,0.890296331475381,-9.182796733133308,0.6755883357922268,0.7353474197554181
2010-04-22,4.621303690169492,3.955528819421217,0.4303404658939782,11.410646081908604,0.8796131148059099,True,22.30840982749497,22.07946221328993,0.6474439146407335,0.8894416741418234,-9.361024681035332,0.4528998939134236,0.7127516176880585
2010-04-27,12.758047493913375,12.096581465364505,0.7161594648026387,9.558101355272978,0.906567382302385,True,21.544380840808444,21.280831753455896,0.6886732447378766,0.8997170990381603,-9.376790814974344,0.7827688642495084,0.7547619656249285
2010-04-30,19.91587297215587,19.3869523406548,0.8367985648813362,8.663081904827319,0.910321234319016,True,21.41410021131624,21.12932140043181,0.7775484368239525,0.9060795802066738,-8.948565468886128,0.9167907309338731,0.8519792248102952
2010-05-05,38.91534772302058,38.31651630899289,0.8915099830942278,7.368229332299528,0.9081281537735116,False,31.914848718338845,31.441638345568457,0.8459253645861178,0.9073087243467766,-8.00036378693417,0.9250106387624455,0.8957980731815854
2010-05-10,114.26372899636544,114.2472746353393,0.9987075687220708,4.512955689084264,0.9321838117702016,False,81.3241768851548,81.12502011943096,0.9375946870676896,0.9222337768008316,-5.907918928224227,1.0,0.9583192292726341
2010-05-13,119.32853088323644,119.2944288317818,0.9973560238555635,4.332322621551823,0.9371641605555618,False,104.12678928400376,104.02666534684148,0.973451489140414,0.9311920070536696,-4.962561144220785,1.0,0.9833276917090537
2010-05-18,103.28013456177696,103.22315719409649,0.994756424705942,4.103080205960549,0.9421403740372906,False,104.05905690622562,103.96238469462187,0.9862344504797308,0.9377610272438422,-4.446872581264644,1.0,0.9933310766836214
2010-05-21,114.25544662661808,114.25544662661808,1.0,3.5287059979677307,0.9498930802901816,False,110.17689073846108,110.1382218538196,0.9944937801918924,0.9450402590716458,-3.895972631286496,1.0,0.9973324306734486
2010-05-26,103.08837024392756,103.08837024392756,1.0,3.59804333844396,0.9480361284660072,False,109.6098090988984,109.57423372502824,0.9977975120767568,0.9468377807082626,-3.717215055580974,1.0,0.9989329722693794
2010-06-01,90.69340406946678,90.69340406946678,1.0,3.3072035934390955,0.9525301125177752,False,108.09649669654388,108.06376735258334,0.9991190048307028,0.9502531797939702,-3.471208178295847,1.0,0.9995731889077517
2010-06-04,96.9249353827038,96.9249353827038,1.0,3.0367309307602675,0.9562134736864984,False,107.20277179143667,107.17266079499298,0.9996476019322812,0.953829356129487,-3.2105218297744997,1.0,0.9998292755631006
2010-06-09,72.77865085757662,72.77865085757662,1.0,3.5365743662168883,0.943426808795669,False,104.44884211672787,104.42113999999968,0.9998590407729124,0.9529971523427816,-3.2366060326898904,1.0,0.9999317102252403
2010-06-14,103.84472039056512,103.84472039056512,1.0,3.4854524199257284,0.9403283043493575,False,104.40051237863486,104.37502643124492,0.999943616309165,0.951983644503308,-3.2565137436687577,1.0,0.9999726840900961
2010-06-17,98.3065389322448,98.3065389322448,1.0,3.1846143844209567,0.950384205691102,False,103.91299450292364,103.88954743132491,0.999977446523666,0.9518556893983314,-3.213374128120077,1.0,0.9999890736360384
2010-06-22,129.42627967560082,129.42627967560082,1.0,3.610298071892432,0.9413439203336532,False,119.22096560652996,119.21158677789046,0.9999909786094664,0.9510147478731572,-3.245128043621865,1.0,0.9999956294544153
2010-06-25,116.27510269939272,116.15355833478009,0.9893161998982428,4.085277359155323,0.937300215918931,False,118.985296573959,118.96694450244163,0.9991369963125684,0.9499175853168192,-3.312339988864542,1.0,0.9999982517817662
2010-06-30,95.365542390819,95.15748672974254,0.9774403610610212,4.301874614988185,0.931569821993041,False,117.0957162393078,117.06218788062571,0.9974012654924448,0.9484497642509168,-3.391502758954433,1.0,0.9999993007127065
2010-07-06,79.22183396432078,78.95304838916242,0.9656849984035736,5.163785892977505,0.9139677023695584,False,114.06580565730884,114.01345672130866,0.9948639641253352,0.9456911993004082,-3.53328540967628,0.912841359368901,0.993026665405202
2010-07-09,97.38857851626364,97.35231297585136,0.9964484418276418,4.528526366157192,0.926855291855448,False,112.73162748602522,112.68056522167208,0.9958146507467192,0.9441843267048114,-3.612904686194753,1.0,0.9972106661620808
2010-07-14,91.94795183230582,91.85170195569812,0.9900532316762408,4.798138780018098,0.9245794356759136,False,111.06893343372766,111.01425616039415,0.995353737221081,0.9426159354224996,-3.70772341370062,1.0,0.9988842664648323
2010-07-19,107.98716167676764,107.87089343870652,0.9895575894698576,4.433526622576389,0.9299170289252416,False,110.82239169317086,110.76278714265916,0.9948900454009832,0.941600022902719,-3.7657876704106816,1.0,0.9995537065859329
2010-07-22,110.27822843517052,110.15129208157336,0.9891982947061764,4.603522667073767,0.9284941429934508,False,110.77885863253084,110.7138675377723,0.9944347053453988,0.9405515525099776,-3.832806470143729,1.0,0.9998214826343732
2010-07-27,129.53391020820914,129.53391020820914,1.0,4.489063021152524,0.92616808909945,False,122.03188957793782,122.0058931400344,0.9977738821381597,0.9394008754371356,-3.885306994224432,1.0,0.9999285930537493
2010-07-30,69.22240769540812,69.0616300480482,0.98092199858285,5.425386275944053,0.9108260773415182,False,117.80713102733546,117.77035209267552,0.9964257314537348,0.937114891589486,-4.008513336762002,1.0,0.9999714372214997
2010-08-04,44.807693833542245,44.29729458479785,0.91508571393703,6.397427087521768,0.9056917576401564,True,111.967176051832,111.8925074920453,0.9899185300523984,0.9346010408735398,-4.199626436822784,1.0,0.9999885748885999
2010-08-09,45.23255283876887,44.6659821218981,0.9081201361601988,6.556761012020516,0.9007208421453232,True,106.62840619478696,106.51438546243352,0.9833746585410226,0.9318906249752824,-4.388197202838602,0.9274639538483987,0.9941866052053838
2010-08-12,78.52633137975855,78.33831826020145,0.9807802201423502,5.896737535034881,0.9029470644243092,True,104.3802402095847,104.26030008625496,0.9831671034691288,0.9295751401312048,-4.508880429414305,1.0,0.9976746420821535
2010-08-17,63.5622902144632,63.32591939307228,0.9713772623696978,6.241222812467315,0.8958183304615291,True,101.114804209975,100.98554963080036,0.9822239161811744,0.9268745953576306,-4.647467820058546,1.0,0.9990698568328614
2010-08-20,62.73316286805686,62.49205135679533,0.9685822130917086,5.777563937390092,0.9022564240911064,True,98.04427290262154,97.90606976887996,0.9811325799340171,0.9249051416563088,-4.73787550944507,1.0,0.9996279427331446
2010-08-25,59.79278809584542,59.51357990678831,0.9619997489392024,5.82722668958726,0.9053368169503996,True,94.98415411807946,94.83467057991264,0.979601953454432,0.923339675679836,-4.825023603856446,0.9334438008313158,0.9943332113809983
2010-08-30,31.421254209580383,31.18059336423663,0.9380214311031096,5.823250996111181,0.9105169721524742,True,89.89912212539954,89.74234440265855,0.9762755116663262,0.9223138593976472,-4.904881795236824,0.817041579558158,0.9801498808351712
2010-09-02,79.47811892296491,79.38576458920531,0.9890111037633976,4.2031603753932965,0.9304226374900412,True,89.06544186920478,88.9138180175823,0.983916866924569,0.9271791262530836,-4.483848943330708,1.0,0.9920599523340685
2010-09-08,131.66203642165016,131.53291941192967,0.9904581264606296,3.925525392484784,0.9395363385107588,True,114.623398600672,114.48527885419072,0.9878416226462052,0.9345934536076884,-4.148854812823154,1.0,0.9968239809336275
2010-09-13,101.195900642561,101.10442180457603,0.9919591184719414,4.735751313915642,0.9306755617688828,True,113.54919876402312,113.41481029022157,0.9903121201416468,0.9342800222605842,-4.195806532910553,1.0,0.9987295923734509
2010-09-16,98.60513940516196,98.47979975723112,0.988799817931964,4.898764794862952,0.9275795729792478,True,112.35367401531424,112.22000944758231,0.9901911359648724,0.9337439863180772,-4.252043193866745,1.0,0.9994918369493804
2010-09-21,68.99643224291847,68.85507526319232,0.9819750896813002,5.264129461763631,0.9288655087026124,True,108.88509467352256,108.75081471283112,0.9895338522621866,0.9333537081088402,-4.333010095298496,0.9771689380515243,0.9977060050375519
2010-09-24,51.15275826490084,51.02093141298877,0.9772690005655336,5.124530689607353,0.9269806451952972,True,104.26650776083284,104.13242404884376,0.9885526641264544,0.9328438630757568,-4.396331742843205,0.9968186503329672,0.9976350166611851
2010-09-29,42.572938927866346,42.44360240626802,0.9754424726180682,5.801462736246852,0.9110606511258078,True,99.33102225419552,99.19731831743768,0.9875038488057836,0.9311012061197608,-4.5087422223154965,1.0,0.9990540066644741
2010-10-04,27.12650673601903,26.76511802221265,0.9113760980725042,7.656698443170335,0.8891632262167118,True,93.5546610127414,93.40274229381968,0.9814136287471212,0.9277461677275168,-4.760578719983884,0.978194031362447,0.9973852086403119
2010-10-07,29.609913841483625,29.3750447807044,0.9432181658667232,6.936835193151452,0.8892786056446211,True,88.43908123904079,88.28052649277046,0.9783579917166896,0.9246687627608852,-4.9346792378372895,0.9938612954177037,0.9971032955825033
2010-10-12,29.34468283644355,29.104206134151383,0.9418160907905988,7.092876113686042,0.8851985434751072,True,83.71152936683302,83.54642086408094,0.9754346396426024,0.921511145218023,-5.1073349879051895,0.997260037134674,0.9971973405138057
2010-10-15,25.06598006908536,24.79797606720736,0.9253286597172375,7.5116429745965,0.8966922412560361,True,79.0198854230132,78.84654528033106,0.9714261612485732,0.919525632901064,-5.299679626840494,0.9607424169279861,0.9942809466269401
2010-10-20,31.575084741302017,31.23090150901061,0.9195465356268868,7.295203176139283,0.8970069905907143,False,75.22430136847632,75.03729377862543,0.9672757911988384,0.9177241415162362,-5.459321510784398,0.955151704275066,0.9911506072387902
2010-10-25,18.181942287959725,17.559479953205877,0.7895356270165743,8.99176160053002,0.872570081263894,False,70.66091264203499,70.43906867259186,0.9530565780642573,0.9141118166960488,-5.741916717964048,0.7885167555802873,0.97493989910611
2010-10-28,15.789630411190211,15.158943249650031,0.7561966615435828,9.402363982657365,0.8730420050877516,False,66.27121006356741,66.01665863875651,0.9373077847426032,0.9108262317673852,-6.034752499139513,0.7139299887090791,0.9540591062743475
2010-11-02,4.036074583622159,3.409453888856589,0.362788540327795,11.269655627062484,0.8450917925881668,False,61.29239922517179,61.00808225876453,0.8913462451894187,0.9055674766330476,-6.453544749373351,0.5476903540879056,0.9215496060994323
2010-11-05,8.967428945374555,8.182077217781247,0.5266005752556394,9.782274966015525,0.8744634221312035,False,57.10640160278802,56.782001855485866,0.8621665915947164,0.9030791522729,-6.719843166704725,0.6037333951204921,0.8961243092211171
2010-11-10,9.156741941070228,8.60243962799364,0.655145005918135,9.473699758153574,0.8869699607392473,False,53.270428829850594,52.92763687728649,0.8456048647405899,0.901790416950208,-6.940151694020633,0.7302944996445154,0.882857924454989
2010-11-15,13.597070649061513,13.031206071352202,0.7643556295304489,9.253932670562088,0.8836357923996716,False,50.09656017538747,49.73592241281175,0.8391049259237786,0.9003380469861652,-7.125254172143951,0.9226869254582479,0.9067553250569445
2010-11-18,17.680730403183905,17.33818880538764,0.8774115812341636,8.507375245541741,0.8927163596447673,False,47.50329379361119,47.14410372421782,0.8620889191100096,0.8997283119988534,-7.235823858015774,1.0,0.9627021300227778
2010-11-23,31.73909166255802,31.42410116940253,0.9326690285196332,7.73036492331094,0.9059987427887948,False,46.242157623126936,45.8865035198326,0.9044369847557836,0.9034905704728182,-7.275387143239388,1.0,0.9850808520091111
2010-11-29,50.08759825677392,49.83040308023229,0.9630000901881292,6.566950543695636,0.9209814490290202,False,48.54942200331513,48.25284325607242,0.939574848015191,0.9139850976065396,-6.850325183513137,1.0,0.9940323408036444
2010-12-02,70.12574001812014,70.01316262980838,0.987221091336512,5.57365651502856,0.9299224221965128,False,61.49521281219813,61.309034880314,0.9681625940079835,0.9235474923605236,-6.084323982422391,1.0,0.9976129363214578
2010-12-07,58.55698615876539,58.42811954745229,0.9831561226067276,6.16252345145199,0.9136364097356192,False,61.26015467992352,61.07856165368506,0.97715871116723,0.9227546057505313,-6.090579939944758,0.9699121898786875,0.9953968766060362
2010-12-10,46.41783349138332,46.25310313747088,0.973106119887106,6.492870778320994,0.9036132077649576,False,60.0727689848403,59.892524972387925,0.97683450386482,0.9212232939116852,-6.122763207014858,0.9766449333904076,0.9938967211487859
2010-12-15,27.01816563017521,26.776927718376328,0.9347851031805042,7.398254936008165,0.8972067627024543,False,57.4284007164671,57.243277192067,0.9734705518100748,0.9193019714149469,-6.224802545334322,0.9688367321315627,0.9918919220274082
2010-12-20,17.95354815962176,17.752735428919216,0.9249858858582756,7.901556289840886,0.8945151790849063,False,54.270412511919474,54.08403385101518,0.969591778533931,0.9173190280285436,-6.358942844894847,1.0,0.9967567688109633
2010-12-23,10.352285072543122,9.915443493105975,0.760545043571281,9.312831539586345,0.8812021742668661,False,50.75696231676937,50.55054662238244,0.952868039736919,0.9144296797276096,-6.595253940470167,0.8517248304375412,0.9851542137410896
2010-12-29,6.9326234615914855,6.283127493267509,0.5461731254639698,9.924408724731537,0.8860704399921514,False,47.251015208355135,47.009153092053246,0.9203324465950832,0.9121609405487728,-6.8615863232110765,0.577908386045818,0.9525745475254679
2011-01-03,1.9678135583610847,1.4474787681163603,0.2288267281003271,11.852171542787886,0.8797921284895083,False,43.628359076355615,43.364219146138296,0.8650119891155026,0.9095714355840316,-7.260833140777221,0.17329561272629937,0.8902322327415345
2011-01-06,1.6350424023445376,1.1640988078472514,0.2045770614429579,12.041759213506332,0.8730878544439065,False,40.268893742434734,39.98820951907501,0.812177194901699,0.9066527490928216,-7.64330722659555,0.2215045165560296,0.8367340154466942
2011-01-11,1.7872153039037355,1.3155906903207475,0.2416395046344847,12.143576080046408,0.8675722892739144,False,37.19035946735225,36.89440001277468,0.7665341796803219,0.9035263123073092,-8.00332873487162,0.1782293866732134,0.7840536451448158
2011-01-14,4.1127926754376825,3.236350896984092,0.3253161824561011,11.79706791009584,0.872071453481782,False,34.544154123999085,34.20175608351143,0.7312367399023842,0.9010099236012672,-8.306827868889558,0.2984798219559682,0.7452077392897081
2011-01-20,3.510746329017493,2.7465208738420164,0.30406349833659,11.605344771140096,0.8791436457560837,False,32.06148150040056,31.685337266737875,0.6970628805771207,0.8992606213736525,-8.5707092210696,0.3043104233323451,0.709935954013119
2011-01-25,2.708842058390461,2.0104591224006163,0.253635331105651,12.070185483106927,0.8588506011650405,False,29.713270345039756,29.311347015190893,0.6615886766194031,0.8960278197569636,-8.850667322032587,0.31208849504046365,0.6781081572953066
2011-01-28,4.290404170553141,3.6282103761478632,0.4259124958065427,11.65788829608982,0.8327022964115381,False,27.679441051080826,27.25669608406745,0.6427345821543743,0.8909617778893295,-9.075244999957166,0.4044507973282849,0.6562155684979448
2011-02-02,7.213934847207086,6.523872102548903,0.5884117370201507,11.118864998269313,0.8305941918423824,False,26.042200554770925,25.59807016554597,0.6383887545436364,0.8861323710055737,-9.238734599822138,0.7051783185366143,0.6855932185211464
2011-02-07,7.53227116050683,6.732379279258218,0.5411271881190177,10.722628469728912,0.8454068556990875,False,24.5614062032298,24.088814894642947,0.6306078292296668,0.882874329781055,-9.35744610941468,0.666225356614739,0.6840437895686338
2011-02-10,5.294837079627556,4.586559619446175,0.4852651175400252,11.532728929228687,0.8371762038974266,False,23.02008067334162,22.528634472627207,0.6189804122944955,0.8792184797103648,-9.531468734999802,0.6281916912221122,0.679575621700912
2011-02-15,5.372238152108416,4.774511758871854,0.5266842504668857,11.10275759115975,0.8513601060344849,False,21.608253271642965,21.10830465552678,0.6115967193482867,0.8769898098162945,-9.657171843492598,0.7614909599714509,0.7287248246632354
2011-02-18,6.206537063655037,5.682461935964183,0.6225325469435593,11.096934635177798,0.8298821168331706,False,20.37611597500393,19.874237237961776,0.6181582159054503,0.8732211943776447,-9.772352866827417,0.8150183255469865,0.780500925193486
2011-02-24,19.81793275217837,19.265302068243543,0.8307092378839418,8.696690379481023,0.8690928614288042,False,20.331461317177887,19.82552242438432,0.7456888290925452,0.8728909277417375,-9.12695537441958,0.9308352204822029,0.8707015023667162
2011-03-01,26.19328595616643,25.252596372706183,0.787017239314542,8.69189423097137,0.8787142012738726,False,23.84855610057101,23.08176679337744,0.7704858752257433,0.8763848918610184,-8.865918688350654,0.8972717152851626,0.886643630117784
2011-03-04,26.488626038703256,25.75625595396852,0.8294277708718405,8.550786294392887,0.8736860194358236,False,25.43259806345036,24.68646028973209,0.8058510126134015,0.8761689820670029,-8.676839251975995,0.8190451690202832,0.8812357532299839
2011-03-09,29.13227998307373,28.428853300579025,0.8492082427535874,8.280435427595204,0.8774147418665713,False,27.65240721522438,26.93189609624025,0.8318653506975131,0.8769164379467439,-8.43899695734752,0.9751133111322196,0.9375622879713252
2011-03-14,56.546738462534925,55.93849007015659,0.9218496740511136,7.191536913813308,0.8879761633308586,False,44.98900596361071,44.33585248059005,0.8858559447096733,0.8835522731772127,-7.690520931226993,0.9362284040753793,0.9374555772596496
2011-03-17,71.17757381368247,71.08795446125383,0.9899029733372012,5.875188921765086,0.9046201094426336,False,60.70214667365376,60.38711366898832,0.94828416188619,0.8961929749364652,-6.601321725549848,1.0,0.9749822309038598
2011-03-22,35.15804776286915,35.09441241451477,0.9861196881946658,6.048334518454766,0.9000416779328093,False,58.65861876079099,58.36369756863044,0.9709854776712756,0.8985021967342717,-6.269529401292799,1.0,0.989992892361544
2011-03-25,34.42085917756019,34.36787680673214,0.9869505515099174,5.551547504133958,0.9021868813536452,False,56.719597994132535,56.44403190767857,0.9805645219744606,0.9007130075058958,-5.838740262997495,0.9930125078970002,0.9918046616828178
2011-03-30,34.03354287155948,33.97585724966768,0.9856785202528328,5.492341195399201,0.8994434426448242,False,54.90471358432669,54.6465779350377,0.983632920941484,0.9006114423170102,-5.630900822438519,0.9954988293870537,0.9940211623053594
2011-04-04,23.82637801749604,23.707930204317147,0.960901746276409,6.122520089022078,0.89096578877271,False,52.41844673898024,52.171486116580056,0.981814426968278,0.8998397900334663,-5.670230363765204,0.997595822983703,0.9961659587123655
2011-04-07,19.212584894861777,19.09538758685059,0.956472754128198,7.014429279639925,0.8806716868159712,False,49.76197779145077,49.5253982342017,0.9797870931410716,0.8983063417760667,-5.777766277035181,0.9950352230017824,0.9960754998555188
2011-04-12,13.289697862376514,13.17739757504328,0.943047892133182,7.499313446710027,0.8861984681709247,False,46.84419539712483,46.61755818146903,0.9768479570604406,0.8973377118876554,-5.915490050609169,0.9892812276984161,0.9955319580829506
2011-04-15,2.658036514639512,2.2478102195014955,0.3601086291667102,11.16558091747971,0.8361662791434791,False,43.309302686526,43.06797834451162,0.927508810828942,0.8924439972681213,-6.335497319958813,0.4978472722148518,0.9557171832135027
2011-04-20,3.038577972136,2.599870395360355,0.4039703223360274,10.870380823524256,0.8477265503421475,False,40.08764470937481,39.83052970857952,0.885625731749509,0.8888666015140434,-6.69828800024405,0.4685037207515152,0.9167401062165438
2011-04-26,3.4951656838340908,2.8772010773046235,0.3064708731199687,10.65316404170674,0.8588238432594044,False,37.16024638733155,36.87426341807753,0.8392933430591457,0.8864631808536723,-7.014678083561066,0.30445184234829775,0.8677570451070842
2011-04-29,2.180021505564015,1.7306198761366982,0.2652821704380245,11.275437111790772,0.8435746630384054,False,34.361828396790145,34.062771934722264,0.793372449249456,0.883032099428451,-7.355538805819442,0.2624988624549458,0.8193363904949131
2011-05-04,2.3817442837689327,1.8906365718835303,0.2474194058859284,11.119869141446609,0.8482269271348059,False,31.80342166774845,31.489001105695166,0.7496962057803739,0.8802476856449594,-7.656685232669615,0.24562588928789897,0.7734395503983521
2011-05-09,3.979176113767425,3.263787308341989,0.3165459288609678,10.94913774597181,0.8491467368772575,False,29.57748202342997,29.230984001906915,0.7150441836268214,0.8777596097435432,-7.920081433733792,0.3432719986164301,0.7390261462557984
2011-05-12,5.24837366850304,4.453186839523514,0.3713032931355094,10.436676353977218,0.8535965572995997,False,27.631153355035817,27.248760228916243,0.6875449123875165,0.8758265655480277,-8.121409027353266,0.3155961869795905,0.7051517495137017
2011-05-17,3.304650891428488,2.6602992878455063,0.2697499607515012,10.760740302404209,0.8504481983683458,False,25.685033157947235,25.281683353630584,0.6541213162566353,0.8737962961736533,-8.332555529357341,0.30557577166948857,0.6731856712861648
2011-05-20,6.559737537749012,5.812874817361749,0.4905144662774429,10.30294762161429,0.8441730826545484,False,24.15500950833138,23.72417867072908,0.6410327682582999,0.8714264390921249,-8.490186896737898,0.45739657603630834,0.6559225436661763
2011-05-25,6.347882146782274,5.561848964063104,0.4345656712802432,10.066136148366212,0.8520928435779569,False,22.73043931940745,22.271192294195803,0.6245154005000554,0.8698797514509915,-8.616262836868163,0.46112879195764744,0.640339043529494
2011-05-31,10.344251641328691,9.615597862322057,0.6049165303631753,9.1406972197613,0.8787538813492627,False,21.73954430516115,21.258744739645905,0.6229474908891051,0.8752042293899542,-8.658217587499614,0.6592751831236505,0.6517007272859879
2011-06-03,31.00576641828198,30.373783357385168,0.851624344310262,7.120101156444979,0.9012245256998704,True,27.29927757303365,26.72776791028946,0.7601536029417992,0.8908164071759038,-7.735347728866833,0.8507982919796077,0.7711592661021598
2011-06-08,21.846827841905245,21.067653825405277,0.767596733903295,7.94207323613597,0.8839629797166912,True,26.863081594543377,26.27495878349873,0.7646194815186966,0.8902681329791668,-7.751885769448364,0.8193629160231231,0.8000814560547378
2011-06-13,26.1870646230882,25.82542794692052,0.9035343853595984,7.37218072732913,0.894300818177013,True,26.80900023682696,26.23899631657247,0.8479684238232377,0.8926877440978744,-7.524062744176824,0.9710822069435299,0.9026819065880131
2011-06-16,36.05600985107428,35.88255249790766,0.96064597196253,6.153349609255362,0.911458633201548,True,32.357206005375346,32.025130025373585,0.915574952706813,0.9039502775600784,-6.701634863223947,0.95754955876965,0.9356024978969952
2011-06-21,39.94894256560045,39.79555622548157,0.9697140808228912,6.22252995972571,0.9086252399271918,True,36.912247941510415,36.68738574543838,0.9480584295764598,0.9067552549803464,-6.414171921125005,1.0,0.9742409991587981
2011-06-24,47.65790609465069,47.57624503843802,0.986109963104962,6.084038046247885,0.9135129150747764,True,43.35964283339458,43.22070132123817,0.9708893496935612,0.9108098510370044,-6.2160915961987335,1.0,0.9896963996635193
2011-06-29,32.05641171067127,31.80421731647796,0.9398834787386344,7.0256245601007965,0.8969691974730789,True,42.45538434357672,42.30738260085735,0.9684088800171672,0.9097025987518904,-6.280854233310899,1.0,0.9958785598654077
2011-07-05,37.04754630554941,36.9837762382507,0.9865293967151072,6.69702390052109,0.9020899089126038,True,42.022757300534536,41.88149409184882,0.9792811900359312,0.9090935835647476,-6.314147806687715,1.0,0.998351423946163
2011-07-08,40.7823080464504,40.73269329190179,0.990215373346822,6.377502071472843,0.9098823276471842,True,41.92352136020781,41.78959002785306,0.9858417000224656,0.9095668300142096,-6.3192161478705255,1.0,0.9993405695784652
2011-07-13,47.217911911988175,47.217911911988175,1.0,5.6653352890243935,0.9147320439997884,True,45.10015569127603,45.04658315833413,0.9943366800089862,0.9126659584055568,-5.926887632562846,1.0,0.999736227831386
2011-07-18,39.954360995756495,39.92005144809936,0.9933769839010078,6.196703365846831,0.908887564235958,True,44.68849211563447,44.63646062151535,0.994259904320348,0.912363686871989,-5.948472891225566,1.0,0.9998944911325545
2011-07-21,32.69823705670715,32.57835285384082,0.9721527322831428,6.438407271271993,0.9082530299432144,True,43.72927171092028,43.67181200010138,0.9924913305573716,0.912034834317687,-5.98766764162928,1.0,0.9999577964530217
2011-07-26,21.68871316719109,21.471830387118025,0.924954197484718,6.924016505767116,0.9069933818163312,True,41.96602702742194,41.89581347106272,0.9870883599115592,0.9116315181175786,-6.062575550760307,0.9499176551863404,0.9959545851516872
2011-07-29,39.83912160457678,39.78432495834073,0.9900789918747744,6.644122474431005,0.9008318527607234,True,41.795874593594334,41.72689439004496,0.9888827390894884,0.9107675448890302,-6.109099304653963,1.0,0.9983818340606749
2011-08-03,43.42342358713167,43.28767579908138,0.9767296409374232,6.579262152281783,0.8957999860891532,True,42.772403989716736,42.66336323546681,0.9879104912373232,0.90957014018504,-6.146712332464189,1.0,0.99935273362427
2011-08-08,59.71130671928697,59.71130671928697,1.0,3.096357556233668,0.9589612049305944,True,52.93574562745887,52.8921293257589,0.9951641964949292,0.9392047790323728,-4.316499466725876,1.0,0.999741093449708
2011-08-11,49.64720615564874,49.64720615564874,1.0,2.411432817722851,0.97308064641163,True,52.67266246971406,52.632535472150096,0.9980656785979716,0.9595302994599272,-3.1734594773240605,1.0,0.9998964373798832
2011-08-16,53.96074380128317,53.96074380128317,1.0,2.4900954326828715,0.9714249951191036,True,53.44551126865553,53.42946046962994,0.9992262714391886,0.9666671168554328,-2.763441050539347,1.0,0.9999585749519533
2011-08-19,103.76024359630154,103.76024359630154,1.0,2.5458012228947577,0.97243981521425,True,83.63435066524313,83.6279303456329,0.9996905085756754,0.9701307358707232,-2.6328571539525933,1.0,0.9999834299807813
2011-08-24,113.01199435797687,113.01199435797687,1.0,2.406532047818071,0.975087624757704,True,101.2609368808834,101.25836875303928,0.9998762034302702,0.9731048692029116,-2.4970620902718803,1.0,0.9999933719923125
2011-08-29,120.71189438626796,120.71189438626796,1.0,2.357967755398739,0.9776438744832584,True,112.93151138411412,112.93048413297647,0.999950481372108,0.9758282723711198,-2.4136054893479955,1.0,0.999997348796925
2011-09-01,120.38757068301456,120.38757068301456,1.0,2.533858187062632,0.9746722348697486,True,117.4051469634544,117.40473606299936,0.9999801925488432,0.97573578937101,-2.4232257051651667,1.0,0.9999989395187701
2011-09-07,140.07287268447578,140.07287268447578,1.0,2.8708310831248065,0.9687334746816736,True,131.00578239606722,131.00561803588522,0.9999920770195372,0.9751756041958632,-2.459034135401938,1.0,0.999999575807508
2011-09-12,140.89653107548148,140.89653107548148,1.0,3.2750574074914613,0.9599366092727252,True,136.94023160371577,136.94016585964297,0.9999968308078148,0.9739564846020122,-2.5243159971691,1.0,0.9999998303230032
2011-09-15,142.06795819698797,142.06795819698797,1.0,3.154461094845339,0.9596219667141844,True,140.0168675596791,140.01684126204998,0.999998732323126,0.972809723170986,-2.5747276049831997,1.0,0.9999999321292012
2011-09-20,111.86426322599048,111.86426322599048,1.0,3.4310559306272097,0.9493808318730258,True,137.764659212984,137.76463501916524,0.9999994929292504,0.9709354118671492,-2.6432338710347203,1.0,0.9999999728516805
2011-09-23,126.37581723901776,126.37581723901776,1.0,3.245839366157985,0.9552756253272566,True,136.8535518550667,136.85352959675345,0.9999997971717002,0.9696826289439578,-2.691442310644581,1.0,0.9999999891406722
2011-09-28,143.8100182530685,143.8100182530685,1.0,3.361470199466014,0.954917857916209,True,141.0274316938678,141.02742279054252,0.99999991886868,0.968501447261738,-2.745044541750296,1.0,0.9999999956562688
2011-10-03,129.75568681571872,129.75568681571872,1.0,3.258601209393732,0.959225175707185,True,140.12569210361588,140.1256839125566,0.999999967547472,0.9677593455373736,-2.786129075161771,1.0,0.9999999982625075
2011-10-06,120.40447441877971,120.40447441877971,1.0,3.432607565037607,0.962581346095708,True,138.547994688829,138.54798715305446,0.9999999870189888,0.9673451055820406,-2.8378473543518377,1.0,0.999999999305003
2011-10-11,123.11354001649448,123.11354001649448,1.0,3.506970302984054,0.9612211796008148,True,137.31323831504224,137.31323138212966,0.9999999948075956,0.9668551915035424,-2.891377190242415,1.0,0.9999999997220013
2011-10-14,122.43988943218844,122.43988943218844,1.0,3.604485823144619,0.9604215597180082,True,136.12337040441395,136.12336402613437,0.9999999979230382,0.9663405009606998,-2.948425880874592,1.0,0.9999999998888005
2011-10-19,115.45559177409102,115.45559177409102,1.0,3.836542240477833,0.9573686252001824,True,134.46994811398812,134.4699422459709,0.9999999991692152,0.9656227508998584,-3.019475189642852,1.0,0.9999999999555202
2011-10-24,100.72747457508422,100.61786095238156,0.9900081344140476,4.38366072882114,0.952921643816468,True,131.7705502308758,131.76177574248376,0.999200649988802,0.9646066623331871,-3.128610032777115,1.0,0.9999999999822081
2011-10-27,115.5024386951828,115.5024386951828,1.0,4.175635336708168,0.9531239614686564,True,130.46910130802036,130.4610287786997,0.9996802599955208,0.9636880462640248,-3.2123720570915992,1.0,0.9999999999928832
2011-11-01,116.6824905992278,116.6719701437884,0.9991476398251627,4.155018870380541,0.9503785577468696,True,129.36617245131694,129.3579040879068,0.999637650381892,0.9626232871826524,-3.2877838021547143,1.0,0.9999999999971533
2011-11-04,133.93615629490165,133.93615629490165,1.0,3.7316151511449296,0.9526255650908476,True,132.10816275746777,132.1048554121037,0.9998550601527568,0.961823469415308,-3.3232903100739315,1.0,0.9999999999988614
2011-11-09,123.68248890110206,123.68248890110206,1.0,3.498160457832771,0.9544269017687816,True,131.43410884895852,131.43106609122356,0.9999420240611028,0.961231744003586,-3.337279921894639,1.0,0.9999999999995446
2011-11-14,125.4742318515912,125.4742318515912,1.0,3.4069187272352046,0.9540638695788533,True,130.95731868916914,130.95451935205298,0.9999768096244412,0.9606583140496074,-3.342851026321884,1.0,0.9999999999998178
2011-11-17,98.7970531401737,98.7970531401737,1.0,2.9910469233016417,0.9571217342405768,True,128.3844974452495,128.38192205510265,0.9999907238497764,0.960375387664885,-3.1317685645097386,1.0,0.9999999999999272
2011-11-22,107.21422701249736,107.21422701249736,1.0,2.777915730371088,0.9591345299176228,True,126.69087581062934,126.68850645169422,0.9999962895399106,0.960276119045104,-2.9194568640265484,1.0,0.9999999999999709
2011-11-28,96.00903667558411,96.00903667558411,1.0,2.564750247810043,0.9602860465394464,True,124.23632867982572,124.23414886960542,0.9999985158159642,0.9602820755417094,-2.7066328942966447,1.0,0.9999999999999883
2011-12-01,109.9108644977732,109.9108644977732,1.0,2.4921702599990323,0.9623828526509908,True,123.09029154526152,123.08828611985884,0.9999994063263856,0.9615425418072784,-2.577955313718077,1.0,0.9999999999999953
2011-12-06,96.95109023777506,96.95109023777506,1.0,2.679450993734348,0.9608175839462612,True,120.9991554406626,120.99731044929216,0.9999997625305544,0.9614845451783968,-2.5860749681193798,1.0,0.9999999999999981
2011-12-09,112.546426583405,112.546426583405,1.0,2.890316706026996,0.9617232587605412,True,120.322937132082,120.32123974002118,0.9999999050122216,0.9616277733276836,-2.6104143071519887,1.0,0.9999999999999992
2011-12-14,96.2383331136348,96.2383331136348,1.0,2.920273382824832,0.961175718852164,True,118.3961688106062,118.39460720991028,0.9999999620048888,0.961591608969642,-2.6352030332058165,1.0,0.9999999999999997
2011-12-19,110.69570105654486,110.69570105654486,1.0,3.094328437053742,0.9598649507313988,True,117.78013139028133,117.77869471764105,0.9999999848019556,0.9614534763105824,-2.6719330655136506,1.0,0.9999999999999999
2011-12-22,133.09427315402758,133.09427315402758,1.0,3.605711218901447,0.9572053784317872,True,126.96861644852908,126.96804177947295,0.9999999939207822,0.9611136284802788,-2.7466353177846745,1.0,1.0
2011-12-28,137.63511598793488,137.60022830379236,0.9974268653121668,3.497211797474287,0.9613807687072866,True,133.36851617217258,133.3473536940646,0.999794143632093,0.9612739126164837,-2.806681436159844,1.0,1.0
2012-01-03,119.96601518435172,119.73678950447376,0.9818888552918088,4.3218910336742455,0.9549958975914736,True,132.2963160931469,132.25850855889735,0.9983617205648704,0.9607716714144828,-2.927898203960996,1.0,1.0
2012-01-06,119.53638194868785,119.1848613666952,0.9718924352152584,4.3827913920855615,0.954414951769249,True,131.2755213615902,131.21261678352118,0.9962441777369014,0.960263133842864,-3.0442896590109614,1.0,1.0
2012-01-11,60.54047878239676,59.98090118530588,0.9196774643009162,5.8974208219781215,0.9323374572085812,True,125.61671795525471,125.51407953566395,0.9901188406620228,0.9580290797121216,-3.272540152048334,0.8856239731921955,0.9908499178553757
2012-01-17,48.55193130624493,48.06032458840653,0.916094535077172,6.053696156763941,0.9348210055758156,True,119.45153502333396,119.31777913988338,0.9841968962152348,0.9561724337812172,-3.495032632425583,0.9416728491274885,0.9869157523571447
2012-01-20,12.41982573084715,11.804940766570445,0.7196032184671268,8.986742252264182,0.9152607569897632,True,110.888998279935,110.71675207001836,0.963029401995386,0.952899499637901,-3.934369402012672,0.7956536902729182,0.9716147873904066
2012-01-25,14.273929243387649,13.64102344672129,0.7595965463225584,9.2001594496495,0.9000859696938257,True,103.15979275701125,102.9506937801546,0.94675477354156,0.948674417242375,-4.355632605823618,0.8362504005573197,0.9607856364437598
2012-01-30,4.940333577926412,4.481118372391773,0.6069045315474486,11.148512396332135,0.8808721468376098,True,95.30223602268444,95.07312774753356,0.919566754182031,0.9432502356099938,-4.8990629890643,0.6993444873087982,0.9398703445129629
2012-02-02,1.5951922740658768,1.2123824778148826,0.2913920379472374,12.604845735851706,0.8687224239263228,True,87.80567252279496,87.56426812595608,0.8693127768832476,0.9372880106753,-5.515525608807293,0.40214913208929703,0.8968526475190697
2012-02-07,3.173764634357539,2.6409231389775325,0.406307431165734,11.633894522912504,0.8815155963703691,True,81.03511989171997,80.7704005269978,0.8322723492258466,0.9328262175309056,-6.00499512193571,0.5174007799487611,0.866496498113445
2012-02-10,4.9463750229802255,4.329123219571258,0.5097264607072582,11.05221695858526,0.8902401591100277,True,74.9480203022208,74.65509834240369,0.8064686781443595,0.9294193328572355,-6.408772868867674,0.5716393453594845,0.8429079258931281
2012-02-15,5.509431075253603,4.829503052148921,0.4916016590643982,10.677840607206598,0.8795748527992986,True,69.39293316406342,69.06905071918331,0.7812793166179627,0.9254317744526006,-6.750298287934788,0.4711621718614476,0.8131682655705937
2012-02-21,10.437317991156704,9.64516141659256,0.6388329639317855,9.987952402591,0.8752760313872411,True,64.67648395023089,64.31513957497606,0.7698836084030686,0.9214193150073718,-7.009310617107285,0.779855515352538,0.8105032455531493
2012-02-24,11.28558390429181,10.460866964570329,0.6527315090545985,10.027500726698742,0.8761441760404203,True,60.40521194655577,60.0067977661436,0.7605114404551909,0.9177973038900158,-7.250765825874603,0.8020434288100251,0.8098264602136995
2012-02-29,15.44849307859062,14.5809954942497,0.7201009324137156,9.755431260306423,0.880743626862213,True,56.80867443711856,56.372733584392094,0.757278599811873,0.9148330097277916,-7.451139060629149,0.8108511217928193,0.8104412571611713
2012-03-05,5.419496880449493,4.74914057303283,0.5204240256721049,11.248961332601908,0.8587735364183462,True,52.69754023258504,52.24284614348336,0.7383302338806915,0.910348251863036,-7.75496484238697,0.5476414395472337,0.7894172717520563
2012-03-08,19.18199960990367,18.48991977848754,0.7942231247894691,8.972077857564926,0.8870593851732979,True,50.01629698277053,49.54261203428369,0.7718659684259581,0.9084851425278568,-7.852333883601207,0.9151880894675096,0.8648797623813284
2012-03-13,24.598234549996352,23.919271456984863,0.8309667561829779,8.271402788875802,0.902278528662661,True,47.9828519881486,47.49274478809979,0.8073264410801699,0.9079886134186412,-7.885859396023175,0.9170184140230231,0.8961629533663452
2012-03-16,19.21019311040609,18.471608201446266,0.7831936352254643,8.939367177233907,0.9001416256360217,True,45.6810392779292,45.17105386116752,0.8053958166117935,0.9073608543960318,-7.970140018520033,0.94134243719035,0.9232706436607481
2012-03-21,18.40626389395812,17.72397273500947,0.7899519844929301,9.009403949079122,0.8972214993650675,True,43.49905724721151,42.97528737107488,0.8041603100422845,0.9065497059935546,-8.053281132964761,0.8601749229675257,0.9182229860052903
2012-03-26,23.44266571287812,22.894236895916755,0.8509429083435658,8.13447964687929,0.8989809618049909,True,41.89454592446484,41.36880333306223,0.8322298690230533,0.9059442064584696,-8.059777014077923,0.8934726634873597,0.9162429602038559
2012-03-29,25.07646710733485,24.464699952995566,0.8483199456264501,8.299531704808397,0.9036591709757098,True,40.54909961909444,40.016475062656895,0.8418839149850914,0.9057614036198488,-8.078957389336361,0.9407900009879954,0.9309711846743396
2012-04-03,17.419739907569138,16.632953112954105,0.755396824751843,9.175279926128992,0.8935863467450825,True,38.698750842172416,38.14579330668067,0.8349649477664316,0.9047873990698676,-8.166663192279772,0.8524946018238932,0.9246930580463039
2012-04-09,28.494963415766048,28.021122707294296,0.895019288691455,8.164762232184271,0.894020545549926,True,37.88244784805991,37.33581965872977,0.8709975523214456,0.9039260507882724,-8.165522616222471,0.9016526596402749,0.9228498261738215
2012-04-12,37.18516205035536,36.91594169929657,0.9495311745477404,7.063301720056471,0.908481457416492,True,37.82666498424355,37.30222942197511,0.9181177256572226,0.9066592947652042,-7.504190078522871,1.0,0.9691399304695286
2012-04-17,64.1296658052833,63.99049820553501,0.9830863199520218,5.97941470150311,0.9138608576368245,True,53.608465476867394,53.315190692111045,0.957098882234102,0.9109802324881764,-6.589324852311014,1.0,0.9876559721878114
2012-04-20,54.08955599183741,53.9098350422823,0.9743170460249848,6.368913215562064,0.9071258449872108,True,53.8971197858494,53.6719773022138,0.9674297805086316,0.9106718814880992,-6.457077870261644,1.0,0.9950623888751245
2012-04-25,38.15669486475907,37.91936817283063,0.9537962030237532,7.230723492766816,0.8932466074143728,True,52.63788579216217,52.41176857186315,0.9663390943098412,0.9092778595622012,-6.518969520062058,0.9196942883481095,0.9890329408329633
2012-04-30,45.61365605722146,45.23869411256501,0.9422141161816648,7.319903293906265,0.8894425683640368,True,52.07594741336692,51.8379226151193,0.9644090960595872,0.907691036266348,-6.583044221969594,0.909806380212997,0.9826948159833662
2012-05-03,34.76451545057815,34.38174236551488,0.9233823254864516,7.441370128670092,0.88730209712965,True,50.69103285634382,50.44142819515095,0.9611269544137364,0.9060599211354122,-6.651710294505634,0.9046295507478089,0.9764495947645215
2012-05-08,21.45690387339073,21.05511327101896,0.8756379266773064,8.17039572329836,0.8806517751819329,True,48.35230253770757,48.09052300122039,0.9542878321948222,0.904027269459134,-6.773205128809052,0.9353805994765233,0.9731640751414817
2012-05-11,9.574822811627008,9.112860355579937,0.7392573609075589,9.980002399664308,0.8459963816889571,True,45.25010415962113,44.97230998956916,0.9370853944918413,0.8993847984375198,-7.0297489104774735,0.8044170420115515,0.9596643124910873
2012-05-16,10.04951947178161,9.341427178862146,0.6455649203187206,10.232808981795364,0.8534723311093316,True,42.43405738459397,42.12183936471259,0.9137637565579916,0.8957118010512648,-7.285993716182904,0.7488201412038248,0.9427967787881064
2012-05-21,14.18924723455385,13.475527678062871,0.7125175047492628,9.3336920047827,0.8682813778159856,True,40.17447257259076,39.83013442978061,0.8976640564132934,0.8935173671924425,-7.449809579270888,0.8575351624933351,0.9359758494845247
2012-05-24,12.443438347133393,11.639635370529987,0.6566381666339094,9.39047026469839,0.8786324540057011,True,37.95598983455417,37.57489450504056,0.8783819852309427,0.8923265741375032,-7.605062434105089,0.8381739116167073,0.9281516944550994
2012-05-30,21.258767127333147,20.47966770870766,0.7767440622397818,8.597958241691234,0.8959498788045446,True,36.620212017976485,36.207276361333925,0.8702509513916499,0.894500556937728,-7.684494098711982,0.8018596656876663,0.9180483321537048
2012-06-04,28.958237330561563,28.343010209016207,0.8563414843971447,7.591948223637854,0.904636527098906,True,36.0072540429833,35.57813506914851,0.8691381940320896,0.9005821390344348,-7.628966573667506,0.951171331342202,0.9379221316668032
2012-06-07,38.22955888524872,37.98996959711006,0.950624116720856,6.022550713551197,0.9272598680163529,True,37.34063694834255,37.02523578592544,0.9180297476453496,0.9165887764235856,-6.665117057597721,0.9955669908728773,0.9725090471904476
2012-06-12,43.19961727064992,43.11949605000942,0.984248935431,5.224666951365879,0.9328752104182068,True,40.856025141726974,40.681791944375824,0.9577612603167398,0.9263606368203584,-5.800846993858616,1.0,0.989003618876179
2012-06-15,76.86836669889831,76.79727798271986,0.9922513933178356,5.151063981958822,0.9279310556738029,True,62.46343007602978,62.35108356738225,0.9784553401173972,0.927302888132425,-5.41097718671874,1.0,0.9956014475504716
2012-06-20,71.64873689607141,71.51973557905727,0.9844565268247392,5.208131133130035,0.9258295122540467,True,67.97461416805476,67.85227477438727,0.9820560521418024,0.9271850180621548,-5.289269554565517,1.0,0.9982405790201887
2012-06-25,96.77689724455094,96.75785375252696,0.9982343531310957,4.311937516431842,0.9411869796790798,True,85.25598401395246,85.19562216127109,0.9917630327353784,0.93558619503231,-4.702870331685312,1.0,0.9992962316080755
2012-06-28,89.7252643245513,89.69105651548348,0.9966179373283868,4.466885354540976,0.9339732477541322,True,87.93755220031176,87.89288277379853,0.9946759754911834,0.9354571592500558,-4.56127934539871,1.0,0.9997184926432302
2012-07-03,60.7991195198894,60.63209659384262,0.9761760764973714,4.947133071116494,0.931115438081684,True,85.76647758587796,85.71201987940206,0.9931959835716784,0.935109821556586,-4.5921476434561335,0.9925015038039872,0.9991411335360908
2012-07-09,83.15410214561182,82.71498532632587,0.9549132638554456,5.28146166478234,0.9350380268617616,True,85.55748755065667,85.47225711515598,0.99013336599438,0.935104077981,-4.64729276516223,0.9786389069672919,0.9975009554105869
2012-07-12,74.23760596467231,73.61996594486082,0.93336582831092,5.83910754294897,0.9211099565769448,True,84.65189702377793,84.52407382153238,0.9855919629797032,0.9339845482686756,-4.74263794738517,0.9688205277442512,0.99520652119728
2012-07-17,71.55376778612083,70.96722900587645,0.932286102800969,5.662444118143025,0.9216621033605596,True,83.60404668476536,83.4395262362799,0.9813274941654044,0.9329987526760264,-4.816222441045799,0.9547136709115026,0.9919670931744179
2012-07-20,39.79425488450545,39.207780064993386,0.8929722070025994,6.788353515426941,0.9125855732794362,True,80.09926334074459,79.90098654257699,0.9742590711923802,0.9313656983242992,-4.97399292699629,0.9534885865650379,0.9888888126456675
2012-07-25,23.936373493092507,23.509728726580757,0.8831656543712136,7.593890763235785,0.8885050672375807,True,75.60623215293244,75.38968591729729,0.966971597846687,0.927936847837362,-5.183584753895451,0.9433434237743135,0.9852451815359592
2012-07-30,20.52790339158698,20.20112843571123,0.8973948516322614,8.06778172755398,0.867531713663941,True,71.1999658520248,70.97460131877041,0.961405458149533,0.9231044371034882,-5.414320511788134,0.9710223779148233,0.9841073572462684
2012-08-02,24.9519615499547,24.51559314094894,0.884178070509973,7.955799968996744,0.8685433115263205,True,67.50012550785921,67.25788066454469,0.9552272671383684,0.9187395470573148,-5.617638868364823,0.9790029381308724,0.9836990037170368
2012-08-07,28.58477755047338,28.193101752001468,0.9067373210544332,7.690611437126128,0.8741404002169534,True,64.38689767126834,64.13269835154124,0.9513480714516536,0.915171615310086,-5.783476673865728,0.9605653651219054,0.9818483126294263
2012-08-10,25.11369180735628,24.591906996720283,0.859103334717512,7.605961019049961,0.8868815074293833,True,61.24504120215538,60.96943504315556,0.9439684925129224,0.9129084066796298,-5.929275421480467,0.904482820027096,0.9756590732212399
2012-08-15,36.91222032965834,36.27003973323908,0.8766779958358322,6.95879676449149,0.8966965655347775,True,59.29841553235561,58.993483418362246,0.9385852527787552,0.9116114593880416,-6.0116371289213495,0.8515130136847152,0.965727388458318
2012-08-20,32.287863450730455,31.63681750062145,0.8581711544262784,7.071933480245919,0.8984551556640528,True,57.1375713658256,56.804950144942985,0.932152124910557,0.9105589550901224,-6.0964608370273154,0.9038575724666965,0.9607778031789882
2012-08-23,33.158996218854924,32.52842795494727,0.8624598695459829,7.188743775762396,0.9038543185883128,True,55.21928535406795,54.862828369743326,0.926576744481391,0.9100225841699776,-6.183843472126122,0.8073859126584945,0.9485064519373487
2012-08-28,25.535777005377888,24.835157569131766,0.8229158819360493,8.12319535043853,0.896473711477914,True,52.84460468617275,52.4606147056944,0.9182838754777638,0.9089386743546128,-6.338991622391115,0.8407631460781622,0.9398869874686139
2012-08-31,7.567984587338175,6.712492939000622,0.4902952197895359,10.505674218408286,0.8680614559229443,True,49.22247507826599,48.800764964358905,0.8840447830227056,0.9056684968800792,-6.672326230072489,0.7318666787752791,0.9232453627731472
2012-09-06,32.10129231576623,31.516311180083303,0.8754798647616441,7.465701862765529,0.8976705612214392,False,47.85278045726601,47.41800866161685,0.8833595895618207,0.9050286620273882,-6.735796280687932,0.8859854848837434,0.9202645725419949
2012-09-11,21.616421731058114,21.036372766495123,0.8334228946493751,8.123758783919081,0.8976878153199711,False,45.75387175916938,45.30747779000712,0.8793646539688251,0.9044413942907948,-6.846833280946424,0.9409646206850494,0.9326846014278276
2012-09-14,24.121621927526117,23.72931596687421,0.883936457406593,7.269957784166555,0.9035651307934144,False,44.02329177263792,43.581224844156495,0.8821077360314858,0.9043712932110044,-6.880683241204035,0.9951717835980348,0.970176910729952
2012-09-19,26.151324204594,25.59740652537458,0.8430664581454231,7.347093512683231,0.9033870110395048,False,42.5935343671944,42.14251937865394,0.8789844338006009,0.9042925506372844,-6.917996062922371,0.9540715324403213,0.9688884804667817
2012-09-24,17.550251035563097,16.920024686331157,0.7534443452046626,8.054363283076668,0.8937351697402091,False,40.5900717006639,40.12471980326812,0.8689412267129258,0.9034479601655184,-7.008905440534715,0.8654455971192103,0.960613049798976
2012-09-27,25.839029351687035,25.06274919320277,0.7833285248884991,7.53794919872899,0.9045989175091196,False,39.40998831274575,38.9197621544629,0.8620922105669717,0.904138534571679,-7.051228941190257,0.9012515884089063,0.9558641328877705
2012-10-02,19.81212909571625,19.254647002370856,0.7996649169479806,7.966995627164177,0.8890494632771746,False,37.8421595753834,37.346552942295546,0.8570980270774524,0.9029314088681188,-7.124490276068171,0.9107468590284497,0.9522547509790249
2012-10-05,12.48473021361782,11.61422754940095,0.6015561999972651,9.103794602984472,0.8929293268666467,False,35.81356522644215,35.28796691086398,0.8366546809110375,0.902131242308001,-7.2828346222214755,0.6734357926918006,0.929949234316047
2012-10-10,13.065788021528345,12.415061979566447,0.7044153478129006,8.948561728552937,0.8862078613305127,False,33.99374305004905,33.45813451636018,0.8260755342631866,0.900857371829802,-7.416092790727993,0.7345170875456034,0.9143146625744116
2012-10-15,7.702080330302179,7.173230804712924,0.6572533777017502,10.133500672941194,0.8758023303421932,False,31.8904100324693,31.3553422194284,0.8125697617382717,0.8988529685107933,-7.63348542130505,0.7153217559848999,0.8983952300472507
2012-10-18,7.7983172784484704,6.922807940607549,0.4731517304574511,10.086065311003985,0.8790926030537488,False,29.963042612147635,29.40073947712273,0.785416319235806,0.8972721392742299,-7.829691812480966,0.5550249804658622,0.8709256100807398
2012-10-23,15.281716671076882,14.24228398724079,0.6257123418158447,8.885179725628193,0.8846098247200828,False,28.788536536861976,28.188063037932174,0.7726400010422091,0.8962591541098981,-7.914130845532743,0.6748083287148091,0.8552362275714653
2012-10-26,10.432130462731978,9.615612572957206,0.6095894351935676,9.730359581847903,0.8695084233861993,False,27.32002405093158,26.70226700073418,0.7595959557743178,0.8941190956520022,-8.059429144437956,0.6548645952684506,0.8392064969872242
2012-11-02,11.079295431351488,10.333019423878854,0.6537607688818313,9.412502418638512,0.8626099837816703,False,26.020765761365173,25.39272719458576,0.7511291408229189,0.8915983667023757,-8.167675006374001,0.7596617161734678,0.8328429145221237
2012-11-07,27.8855840648866,27.160920981537,0.8282496738578916,7.709203892636595,0.8862507515206063,False,27.139656743478028,26.453643466756503,0.7974014606439026,0.8911705574878341,-7.892592338131557,0.8748270640921328,0.8580334042641291
2012-11-12,30.412251217885068,29.639923294128977,0.8346461303249955,7.864757578023345,0.8736243603578572,False,29.103213428122253,28.365411363179987,0.8197482624525583,0.889766861717436,-7.875891482066629,0.9217823426913666,0.8962827673204716
2012-11-15,36.41736701719015,35.45001972799124,0.8263581677715989,7.930467630302245,0.8674812807030466,False,33.49170558156299,32.61617638206674,0.8237142056439826,0.887984015236285,-7.88025757392548,0.8753557951771163,0.8946086095490032
2012-11-20,64.39966804166171,63.86012438214013,0.9394705856076272,6.74326670773086,0.8879231146415467,False,52.03648305762222,51.36254518211077,0.8931680336221695,0.887979143188706,-7.198063054208708,0.9773884328744268,0.9442765035442574
2012-11-26,65.06800075470217,64.76890862813113,0.9642199086885992,6.093873805621558,0.907016960363288,False,59.85539367587019,59.406363249722986,0.9357991586620272,0.8994018334934551,-6.535549505056418,0.9764255625883315,0.9635659389707019
2012-11-29,69.00035036442651,68.68115659380705,0.9628922304724552,5.531076621832269,0.918054848195958,False,65.34236768900399,64.97123925617342,0.952055001748284,0.910593642314957,-5.932865775121929,1.0,0.9854263755882807
2012-12-04,75.60857089326505,75.3519152494376,0.9724945679200908,5.532198477987782,0.91634233319112,False,71.50208961156062,71.19964485213193,0.964318741451368,0.9140428568406548,-5.692465396841441,0.9714443592494625,0.9843078142811753
2012-12-07,28.371634824370545,27.859840351788066,0.8830896237291911,7.69624702650958,0.8978472372350886,False,68.05165322858542,67.73246049210442,0.957820412033594,0.9127472072722096,-5.8527679272148925,0.9412626673496345,0.9808642025266521
2012-12-12,28.040657592560727,27.63607531034214,0.9031982301645216,7.66454107978622,0.895503262945743,False,64.85077357770345,64.52474967756345,0.9534506374840684,0.9113676917260924,-5.9977097794206,0.9960993737977937,0.990005305289337
2012-12-17,26.654918815308854,26.06574552144373,0.8607243496056967,8.189736242573813,0.9005871646921897,False,61.79510519671188,61.44802934507387,0.9460325344537984,0.91050524956338,-6.173071896472857,0.9241656438365727,0.9847381323731159
2012-12-20,22.30667067568706,21.681342225993145,0.8246972095336833,8.406118834604358,0.8695729255252168,False,58.6360304350299,58.26669437554741,0.9363257084601893,0.907230663640327,-6.351715651523377,0.8934953314697606,0.9774387083008476
2012-12-26,18.86572566062144,18.138820143563944,0.7784987087259976,8.85631878051028,0.86548046943193,False,55.45440605307723,55.05646443698874,0.923699548481454,0.9038906481036552,-6.55208390184233,0.8413241688319991,0.9665495451433397
2012-12-31,34.92268103603882,34.46870910633893,0.9051587493555544,6.910743310251695,0.8951614831692714,False,53.81186805171416,53.40944401053676,0.922216284551382,0.9031923149089046,-6.58077665451508,0.8729300985636828,0.9590599894169672
2013-01-04,40.60306849749308,40.46997228574124,0.9736332217321728,5.547726024226136,0.9070028995436702,False,52.75516408737647,52.37428627255312,0.9530664468598564,0.905478665689764,-5.960946276341714,1.0,0.9836239957667869
2013-01-09,44.23674750722278,44.11579561175972,0.9782780376047036,5.660748852382628,0.8948437067922168,False,52.073690760964176,51.71360701968965,0.9681934013067648,0.9046278689779604,-5.780827821966263,1.0,0.9934495983067148
2013-01-14,38.5658587670334,38.40952148319301,0.9677684487535292,5.614095981770957,0.8969758928837247,False,50.99306420144972,50.64928017676992,0.968159405102506,0.9040157108904217,-5.68078871784908,0.9394726030223133,0.9891314386839627
2013-01-17,32.53008271667104,32.241024554237065,0.933017746244068,6.261869442108774,0.894287375428009,False,49.51602568266743,49.176619726967296,0.9653480723938308,0.9032374440534284,-5.727275175789856,0.908474475004539,0.9826788815896088
2013-01-23,40.03788557464173,39.49200724656029,0.9074862874624048,7.495943178991855,0.895292592952957,False,48.757774474025375,48.40185072853474,0.9607191295993168,0.9026018559653908,-5.868768616046016,0.8277616619332129,0.9702855040170971
2013-01-28,24.283931483185125,23.740469677860265,0.8622337256553072,8.35147476794597,0.892103659557052,False,46.79986703475816,46.42894024448079,0.9528402972837962,0.9017620002527236,-6.067385108198012,0.8123074326644294,0.9576472583088838
2013-01-31,1.025422692056954,0.7207763225826899,0.2286811909864909,13.299912738146714,0.8421269633986861,False,43.13791148734206,42.77228713072894,0.8949075687800118,0.8969911973044007,-6.6459873185939085,0.32614052608759353,0.9071267197311806
2013-02-05,3.547308487493917,3.05028859420771,0.4774082110065115,11.63848972050651,0.8676142630981619,False,39.97066324735421,39.59452724780724,0.8615076201581318,0.8946410425679017,-7.045387510746917,0.616410465186454,0.8838694193676025
2013-02-08,3.1119771846715496,2.6104153124586977,0.433418479808619,11.986132003286,0.8560097050591663,False,37.0219683623396,36.63579829297936,0.8272604889301708,0.8915505355672029,-7.440647070150043,0.5336613624414636,0.8558527748135114
2013-02-13,3.120282541516838,2.65341215018447,0.4736320281557109,12.1888742081072,0.8406260666587263,False,34.30983349667378,33.91720740155577,0.7989702120682141,0.8874765780545248,-7.820505241186616,0.5966258074124076,0.8351146174214231
2013-02-19,6.897694359282292,6.232988572276251,0.5945606055105052,11.191203119532656,0.835656469464951,False,32.116862365682465,31.702469895213408,0.7826174435435974,0.883330969367359,-8.0901610714543,0.7802816388059833,0.830727979132188
2013-02-22,15.63646685310992,14.82153825920569,0.7365628222932806,9.77307539424925,0.8616206740155157,False,30.798430724676663,30.351995364332797,0.7789330738435721,0.8815941457392116,-8.224794217277896,0.8686722505473268,0.8534945419812713
2013-02-27,40.42984236829443,39.69497796870513,0.8803299317410933,7.661905237743039,0.8888585270319761,False,36.577277710847326,35.957784926956194,0.8397711885820849,0.8859527745148703,-7.887060829556981,0.8904787217785937,0.8756850498596647
2013-03-04,38.57789990367786,37.91031149423766,0.884078251347207,7.515004970116251,0.893194918632985,False,37.77765102654565,37.12930086732507,0.8663554262411581,0.8902980609857392,-7.663827313892543,0.9598854940631996,0.9262053163817856
2013-03-07,28.09622129258614,27.51993419152835,0.8725093357769887,8.267602160813302,0.8824328331891063,False,37.00313664782889,36.36055153326134,0.8700477719626565,0.8896688427620085,-7.712129301646205,0.9520818556059221,0.9417312399162675
2013-03-12,25.81439940564824,25.17802142380238,0.8509649369863653,8.379144642810884,0.8718948393656936,False,36.10803766845444,35.465949124504625,0.8685211451645531,0.8882469224903033,-7.76549052893938,0.9233315171227674,0.9402592620927875
2013-03-15,30.38530885821034,29.529384180887487,0.8167295507048128,8.044081365742434,0.8868406934928701,False,35.65021936363491,34.991023929015256,0.864377817607774,0.8881344241705087,-7.787777795883624,0.8140858191707974,0.9301653866590284
2013-03-20,28.191101266000008,27.35433451679211,0.8109354238717561,8.308174291997556,0.8868605589292037,False,35.05348991582412,34.380088776037404,0.8601024261088925,0.8880325149512043,-7.829409515572739,0.8263769507591672,0.9218623117870395
2013-03-25,12.394929097355345,11.440855048271455,0.6050499294894736,9.833487724060827,0.8757647742000243,False,33.24080505034662,32.544950077816125,0.839698226379339,0.88705109569111,-7.989735772251786,0.6875812675793694,0.9031198282504259
2013-03-28,6.934597404410472,6.049881210271,0.4498190827582468,10.602443077344834,0.8715340022369398,False,31.136308438671733,30.42534456841252,0.8085078948896517,0.8858097282147764,-8.19875235665923,0.5270798632265192,0.8730366310485134
2013-04-03,7.390524809082377,6.583936458810351,0.4748797196008968,10.079674086570824,0.8803281507465756,False,29.236645748304586,28.518031919644347,0.7818176408665514,0.8853712020173204,-8.34922609505216,0.476438466917172,0.8413087779180061
2013-04-08,8.984194158869347,8.15953687007045,0.5559076257080557,10.031770607133891,0.8730645067570619,False,27.61644962114977,26.88935231567844,0.7637448396538717,0.8843866663964999,-8.483829656018699,0.5661777480515238,0.8192982955286875
2013-04-11,9.26784044024548,8.614839310614126,0.6418944421381771,9.986938287050192,0.8628305248442222,False,26.148560886677423,25.42739127527329,0.7539968078526162,0.8826621750723177,-8.604078346501218,0.7680189526317313,0.8151959480969311
2013-04-16,17.217322719555373,17.04280151264578,0.9304533178723876,8.020655427779484,0.8785120157497532,False,25.434061833307663,24.75662409426309,0.859870713864479,0.8823301623265126,-8.254024595268177,0.9412097925284094,0.8908042547558181
2013-04-19,21.75915985745611,21.279101118366,0.8562866328551451,8.352169664800856,0.8721630915330542,False,25.14006967523954,24.478422256191323,0.8595839873837323,0.881516796663036,-8.261876200830791,0.9456318460085639,0.9237008095074656
2013-04-24,17.086395676087026,16.41571916160498,0.7526756694424052,8.577747155235896,0.8785743090554357,False,24.495775755307346,23.83340600862441,0.8510313219484262,0.8812813976544279,-8.2871458771832,0.8365988693944324,0.916732654298423
2013-04-29,14.531933264050382,13.893578673284408,0.7391279201189375,8.962476776598573,0.8665844537624556,False,23.698668356006785,23.038219821797217,0.8420790498020672,0.8801056421430702,-8.34117234913643,0.832642536325287,0.9100054448605721
2013-05-02,14.97367540821431,14.307113132941128,0.7390587096755468,9.07901062038907,0.8640740747341087,False,23.00066892018339,22.33973128668873,0.8338374225919456,0.8788231167503533,-8.400199410836642,0.8495485578115799,0.9051688938966528
2013-05-07,13.272866307867456,12.614623183265294,0.7147699068094425,9.296441112899068,0.8578666629101389,False,22.222444711198115,21.561722638414857,0.8243120213293454,0.8771466004431362,-8.471898747001635,0.7395400332570298,0.891918585045483
2013-05-10,10.69308434752142,10.073989257699695,0.684107067432654,9.502567095611395,0.852840273069248,False,21.30009588210398,20.642703967957647,0.8130956250176102,0.8752020942532251,-8.554352214890416,0.7171080547942755,0.8779337426253865
2013-05-15,2.377366772642448,1.9052937580097271,0.3061002067020445,11.64455109984353,0.8251460423826985,False,19.786277553347063,19.143711151161817,0.7725359915523651,0.8711976101035831,-8.801568125686666,0.35997937553891896,0.8364973932584691
2013-05-20,5.144084014373311,4.445615520320975,0.4549629121750247,11.11782573488444,0.8366760739186228,False,18.614902070229164,17.96786350069455,0.7471301452021779,0.8684358872087863,-8.986868734422488,0.5100486899539138,0.8103814969941047
2013-05-23,9.577644951105476,8.794857703415952,0.6349666576637324,10.460709279316996,0.8616067878783357,False,17.891921500699272,17.234023036912262,0.7381570661991023,0.8678895592623502,-9.104775978014048,0.7199889358768562,0.8031500921047248
2013-05-29,10.729326794531158,10.002027882037464,0.6696951597376998,10.016667169717952,0.8641579401590805,False,17.318913924205823,16.655463424522278,0.7326801136821901,0.8675910297340887,-9.177727273350362,0.8674033776720239,0.8417020634451042
2013-06-03,11.127614009917645,10.727215796459868,0.7937171624746158,9.361747920359848,0.871909635028449,True,16.82360993106277,16.181203614277287,0.7693023429576455,0.8701821929107049,-9.19244892511112,0.8533975388844737,0.8487193487087259
2013-06-06,16.681280157490804,16.362966324153163,0.8783559090934255,8.374398596408016,0.879372141980459,True,16.812223549177013,16.290261240202813,0.8347344826391135,0.8756961623525574,-8.701618727889258,0.941495593961844,0.9043850958605968
2013-06-11,25.656610764094665,25.354106880094157,0.915632043581006,7.57237535530676,0.8876935226888427,True,22.118855878127604,21.72856862413762,0.883273019204249,0.8828945785543286,-8.02407270433976,0.9542082442841248,0.9342789849147135
2013-06-14,23.954509363458765,23.796855248021647,0.9502578637554724,6.902814027006058,0.8914570843535953,True,23.2202479693263,22.96954059846804,0.923463925934983,0.8880320820338885,-7.351317497939538,0.9659279006952448,0.9532683343830324
2013-06-19,29.38666192488697,29.322523901174986,0.9832822338667,6.1463372874596525,0.9042161427513296,True,26.920096342662703,26.78133058009221,0.9593549106940132,0.8977425184643532,-6.628329371651606,1.0,0.981307333753213
2013-06-24,52.54548042287955,52.41492355074421,0.9790524215984068,5.249731893553581,0.9151425742272304,True,42.295326790792814,42.161486362483416,0.9711734172366494,0.9081825519220796,-5.801170884792791,1.0,0.9925229335012852
2013-06-27,60.26288963198493,60.17927321491736,0.9879892002539296,4.736283069682796,0.9220980110418544,True,53.075864495508085,52.97215847394378,0.9812628870470176,0.9165318273939448,-5.162238195726793,1.0,0.9970091734005141
2013-07-02,54.2467447157778,54.083686973038574,0.9746446393619947,5.120487663099164,0.9134918444362884,True,53.77839262766992,53.63907557340065,0.9807334272322156,0.9162886287573322,-5.137187876150216,1.0,0.9988036693602056
2013-07-08,59.3969003859896,59.22887817161923,0.9764337252605628,5.436058520257747,0.909102488796781,True,57.14949728266173,56.9929571323318,0.9803894510744836,0.915713737560488,-5.161097527678819,1.0,0.9995214677440822
2013-07-11,57.21690844254926,57.06588099775912,0.9784459201231238,5.509440744096722,0.9109769134101836,True,57.18994397859425,57.03671145158819,0.9802339685983747,0.9153347916284638,-5.188964984992252,1.0,0.9998085870976329
2013-07-16,36.57712644003545,36.3678571593287,0.9564742110187464,6.565665987806929,0.8950588012697775,True,55.54091857550955,55.38320310820743,0.9783331879920044,0.9137127123997688,-5.299101065217426,0.9415244737800053,0.9951458580322228
2013-07-19,8.484368056119566,7.698910595996185,0.5727539037565702,10.586839709258712,0.8607630407922823,True,51.77639453395836,51.56845970723054,0.9458868452531696,0.90947673867117,-5.722120156740729,0.6226597618369996,0.965346970336605
2013-07-24,3.770841399459832,3.283067647317276,0.4866341675702755,11.473470549925503,0.8314942892774582,True,47.93595028319848,47.705628342437485,0.9091466310385382,0.9032381427196732,-6.182228188195511,0.5769179334662417,0.934272647386976
2013-07-29,3.152827100846441,2.602495600764632,0.3561577909459234,11.58103498274599,0.8436606014594458,True,44.35330042861032,44.097377723103655,0.8649075238311291,0.898471939418855,-6.6141327317595495,0.43566877527793074,0.8943843376182524
2013-08-01,4.979906384900972,4.311249138450063,0.4367328339283624,10.910412605724389,0.8519701243935475,True,41.203428905113576,40.91448743633137,0.8306535486389077,0.8947517942168304,-6.9578351216767365,0.4556924109224938,0.8592889834825918
2013-08-06,3.4908988646203194,2.7992309786618,0.2630097343446778,11.124031603117496,0.8547505429904125,True,38.18642650187412,37.86526691971781,0.7852420434953694,0.8915516941187169,-7.291130840191997,0.18706523274726858,0.805511083423766
2013-08-09,4.219601362146507,3.445690264813813,0.3021466374905519,11.192736587755563,0.8646601792618622,True,35.46908049069591,35.11170078732549,0.746594411014984,0.8894003729301686,-7.603259299997083,0.27191158212928984,0.762823123320208
2013-08-14,5.2270319338251605,4.4460242734748645,0.3752886105303828,10.56400782480492,0.8777034051259925,True,33.049716606146255,32.65844666621744,0.716889946976216,0.8884646155058346,-7.84011918198171,0.2827466550466205,0.7244170058583209
2013-08-19,12.365024837955348,11.653402765523252,0.7136790659999815,9.87164587247595,0.8596543101299998,True,31.394941264690985,30.97804315416191,0.7166330764981172,0.8861597910757678,-8.002641317221249,0.8409350125216055,0.7943278098562916
2013-08-22,16.67608835114957,16.07906155426449,0.7958232940965002,9.148752288063758,0.8863662641243879,True,30.217433031607676,29.78612462617012,0.764147207057147,0.8862836749049399,-8.09433019488865,0.8658974186488408,0.8372695751318212
2013-08-27,22.52919148408246,22.13282076834973,0.8858897938584621,8.292531114087282,0.893193302783238,True,29.602373707805658,29.173860317544488,0.837192759137936,0.8904294516319188,-8.110186268424542,0.9059149738185366,0.8784568143438505
2013-08-30,15.613652298761414,15.02857412752162,0.7918642525131442,8.993192705664683,0.8873699495300396,True,28.48327599508212,28.04223742234266,0.8335664786079527,0.8901846914637684,-8.180826783403754,0.8846020647508069,0.8821439645880242
2013-09-05,17.55790281195718,17.094004349938444,0.8438631482515133,8.403812461665604,0.8983348924224333,False,27.609246140432127,27.16637877655032,0.8397444803940891,0.8950748120389673,-8.198665637664702,0.906502664766935,0.8967591846953706
2013-09-10,24.789467863028356,24.498782830764284,0.9233799326234564,7.405201343369661,0.9134231483300046,False,27.383663878239823,26.95297110088744,0.8899257517317096,0.9060838138135896,-7.722587061087677,0.9941165315105415,0.9551735927844731
2013-09-13,17.770541183143255,17.26800727136025,0.8317285824417788,8.287058372160923,0.9003263635823745,False,26.6146140626321,26.178173994525263,0.8852699781885153,0.9056232177950924,-7.7677447659735375,0.9130054012698957,0.9518001374633069
2013-09-18,20.471817076879297,19.874776351660422,0.8224913907696009,8.109665633697736,0.893539668770938,False,26.12319030377188,25.673902183096075,0.8802476911950021,0.9046565338731604,-7.795098435391473,0.8082529310365912,0.9403163609491698
2013-09-23,19.28098970660953,18.901286898264424,0.8759104789940121,8.085946829724131,0.8708082943856651,False,25.57581425599889,25.132092960309546,0.8799007142189229,0.9019486747141606,-7.818366306938087,0.9442814601999066,0.9426954204996119
2013-09-26,7.89792703098964,7.453495773126225,0.7080745422173529,9.907083227464671,0.843271078808148,False,24.16158327799815,23.71780518533488,0.8661546204587973,0.8972544670416797,-7.985463660580214,0.898282433279305,0.9391423815219873
2013-10-01,12.869491048473556,12.501134578553886,0.8371808351005622,9.412052371607285,0.8322516135618836,False,23.258215899636184,22.8204715367924,0.8638367176301386,0.892054238763296,-8.09959075746238,0.9639045568769462,0.9539996867349626
2013-10-04,12.926892529744906,12.633756819601125,0.8641620710216112,8.955523624823028,0.8443684919248923,False,22.431710030044883,22.00553435941709,0.8640319296650222,0.8882393790162237,-8.168065386851232,0.9203069886323578,0.9513042708867543
2013-10-09,9.662923603460287,9.331306779626496,0.7996097960660296,9.557846585709076,0.8406441056850483,False,21.41020711591812,20.991596153033846,0.8588781589771028,0.8844317571497298,-8.27924788275986,0.7921426945017189,0.9385713447759515
2013-10-14,36.8919360600314,36.64418454808841,0.9480221133265216,6.952927807319325,0.8746936531631082,False,30.699244482386085,30.383149190066582,0.912364531586754,0.8836527088308,-7.483455837495539,1.0,0.9754285379103806
2013-10-17,50.290030823288525,49.88475547828544,0.9400610676971024,6.811501519453719,0.8954974918328735,False,42.45371628692755,42.0841129629979,0.9289824532529632,0.8907595786320441,-7.080283246670447,1.0,0.9901714151641523
2013-10-22,47.253181122740976,46.96937827869522,0.9562603101414549,6.9912181022539865,0.8942689167047296,False,45.33339518841561,45.01527215241629,0.945349167386058,0.8928651814756554,-7.026844160020572,1.0,0.996068566065661
2013-10-25,50.705750496398,49.99583351026697,0.9020639125322067,7.143161310342177,0.8913549618987223,False,48.55680837320504,48.003608967126695,0.94188634699775,0.8927443639095008,-7.0361495320463,0.8777128389976968,0.9866001079002238
2013-10-30,28.22819341861837,27.783335757530487,0.8947956685005799,7.435604893283928,0.8788417725188168,False,46.93051917683811,46.385987110359,0.9381190927179764,0.8916321565982461,-7.068105960945311,0.9244940651722608,0.9816316244819868
2013-11-04,19.493967688925363,18.915358878583827,0.8271291773843243,8.673738514973707,0.8631062301089948,False,44.73559505780509,44.188336851816985,0.9292398994912844,0.8893500824791061,-7.196556565267583,0.9121093080020974,0.9760698391635957
2013-11-07,8.24208182253027,7.732431799546982,0.6996624049725594,10.448590831932538,0.8337210343659281,False,41.81611399898311,41.27186444763539,0.9108736999297864,0.8848997586300519,-7.45671930660078,0.7736565221898348,0.9598767738056948
2013-11-12,9.80753019589438,9.18206034813358,0.6911566386487832,10.342337229559488,0.8393024934007274,False,39.25542729473601,38.704680119675245,0.8932963350273061,0.8812519774117059,-7.687568740437476,0.6825857635175185,0.9376934929826407
2013-11-15,8.29564988558978,7.601654600547286,0.6206031308319321,10.563945860098835,0.8464835235886887,False,36.77864510200432,36.21643807814501,0.8714808786916761,0.8784705011058646,-7.917678910010386,0.7726561456849144,0.9244905051988227
2013-11-20,7.085619423351707,6.5622653269240745,0.6665915890777249,10.674896935380518,0.8505106766768123,False,34.40320304771211,33.84410425804734,0.8550897355225601,0.8762337151515404,-8.138256352039996,0.8959863483492183,0.9222101726508545
2013-11-25,10.63352586140485,10.12474892121,0.7503992537145696,9.96909696643434,0.866495474520143,False,32.50162887280754,31.94655583110035,0.8467144969779208,0.8754546559010287,-8.284723601191542,0.8981795985532773,0.9202877267230483
2013-11-29,10.44917319349855,9.776448229784506,0.6958749719550403,10.317413781322896,0.8742971040104573,False,30.737432418462816,30.172947222995084,0.8346473349760904,0.875362051749783,-8.447338815602052,0.8127353001888455,0.9116835326003121
2013-12-04,11.259497869489246,10.629061243114108,0.7116527669700178,9.960967941084574,0.8760753198181258,False,29.17919765454493,28.609436344604607,0.8248077695356048,0.8757900125907887,-8.568429145640653,0.7905690519038671,0.9019943741445965
2013-12-09,6.832773845343545,6.426555965287936,0.7210442866214645,10.750396006758738,0.8608252684141774,False,27.39148374980882,26.834805914259277,0.8165066909024735,0.8745928330566599,-8.7429864945301,0.8515202288506635,0.8979564425210819
2013-12-12,11.52821287310649,11.08260596516836,0.7994216923359555,9.867079460891736,0.8586946647141876,False,26.122422079672635,25.574629918332,0.8151398910171521,0.8733209795892622,-8.832913931839032,0.9414836110659196,0.9240727436479845
2013-12-17,12.647869536332616,12.198747847640142,0.8084493000909804,9.469018372041289,0.840790627615968,False,25.044457876205435,24.50455935267665,0.8146046437430584,0.8707185514313988,-8.883802287055213,0.9581678794248074,0.9445298251140782
2013-12-20,33.40360225614435,32.9443821469536,0.9095611869330544,7.689058901052665,0.8615342760955683,False,30.059944504168783,29.56845302924282,0.8715785696570559,0.8699838094045323,-8.166956255453684,0.967452113015535,0.9582831978549523
2013-12-26,36.6752831702301,36.32640949454598,0.933156766611705,6.98580887073459,0.8813006304030382,False,34.02914770380558,33.62322690842471,0.9085254878298454,0.8767739020036358,-7.458267824622228,0.9756236491546719,0.9686874686347842
2013-12-31,33.92640562586757,33.629871394386825,0.9384000250460748,6.898188419988169,0.8770954067607367,False,34.02092833757054,33.62721360000198,0.9264502101595832,0.8769668048578964,-7.122220181841792,0.9900059169569932,0.9814785376281097
2014-01-06,25.855028218716225,25.630757028724396,0.9387517736433744,7.161924783140761,0.8719099309301855,False,33.3676563280622,32.987497074299775,0.9338311482498578,0.8765622549436796,-7.12539654994571,0.9913065407407208,0.9873753394956764
2014-01-09,18.44444976951708,18.08782185889637,0.8751411233471125,8.073977758823048,0.8674744941115323,False,32.173799803378586,31.795523057067506,0.9291359462576384,0.8758352340771078,-7.201283046655897,0.9555987531943736,0.9848332125915722
2014-01-14,17.96771481348942,17.571153629665755,0.8584731137215086,8.246732360228524,0.8700007089671189,False,31.037313004187453,30.65757350287536,0.923482919654748,0.8753684720683088,-7.284918991741708,0.9251956016851823,0.9800622037190609
2014-01-17,7.020968923621043,6.443173412381862,0.6175691059142838,10.389865222900571,0.8493604274982404,False,29.116005477742146,28.720421495635883,0.8990098145555109,0.8732878285027034,-7.533314690234417,0.7857347055242759,0.9645160038634781
2014-01-23,8.811063966403896,8.153169772012053,0.634841803141748,10.006141778356897,0.85164079363263,False,27.491610156835083,27.075041357745977,0.8778763736424099,0.8715560657130975,-7.731140857284215,0.7630100198987649,0.9483955251463011
2014-01-28,11.270896064298965,10.890140221380722,0.8148339976857455,9.600856388627657,0.8490978079632894,False,26.193953029432198,25.78024926683676,0.8728329835658768,0.8697594050931129,-7.88071809979169,0.9314286422056905,0.9470381745110523
2014-01-31,14.608098309171108,14.15558995551919,0.826723376382107,9.484625551562074,0.8352263489299175,False,25.26708465181131,24.85027652193136,0.8691442149911753,0.8669967606000573,-8.00903069593332,0.9444659225094125,0.9468323943509211
2014-02-05,21.78450895614428,21.373518427349023,0.880968580093157,8.331560855703332,0.8514947107199443,False,24.988478596157947,24.57213587436477,0.8762388340523644,0.8657565966096482,-8.034833108714922,0.952884986151919,0.9504639494315199
2014-02-10,30.134015349911465,29.79419544762976,0.9219702451031012,7.3098236887350785,0.8616336670396646,False,28.07580064841006,27.705371618323767,0.9036776806828064,0.8654267622440496,-7.599827456727016,0.9795845292602187,0.9679362973287391
2014-02-13,32.44006389456911,32.15802908718103,0.936902768644155,6.995102975812015,0.8667241273287309,False,30.694358596105488,30.376966099638125,0.9236127334596156,0.8662051812948584,-7.236992768178016,0.9573088689841839,0.9670861030611747
2014-02-19,39.02231668534377,38.82872607745532,0.96178608133079,6.34829052236964,0.8723239720336801,True,35.691133449648454,35.44802208632844,0.9465167421823204,0.8698764557381514,-6.703771420692991,0.9947261752473379,0.9836701463728725
2014-02-24,28.726550201635515,28.49295986760643,0.9415514973727462,7.000860300884848,0.8730346365227494,True,35.133966789807424,34.89161710883068,0.9461195225975544,0.8717713642089102,-6.72753853110834,0.9938096367537502,0.9897538406013991
2014-02-27,58.61989317993013,58.219727905630606,0.9501261991059692,6.775411975047775,0.877404134861862,True,49.22552262388105,48.88848358691064,0.9485235285026034,0.8751510266006813,-6.731368406623496,1.0,0.9959015362405597
2014-03-04,29.0614968113889,28.73460001525204,0.9226682381625608,7.74251258705628,0.8618969675208955,True,47.61240055888168,47.27617290117795,0.9464551052754,0.8740907018742985,-6.812259941058119,0.9124535785818276,0.9892256996278611
2014-03-07,21.57973009229787,21.229260883159103,0.8954135344978335,8.247355493412547,0.8626308675786307,True,45.52978692155497,45.192419939736446,0.9423717796131948,0.873173915130645,-6.927067585246473,0.9071580197569086,0.9826602852381849
2014-03-12,12.47145227593452,12.080863885952004,0.8224381040441976,9.30364295414746,0.8542273276908985,True,42.88512014990534,42.54349545543369,0.932777085567675,0.8716581881354654,-7.117193614758552,0.8277052813031217,0.9702638849233799
2014-03-17,28.728273014104147,28.29058475654572,0.8995573645787295,7.511234754979876,0.8780127935597126,True,41.75257237904125,41.403262599522655,0.9301195078885592,0.8754709513900137,-7.148716905976259,0.9864612416540707,0.9799822989617943
2014-03-20,23.411732050428963,23.14535812698773,0.9215578060808464,7.720916452961164,0.8735932715051019,True,40.285305152752265,39.94263024171987,0.9294345717439424,0.8753207369992209,-7.194492869735051,0.9788338404671086,0.9798904222822195
2014-03-25,17.648149582034026,17.312203360042933,0.8792511005140967,8.366542302236738,0.8643011769763852,True,38.47433270709481,38.13219609118571,0.9254198940455548,0.8744391721973941,-7.288256824335186,0.9885927394435583,0.9851118125790228
2014-03-28,14.561986193972976,14.2312807051455,0.8598912664181926,8.50095306287131,0.8646903376735687,True,36.56134498604507,36.220122860302496,0.9201776038353658,0.873659265435488,-7.3852725234180765,0.970696338435121,0.9839585746475108
2014-04-02,9.39961443194512,8.828955148667182,0.6874725010679528,9.578876645072327,0.8459107300491423,True,34.388406541717075,34.02882944337167,0.9015611956139729,0.8714393826045803,-7.560760853150417,0.8461786024408012,0.9729361768709741
2014-04-07,13.583238746361287,13.159223087969774,0.8186868147384649,8.820256033259321,0.8648818678754239,True,32.723993118088615,32.35926093493952,0.8949312451439322,0.8709147814262478,-7.6615204675591295,0.9129998896757401,0.9681412738953554
2014-04-10,27.42106553874133,26.562373402644287,0.7913473394393029,7.833295579563588,0.8837897951783764,True,32.29975891174084,31.895509932355903,0.8866445326875618,0.8786397896775249,-7.675262476519487,0.7927928867462405,0.9541134029234263
2014-04-15,25.62779153632966,24.769940063075364,0.7905323834594146,8.269880603450673,0.8790148566045338,True,31.766001521707945,31.32546434281346,0.8789555607493101,0.8788648298337303,-7.722831926673982,0.8623431461970946,0.9467717823853198
2014-04-21,24.79575772055383,23.95969564306798,0.7952893576098963,8.43510508186952,0.8667119252203612,False,31.20838201761562,30.736202846833823,0.872262264498157,0.8778925974646608,-7.779813779089626,0.9419057690135303,0.9463825013155767
2014-04-24,22.620701506642277,21.72472784831135,0.7650170364594532,8.657875692542365,0.8706832253140012,False,30.521367576737752,30.015284846952024,0.8636826462550607,0.877315847692608,-7.850058732165845,0.8749786651508898,0.9406701944224017
2014-04-29,19.21428350535721,18.32340215947982,0.73015522132167,8.851961276336528,0.8685359139683595,False,29.61680085102731,29.079934231954248,0.8530004522603895,0.8766134529946681,-7.9302109356995,0.8662899153753477,0.9347197720986375
2014-05-02,16.905954509667446,16.076400239756012,0.7174962034897207,9.034467031559332,0.8623754715328082,False,28.59993314371852,28.03965151257839,0.842160112358736,0.8754744144777193,-8.018551423368287,0.7697690078070579,0.9215237109553113
2014-05-07,16.769382540793536,15.95882297224439,0.7202821330642628,8.973315878239797,0.8575915676103388,False,27.65348909548452,27.073185229351672,0.8324098740151782,0.8740437867283289,-8.094932579758009,0.7983794455151562,0.9116721697200989
2014-05-12,4.187830133717693,3.399855719995068,0.3011445084155255,11.036300583546192,0.8352834830954944,False,25.776236378543175,25.179318868603143,0.789908644767206,0.8709429624377022,-8.330242020061064,0.26988967356903476,0.8603295700280138
2014-05-15,5.204393439032796,4.430470839245257,0.3596242955514316,10.457853657809723,0.8572143583937923,False,24.13048894338235,23.519411026254517,0.7554858968299442,0.8698446741141894,-8.500450951080957,0.42338691426651737,0.8253741575670941
2014-05-20,7.968570069697272,7.040606178676046,0.4231550878631168,10.041285406119728,0.8603427717766937,False,22.837535433487545,22.201106638448238,0.728899432112598,0.8690845219271898,-8.623717707484058,0.4768557487402539,0.7974926848609469
2014-05-23,10.750349509175075,9.891754831860084,0.5367402223486186,9.560292944550532,0.8551579536443615,False,21.870560559542547,21.216358493921184,0.7135266953314796,0.8679703964645635,-8.698643726449376,0.5599730588588777,0.7784911147807814
2014-05-29,18.52158210863359,17.86872134818484,0.7996771279106477,9.277118592132576,0.8578696640175253,False,21.60264228346983,20.94854752226228,0.7652169548789804,0.8671623378688006,-8.744921715704033,0.9398444755145421,0.8753031312210378
2014-06-03,21.02543050618933,20.27359317532469,0.7854043927769141,8.77886744630348,0.8618309014397129,False,21.556465341287392,20.894551174507274,0.7773294176177407,0.8667358229544736,-8.747637374151989,0.8054820720073139,0.8697174464839399
2014-06-06,17.71134990156294,16.775015073064285,0.7184484956964273,9.401568263949166,0.8596033900041976,False,21.24885610610944,20.56498828639184,0.7726189438640356,0.8661652283184516,-8.799951845335762,0.8920064841014566,0.8830908690544499
2014-06-11,15.872434368690977,15.277631887535732,0.7914325454408115,9.421646439064652,0.8600796282234742,False,20.818742367115963,20.141999774483352,0.7839071048101012,0.8656783803108534,-8.849687412834074,0.8561056270763329,0.8809320496962005
2014-06-16,11.66847186988666,10.710788037441835,0.6258400631688202,10.49707423906442,0.8461305593394182,False,20.086720727337617,19.38750283552003,0.7712617414787987,0.8641145546331387,-8.981478358932502,0.7378624879095604,0.8694864847532694
2014-06-19,3.970942705982055,3.3481272380363865,0.422531171603115,11.616356068477003,0.8306867079848809,False,18.79745848562917,18.10435278772134,0.743363295888744,0.861440326901278,-9.192268575696062,0.527832758916181,0.8421541866863024
2014-06-24,4.107277322178368,3.664772975759485,0.5610196391321007,11.36778137052588,0.8172843433820758,False,17.622243992553113,16.94918640276439,0.7287758033482125,0.8579078482197419,-9.366309599282449,0.6490922977242732,0.8267092355693401
2014-06-27,3.902109095338802,3.424282312712096,0.514337906618144,11.305004422587135,0.8221339184439623,False,16.524633200775966,15.867194075560208,0.711620771609807,0.8550459338376796,-9.521405185146822,0.5401500463707712,0.8037845004334546
2014-07-02,5.112821436211378,4.613280125549852,0.5886765750327216,11.053541450026216,0.8278020035490798,False,15.6116882596108,14.96688095955938,0.7017852358836402,0.8528664194145916,-9.643976086337174,0.7231482796283524,0.7973336027690464
2014-07-08,5.895016632819011,5.436837568084001,0.6442927409143,10.65900386535814,0.8336609967591343,False,14.83435452946746,14.204477488241348,0.697185836286093,0.8513299856021551,-9.725178308658853,0.7799247246232384,0.7959408925173819
2014-07-11,5.349847826657979,4.895420558112606,0.6351093424932641,11.329125603193896,0.8254499643013283,False,14.075593993242702,13.45975293383105,0.6922197167826667,0.849259583898089,-9.853494092221656,0.775274593500244,0.7942875885960109
2014-07-16,2.8551413244616937,2.396683621162752,0.3718835896157881,11.196489910822644,0.847623993815792,False,13.177957779740222,12.574707388817586,0.6665928266093165,0.8491287366915052,-9.960933757709736,0.35280758029759446,0.7589691879321376
2014-07-21,8.879724369976124,8.239522904270293,0.6213476024661324,9.714113671846793,0.8609738830946597,False,12.834099106959094,12.227892630053804,0.6629732086778618,0.8562358245333979,-9.81284170619197,0.6641733589742342,0.7513855216155054
2014-07-24,4.2116008222717305,3.783137584723514,0.5253217488885159,10.715287700514736,0.845990775618289,False,12.144299244184104,11.55231222642738,0.6519610918947142,0.8554162206201892,-9.88503738573779,0.5307882375754425,0.7337377388923004
2014-07-29,4.596089872942332,4.070632632142401,0.4983797505529443,10.70601593989727,0.8457676991748714,False,11.540442494484765,10.953777858884582,0.6396745845873726,0.8546443389045637,-9.950715670070547,0.42168438452747503,0.7087734705431145
2014-08-01,10.94539463506328,10.422664562451995,0.7213529149471074,8.811866671217714,0.8684429555241998,False,11.492838665731044,10.911288795169977,0.6886815828032135,0.8629235088763454,-9.267406270758848,0.7875716636477618,0.7560523864059028
2014-08-06,14.132138110431884,13.607060358456584,0.7727680281539719,8.514682199410672,0.8722997765534061,False,13.076418332551548,12.528751733141942,0.7391334500136686,0.8685492694825818,-8.815771827949941,0.8257452970179135,0.7978681327731092
2014-08-11,23.53871025844384,22.946343703863597,0.8306641000938938,7.8349574584057695,0.8782145666410034,False,19.35379348808692,18.77930691557493,0.7940518400618037,0.8743484477776348,-8.227283206223438,0.8074062622823589,0.803591010478659
2014-08-14,41.573810509756974,41.24249173701515,0.9428144747268976,7.137172923902548,0.8688641933718773,False,32.68580370108896,32.257217808439066,0.8833094208608601,0.8739097074251743,-7.573217036830904,0.9797421325264002,0.9092816837073037
2014-08-19,45.46742764188441,45.200334639781246,0.9571035926598936,6.9882804500747175,0.870388927880357,False,40.35477806556623,40.02308790724437,0.9275859239402802,0.8736280450615889,-7.222255084777192,1.0,0.9637126734829214
2014-08-22,52.6700624892249,52.46592222379841,0.9705772434183568,6.429304666722206,0.8818430423471222,False,47.74394871976144,47.48878849717679,0.953380715627126,0.8785570434329089,-6.7464848339442,1.0,0.9854850693931686
2014-08-27,56.50017285420459,56.31130628226088,0.972483982557638,5.867146766691527,0.8914799284951024,False,52.99768320042733,52.78229916822724,0.9648426757854331,0.886310774470225,-6.218881993592596,0.9738191597615307,0.9845517966226377
2014-09-02,18.22815532588168,17.75812113969959,0.8448746024529705,8.714249843637656,0.8550239180239029,False,50.216120970463685,49.98036492594503,0.9552452299188364,0.8838078259545193,-6.418511421596201,0.9369874451901369,0.9807466485080376
2014-09-05,6.629619179158369,6.048757355154078,0.5947720538402808,10.824181904602678,0.831628125539938,False,46.72920082715926,46.46583632028176,0.926407375832552,0.8796334499213528,-6.77096506023672,0.794947759261486,0.9658827373683135
2014-09-10,6.12412965859761,5.556943507835252,0.5718981404465537,10.794394680187644,0.8292491334481938,False,43.48079513367433,43.19312489528604,0.8980466370016722,0.8756027046035002,-7.092839429832795,0.6347560218838001,0.9393926001295525
2014-09-15,5.232764197889735,4.716411126452968,0.5062456754593939,10.34785020247517,0.8467569257255547,False,40.420952658811565,40.11498779377939,0.8667025600782899,0.8732950422932646,-7.353240291644186,0.5793431789089706,0.9105886464319061
2014-09-18,6.410150027581828,5.627350322343319,0.4033408639492975,10.242011375389923,0.8535618867475928,False,37.70008844831319,37.35597679606451,0.8296336243879706,0.871716389849611,-7.584341978343845,0.4024811221932661,0.8699400444928148
2014-09-23,7.14294652372021,6.457219412235836,0.4624489496357704,9.51420266312511,0.8596761527964866,False,35.25551709434575,34.88407620535822,0.8002588504077947,0.870753170885361,-7.738730833126347,0.4822657065883978,0.8389260974604614
2014-09-26,32.36346592684536,32.028913825893845,0.915809493995014,7.000807273120508,0.9049831483045964,False,35.02415300094572,34.65566321500107,0.8695892365601261,0.8912911573369023,-7.295976697122844,0.9609089918703468,0.9121158341063926
2014-10-01,34.80338036626407,34.58825321194628,0.9484202744858626,6.519385160662862,0.8985917865482477,False,35.00649119017118,34.65027041475669,0.916887859315568,0.8956715348637097,-6.830021775246856,0.9764362165844961,0.9507080635932548
2014-10-06,38.498505059632826,38.343893487665,0.9669132343029968,5.9711906697981565,0.9072477687312844,False,37.10169951184817,36.86644425850167,0.9469030843080252,0.9026172751842544,-6.314723111977637,1.0,0.980283225437302
2014-10-09,123.27179622320894,123.23191122833391,0.9968585432041543,3.89868731772314,0.9395011802420644,False,88.80375753866463,88.68572444040103,0.9768763596457029,0.9247476182189404,-4.865101635424939,1.0,0.9921132901749208
2014-10-14,58.3375830633661,58.23141718449976,0.9836086817813318,4.544357890029177,0.932626514323118,False,86.36646358064075,86.24937985992894,0.98091575292708,0.929474955881447,-4.672655388187482,0.9874302042492071,0.9917386433008637
2014-10-17,51.58736364087222,51.31931110420821,0.9537341172561484,5.114813907082076,0.9297042846347998,False,83.58413558545928,83.45497435947128,0.9787412220734056,0.9296125531334588,-4.70802806969905,0.9521654342699188,0.9885727865783882
2014-10-22,59.20984489167807,58.779863700120906,0.9379797841555708,5.238840616155364,0.9206379723391594,False,81.63419232995679,81.48096550672325,0.9754803070399788,0.9288945866699148,-4.750493073415555,0.9361501171478509,0.9843789730239453
2014-10-27,53.81249351700118,53.36213233519759,0.930933571830024,5.602610367490989,0.9121417115523648,False,79.40845642492035,79.2314588530012,0.9719165682231824,0.9275543566605108,-4.81866245694159,0.9572583288466548,0.9822093214897621
2014-10-30,46.1806844689234,45.79751333584825,0.9333734953567296,5.851911401029505,0.9021224275423184,False,76.75023466844058,76.55674321162897,0.9688331223938664,0.9255198023310556,-4.901322372468624,0.9860046392462939,0.9844865121436812
2014-11-04,34.75325173154059,34.41672596754255,0.9254737176740836,6.415753653222708,0.8958890299966354,False,73.39047603348858,73.18554183210205,0.9653643700162838,0.923149340544302,-5.022476874928951,0.9771446354074779,0.983899162004785
2014-11-07,16.568296469978065,16.172162729253657,0.84685237280961,8.160744079496672,0.8710688059443163,False,68.84470166840774,68.62447150387418,0.95588341023975,0.918982897776303,-5.273538251294369,0.9161482543138072,0.9784790893895068
2014-11-12,19.152233690713445,18.13747437482623,0.6749251651303018,8.701264003725024,0.8711516461603882,False,64.8693042301922,64.58551173355035,0.9334067506309942,0.91515639764703,-5.547756311488822,0.6428934854844097,0.9516322410770991
2014-11-17,23.85829254256552,23.088439487134945,0.8092469457153771,8.52380787377562,0.8723065717375317,False,61.58842329518207,61.26574595383712,0.9234739662377448,0.91172841157427,-5.785840436471767,0.8893936430762263,0.9466531532370294
2014-11-20,5.30645305276378,4.574683634410267,0.4494607729388975,11.443638666554858,0.8423149717324722,False,57.08586567578861,56.730460968282976,0.8855529107738371,0.9061753363869264,-6.238464294878414,0.457914524776461,0.9075540629601839
2014-11-25,1.0699367429326347,0.7861268302875198,0.2528834647628263,13.233089764850652,0.8126375446904249,False,52.60459136116014,52.25491423724334,0.8349393550929564,0.8986923130512062,-6.798034332476194,0.44319998115137565,0.8704057364154792
2014-12-01,1.2830760726212131,0.91263094206056,0.1261282861458199,12.27586266862452,0.8626575811946826,False,48.498870138077024,48.14753157362872,0.7782344695771855,0.8958095345026844,-7.23626059936806,0.07640921677719968,0.8068860148444169
2014-12-04,1.903273280762384,1.4248671167767415,0.1395317892821566,11.551564029358133,0.8539805500883436,False,44.771222389491854,44.40971841708057,0.7271382551535831,0.8924632157495371,-7.581484873767265,0.08159060244492931,0.7488623818524579
2014-12-09,1.1592742478046567,0.8625616537325963,0.1313974789699931,11.62893864026582,0.8616840464776665,False,41.28226653815688,40.925945876012726,0.6794789930588959,0.8900008822077875,-7.90528117508715,0.08600881679032275,0.6958340966474871
2014-12-12,12.222223733705787,11.555799534592758,0.6644431655454497,8.871753352648614,0.8810765707056376,False,38.95746311380079,38.57633416869913,0.6782761268578202,0.8892869372876155,-7.9825989492920675,0.7429149494997502,0.724082608358845
2014-12-17,23.215478151862083,22.78562226291149,0.8663679003257223,7.779255164512014,0.8901095405046261,False,37.69810431684569,37.31307721623612,0.7911311909385614,0.8897804992178219,-7.860592678424036,0.873506639051466,0.8137370267744176
2014-12-22,52.23675100081468,51.82565372606002,0.9327263563038012,6.045115740233687,0.9124082923370688,False,46.42129232722708,46.02062312213046,0.8760882901577053,0.90335717508937,-6.771306515509826,0.9493032958572118,0.8950767882240941
2014-12-26,60.3605151531347,59.87834315674453,0.9309683954943648,5.820463544966607,0.9161651601170968,False,54.78482602277165,54.3352551428989,0.9090163533597012,0.911041966106006,-6.200800733183895,0.9490549703432396,0.9274636974955814
2014-12-31,65.17361418136966,65.17361418136966,1.0,5.163049061718107,0.9179218461647484,False,61.01809891793046,60.83827056598136,0.9636065413438804,0.9151698941412514,-5.578149730304423,1.0,0.9709854789982326
2015-01-06,57.63408344810853,57.57331101329975,0.990471785777119,4.759892860274435,0.9294366705597764,False,60.74737768034471,60.57707380176683,0.9797256880038236,0.9237299599923664,-5.087195608286431,1.0,0.9883941915992931
2015-01-09,79.9175143937765,79.9175143937765,1.0,4.260997235246648,0.929606543108196,False,72.24945970840378,72.18133815697263,0.9918902752015294,0.9272559098618642,-4.591476584462561,1.0,0.9953576766397172
2015-01-14,62.71737960410677,62.68436469844071,0.9950262091506512,4.530052931421062,0.931069921921788,False,71.48689330006002,71.42158028029007,0.9937718355710026,0.9295443170978184,-4.554622392637661,1.0,0.9981430706558869
2015-01-20,40.27223945484767,40.02663789628914,0.9515325917966382,6.1017349624192265,0.9060545961375506,False,68.98972099244303,68.90998488957,0.9903926960690534,0.9276651394209972,-4.678391398220186,1.0,0.9992572282623547
2015-01-23,59.16235902875068,58.87100801697103,0.9605482514807973,6.0477289207216405,0.9166140446908916,False,68.20353203534764,68.10686673976208,0.988005140501993,0.9267810518425889,-4.787938400020303,0.9233757980514243,0.9931867138454804
2015-01-28,44.556975123145385,44.28306195353359,0.9545428153800471,6.481634429950751,0.9095981249869368,False,66.31180748237146,66.20096235686381,0.9853281544922372,0.9254064176941366,-4.923434082414739,0.9241996872190483,0.9876677517153659
2015-02-02,62.359385002372925,62.2096839342351,0.9812348597194068,5.854324504744149,0.9129429924254374,False,65.99561368397158,65.88166008305352,0.985000690910411,0.9244093436726408,-4.997905316201092,1.0,0.9950671006861463
2015-02-05,66.2486792028974,65.89587904753489,0.9579436668529197,5.864661117231602,0.91002332465152,False,66.14745299532707,65.89019146174235,0.9828361289858116,0.9232584621509512,-5.067245780283534,1.0,0.9980268402744585
2015-02-10,47.30261331718987,46.72213718794682,0.9070201547097968,6.367744494312974,0.9099428659872691,False,64.6398658210761,64.35674711983872,0.9767708510437304,0.9221932144578564,-5.171285677405889,0.9458608340458472,0.9938535597761697
2015-02-13,38.62401975993992,38.080255540232834,0.8927297797788012,6.678267802419775,0.8985849490816629,False,62.5585981361852,62.25462779347025,0.9700475653425362,0.9203045532277612,-5.291844247407,0.8586156573822279,0.9830345275846545
2015-02-19,45.22909444376483,44.59031068247542,0.8900486857800226,6.551700992418187,0.9008248517138242,False,61.17223784079158,60.841482424590666,0.9636476549775352,0.9187461771066462,-5.392632787007895,0.8049385489979483,0.968786849297718
2015-02-24,45.26139342878505,44.74612886641888,0.9046701522736392,6.205981353186068,0.90234717776497,False,59.89937028783106,59.55385413993693,0.9589294547612236,0.917434257159312,-5.457700672302149,0.8828208956197303,0.961909573003479
2015-02-27,27.777846845229217,27.18192769795521,0.8552590362128769,7.60053820165983,0.8850025352059526,False,57.32964841242291,56.96410002457839,0.950635821277356,0.9148397194030434,-5.629127674650764,0.9157035945939944,0.9582130947307202
2015-03-04,8.225330437705683,7.325217227120163,0.5008962074060908,10.260501556370016,0.8555106644779674,False,53.401302974445535,52.99298940078174,0.9146566521676548,0.9100933950090372,-5.999637585188305,0.510035749143352,0.9223589070837308
2015-03-09,9.774315145859411,9.080254556791331,0.6054737938099666,9.401547930613413,0.8599484145502545,False,49.91114394815865,49.47997061326251,0.8899220234990398,0.9060817965723348,-6.271790412822313,0.652631461959956,0.9007807114738289
2015-03-12,27.91179673809764,26.998973526321976,0.776381243656573,7.589578420511163,0.8857489202541114,False,48.151196171353774,47.68149084630727,0.8808387611116426,0.9044551664668768,-6.377213453437422,0.8241392369070764,0.8946493935084887
2015-03-17,37.043598435608864,36.20718909147182,0.8405498372111063,7.085600814555201,0.8977366522136286,False,47.26258835249418,46.76354670592043,0.8776156471995997,0.9039176853266172,-6.433884442326845,0.9392236142160127,0.9213939259330031
2015-03-20,43.25213748206558,42.67156329074761,0.9006273801271168,6.425572036958032,0.9118562478673636,False,46.941752282859895,46.43618803270661,0.8914226869561099,0.908680822851065,-6.428896999105557,0.9696542610004867,0.9503501269734932
2015-03-25,53.62493280984969,53.34464765324928,0.9583402493088948,5.806196759894311,0.9081765699617668,False,50.95166059905377,50.58126380503221,0.9315732243677808,0.9086404826199213,-6.05527685557881,1.0,0.9801400507893973
2015-03-30,41.61655505443768,41.51748941778166,0.9795831357829188,5.230826723571393,0.918129049218146,False,50.20485215548448,49.85616185405217,0.9603791712168636,0.914333622578856,-5.56060677637436,1.0,0.9920560203157589
2015-04-02,41.17449201314504,41.08189598647949,0.9807237142804954,5.236483125189806,0.9172605832527544,False,49.48242334409733,49.15422058464635,0.9725858970550428,0.9160897989831952,-5.366132585663628,1.0,0.9968224081263035
2015-04-08,31.838592537481414,31.625806724171756,0.9457341801862242,6.061202472877672,0.905966096281423,False,48.07091687956806,47.75194747580839,0.9704377597055373,0.9152799027670534,-5.421738176640751,0.9864701212759623,0.9959942251782762
2015-04-13,34.02331211579398,33.97849993095532,0.9900723757994748,6.505217310270552,0.8942298568319718,False,46.947108498466136,46.65007167222014,0.9822185293618996,0.9135958990922468,-5.508416507331136,1.0,0.9983976900713105
2015-04-16,21.374019282700665,21.281155186256207,0.9714195009650995,7.85995999871495,0.8775097426198322,False,44.901261361204895,44.62055835334303,0.9813546070901558,0.9107090065744536,-5.696539986641841,1.0,0.9993590760285243
2015-04-21,33.15822747703252,33.0299719762334,0.9727914297865874,6.9985176095675055,0.906582111135298,False,43.9618186504711,43.69331144317426,0.9806695529058704,0.9103788549393212,-5.800698196475894,0.9479608779405744,0.9952472201814884
2015-04-24,10.329810485817667,9.991575025609064,0.8221979398302922,9.536002779242692,0.8740650508726207,False,41.27125799729883,40.997172529769045,0.967991823859824,0.9074737506139852,-6.099522563097238,0.7551725732347271,0.9760412484257476
2015-04-29,3.5220795627292,3.141203463775994,0.57784368571868,11.501038861211578,0.8507315106482568,False,38.25132372253327,37.9686950044896,0.9367799728085326,0.9029343714167268,-6.531643866946385,0.739453140920649,0.9571141998253396
2015-05-04,6.265959420246642,5.895062388230163,0.7120025165389315,10.498897333002066,0.857989885920684,False,35.69249457835034,35.40280439518885,0.9187977763069646,0.8993388125770436,-6.84902414423084,0.8022765636907804,0.944727188934575
2015-05-07,11.66588160084744,11.196480043813144,0.78156304127958,9.631713405529458,0.8685077985528394,False,33.77036554015011,33.4662984470788,0.907818997504774,0.8968723314551074,-7.07163928513473,0.8243847039220268,0.9350997901335711
2015-05-12,19.319170905782656,19.017963981299516,0.8999180024159296,8.494130594671084,0.8720271684334442,False,32.61426996940072,32.310431689816454,0.9071869178976664,0.8948847184133744,-7.18543858989764,0.8375470813386877,0.9272955734299806
2015-05-15,16.190090937384088,15.793100874532165,0.8492683042722856,8.748409681062547,0.8727854864092137,False,31.300335646839383,30.989045224593717,0.902553428807636,0.8931167798530415,-7.310476277190832,0.7575705306584771,0.9137175700082604
2015-05-20,12.181681016076356,11.552112169015968,0.7166631048189566,9.29057291347227,0.8710571855326478,False,29.770843276378347,29.43409058014749,0.8876822028885416,0.89135201230741,-7.468884008093348,0.7164796990762491,0.8979385403336995
2015-05-26,30.173397595403,29.88091187625747,0.9318941693899572,7.5056348168127,0.8738851113430107,False,30.01237586779314,29.70218335781348,0.914209382789391,0.889954660230258,-7.471824072790897,0.9748254338632995,0.9440706764514595
2015-05-29,41.699648337609965,41.33018695675306,0.9345939988939646,7.067502852171486,0.8764677654541033,False,37.02473934968324,36.678985517177225,0.9264401524521352,0.8888757086481657,-7.22923134041925,0.9565118911432333,0.9515354052665238
2015-06-03,27.89403880659105,27.319245902029408,0.8626870712506505,7.800133577882942,0.8736433720322156,False,36.29428330623586,35.930206347965395,0.9213399059560164,0.8876571217188897,-7.274903519416346,0.9200706082596214,0.9490182215059716
2015-06-08,16.216979072111478,15.32690069130279,0.6756178798762116,8.846070023276566,0.8576701515837278,False,34.688098967505915,34.28194189543239,0.901682143869632,0.8852581641080768,-7.400596839725163,0.7702783774818893,0.9347190339840451
2015-06-11,25.84540389407191,25.154023457305776,0.8122638804060219,7.593920716301901,0.8835737922112283,False,33.9806833616312,33.55170842038226,0.8945286827925433,0.8851234143563289,-7.416062749851303,0.6992225700953412,0.9158793168729488
2015-06-16,34.42552545090582,33.79718895415289,0.8677948201279172,7.048822237146586,0.8927667890764012,True,34.24758861519597,33.69899674064464,0.8923899737793732,0.8897094391883722,-7.195718442228474,0.7947779222924729,0.9061912053065106
2015-06-19,38.5211738178575,38.37605110675312,0.967257694297951,6.338899407734295,0.9015082088086764,True,36.81173973679289,36.50522936030973,0.93731060609052,0.8967887009605549,-6.681627021531966,1.0,0.9624764821226043
2015-06-24,32.35483428144323,31.99481586555676,0.9103350816012996,6.609625971301918,0.9000963488756984,True,36.45518730036492,36.144396280729495,0.9351525641313824,0.898773289709641,-6.638426391393937,0.9518982395740253,0.961630222718718
2015-06-29,68.86742918402507,68.45202106179678,0.946585411400558,5.145407900049635,0.9248741714777464,True,55.90253243056101,55.528971149369866,0.9420122724928875,0.914433818770504,-5.742615296587356,0.9524444081582804,0.960895357553883
2015-07-02,65.8923434174189,65.52914992412776,0.952729037351406,5.334765642461043,0.926719896373536,True,61.896419022675744,61.5290784142246,0.9484423314079986,0.9218054653323232,-5.497905504111568,1.0,0.9843581430215532
2015-07-08,82.2489100577165,82.11566300772213,0.9849744035324344,4.563157556309975,0.9350609162579484,True,74.10791364370019,73.88102917032312,0.9703615746826602,0.9297587358876982,-4.9370567354306125,1.0,0.9937432572086213
2015-07-13,92.4304997200419,92.05479539434884,0.9632506393973276,4.708434912023467,0.9305384154950525,True,85.10146528950521,84.78528890473855,0.9697926998598336,0.9302265436521108,-4.799883641386325,1.0,0.9974973028834485
2015-07-16,70.85059854128139,70.60757083285262,0.970177652792958,5.196532260722183,0.9223790789795132,False,83.96139594964731,83.65107145898769,0.970023671619708,0.929598746478303,-4.831615530933194,1.0,0.9989989211533794
2015-07-21,49.41604710114566,49.22679393203283,0.9683112916614802,5.786519310785974,0.9138883804910884,False,81.19776804176718,80.8971292568313,0.96988668122305,0.928341917199326,-4.908007833321417,1.0,0.9995995684613518
2015-07-24,36.84871606589321,36.578340399333634,0.9463185475687969,6.53838656589381,0.9101303781118752,False,77.64984388369726,77.3516261482315,0.9680012305307096,0.92688499407233,-5.038438131927208,1.0,0.9998398273845407
2015-07-29,23.021963181936705,22.748855179343245,0.9201106503664902,7.345287090800819,0.899235590230868,False,73.27961342755641,72.98340447072046,0.9641699841175724,0.924673041765013,-5.222986048637098,1.0,0.9999359309538163
2015-08-03,19.36188425472951,19.117018897897275,0.9193909121600352,8.120737618463522,0.8808877897964384,True,68.96619509373026,68.67409362489461,0.9605876583609694,0.921170221607527,-5.454806174223212,0.9645864265333912,0.9971079706001823
2015-08-06,9.784105943603883,9.450674373264649,0.8223213172902935,9.49876768189812,0.8723524970762588,True,64.23162796172015,63.936220084764216,0.9495263510753154,0.9172648036450256,-5.778323094837205,0.9602001854365368,0.9941553477870907
2015-08-11,11.748214434126002,11.41448814734139,0.8431172704559493,9.225228167445396,0.8761962467102582,True,60.032954879512616,59.73448152977039,0.941013624625766,0.9139793190902442,-6.054075500645861,0.8817369478768176,0.9851618757942688
2015-08-14,13.192094867515284,12.780897204419905,0.8233562390356721,8.71915077643699,0.8887678932205673,True,56.28568607855283,55.97819478374235,0.9316010337785586,0.91196240502067,-6.267281522709151,0.8595413228132119,0.9751122315557843
2015-08-19,19.807543330538657,19.493805863968827,0.8991374559115071,7.91056480373291,0.8952095107367962,True,53.367434658711694,53.05944367016048,0.9290039475491946,0.9106221734779604,-6.3987441851910525,0.897507836320175,0.9689038799369355
2015-08-24,99.9951890149707,99.94970781132602,0.9957302984423176,3.9457774190466046,0.9338914091461588,True,81.3440872724671,81.1936021548598,0.9690397580850684,0.9245837148788794,-4.926964125504384,1.0,0.9875615519747742
2015-08-27,119.43183972058588,119.43183972058588,1.0,2.86539107121174,0.9537849196777544,True,104.19673874133836,104.13654469429544,0.9876159032340274,0.9421044377582044,-3.690020292928797,1.0,0.9950246207899097
2015-09-01,131.7035223763807,131.7035223763807,1.0,2.675314811015362,0.9572963824620748,True,120.70080892236376,120.6767313035466,0.9950463612936108,0.9512196045805268,-3.081197003780736,1.0,0.9980098483159638
2015-09-04,106.56614825137066,106.56614825137066,1.0,2.431234863676796,0.9632927729692904,True,119.57003606868432,119.54788465937251,0.9980185445174444,0.9584635056137848,-2.691219719718372,1.0,0.9992039393263855
2015-09-10,90.82666508166972,90.82666508166972,1.0,2.2139605800506805,0.9667275848329484,True,117.27056638972316,117.25018709315631,0.9992074178069776,0.963421953145283,-2.404864235917757,1.0,0.9996815757305542
2015-09-15,88.34066754283756,88.34066754283756,1.0,2.183729501184987,0.9674165923118476,True,114.95617448197233,114.93742552913082,0.9996829671227913,0.965818736645222,-2.2721833950780947,1.0,0.9998726302922216
2015-09-18,82.92697420480347,82.92697420480347,1.0,2.219895770932097,0.9650838554960596,True,112.3938384597988,112.37658942318464,0.9998731868491164,0.965759946153289,-2.240810820590496,1.0,0.9999490521168887
2015-09-23,100.7019521918185,100.7019521918185,1.0,2.508942482049953,0.9564114555138724,True,111.4584875583604,111.44261844467536,0.9999492747396466,0.9650120669021356,-2.262261353507253,1.0,0.9999796208467555
2015-09-28,148.51115528860598,148.51115528860598,1.0,3.468110913263565,0.9438680176521664,True,133.69008819650773,133.68374055103374,0.9999797098958586,0.9633205429621382,-2.3587293182877582,1.0,0.9999918483387022
2015-10-01,113.17446538855783,113.06515864432926,0.990656599611158,4.078857255831436,0.9383466139148184,True,132.04883837187174,132.03425399849738,0.9992338610730824,0.9613226286383528,-2.4963395532912527,1.0,0.9999967393354809
2015-10-06,91.19293148939882,91.08491213187972,0.988901199276042,5.034396776806712,0.9280788733677096,True,128.7803658212739,128.75830664916796,0.9984072481293194,0.9586631282167012,-2.69938413117249,1.0,0.9999986957341924
2015-10-09,86.29989086148328,86.08576087657619,0.9765444455361592,5.2099074852370935,0.9276922984717808,True,125.38192782449066,125.34450298736064,0.9966582239218666,0.9561854618371076,-2.9002259994976582,0.9556015523799885,0.9964469242658561
2015-10-14,72.66750579366884,72.21242929469146,0.9472535408141428,5.757707585398895,0.9261125459750478,True,121.16477406202492,121.0939370919471,0.9927058492732488,0.953779628568143,-3.1288245263697574,0.9643794332503411,0.993881524984615
2015-10-19,45.16863415014784,44.82505942244906,0.9431842417722076,6.56490514631823,0.914411644317355,True,115.08508286907475,114.99242687838723,0.9887441206731656,0.95063018982808,-3.403710975965635,0.9584940063080337,0.9910505234904885
2015-10-22,29.49237229916291,29.21569297328138,0.9315962750761142,6.752754266946817,0.91026361039196,True,108.23766602348182,108.13028816597878,0.9841722930254014,0.9474008634731904,-3.67163443924413,0.9629171823585925,0.9887998561999369
2015-10-27,16.996384168436084,16.674168543181448,0.8757052065233291,7.9224561233368815,0.8870198570686093,True,100.93836347507816,100.813798596155,0.9754949261052356,0.942570382960824,-4.01170017397155,0.9279253029125861,0.9839298919369489
2015-10-30,17.753300629220625,17.309719995553884,0.832313182974993,7.899351792103983,0.8929575851023246,True,94.28355844740956,94.1334723081069,0.9640403866548164,0.9386013591321442,-4.322712303422145,0.8942633770666689,0.9767565707473266
2015-11-04,15.870028110205777,15.434244887510374,0.8270000749606709,8.61538489171945,0.888822197710132,True,88.01047602043327,87.83753411445919,0.9530771617192848,0.9346190262183832,-4.66612611048593,0.8619159674738742,0.9675693224854504
2015-11-09,16.08872132542572,15.591900214406849,0.8071892351718765,8.586731339517751,0.8892333510169438,True,82.25673564483267,82.057883402455,0.941406127595492,0.930988172202268,-4.979774528808476,0.865709678529708,0.959420550968991
2015-11-12,19.02531645577027,18.52907533812221,0.825447337625588,8.062660777170032,0.8928470517377889,False,77.19822210970769,76.97557875730838,0.9321294243979,0.9279368825651098,-5.226405428677401,0.815780796262692,0.9479293705924872
2015-11-17,26.259188859341727,25.765819372886167,0.8650768110830394,7.20245536737832,0.9090588931898334,False,73.12309944967842,72.8787980065546,0.9267652153327112,0.9264266434150876,-5.384489423773475,0.7966489213756922,0.9358269346551437
2015-11-20,25.18913340398095,24.84855703049952,0.9042925579991056,7.759908952309004,0.8882088702774811,False,69.28838216602263,69.0363787284702,0.9249674027460226,0.9233692215640792,-5.5745229860563175,0.9251969502372271,0.9349765359017104
2015-11-25,24.01393138684405,23.724937331351963,0.9128289189669372,7.87776659655811,0.8956228447441769,False,65.66642610368834,65.41146341670074,0.9239963240436958,0.921149511418487,-5.758782474896461,0.8860279168461862,0.9310606463772685
2015-12-01,29.46561535689504,29.049393184543334,0.904638909175882,7.782421640155048,0.890203567657369,False,62.77036124394488,62.50249779812816,0.9224477308542708,0.9186738359175975,-5.920673608117148,0.946721858233351,0.940457373490918
2015-12-04,78.43347415039901,78.31125096925324,0.9876100151097468,5.802539525302965,0.9171945076302882,False,72.16822898781736,71.98774970080319,0.9615451014075564,0.9185554896546128,-5.849793158428637,1.0,0.9761829493963672
2015-12-09,96.33488837511808,96.22022105628048,0.9901133989229444,5.479560587153824,0.9191360316809686,False,86.66822462019778,86.52723251408956,0.9786860799167892,0.9189038148704264,-5.62765361566375,1.0,0.9904731797585469
2015-12-14,96.93764828826288,96.7754910704284,0.986141011138022,5.29701637431503,0.9265225769060452,False,92.82987882103684,92.67618764789286,0.9831590386495288,0.9234750720917976,-5.429271270854517,1.0,0.9961892719034188
2015-12-17,68.18127102521406,67.85558470829524,0.9603831266896192,5.634472106738419,0.9210421712894398,False,90.857990197371,90.69053941272506,0.981336965692736,0.923280440027609,-5.4456873377252295,0.9737474802482416,0.9943939285710046
2015-12-22,97.88644441426976,97.74617588199357,0.9868096960938536,4.750203795094626,0.9346476170524688,False,95.07506272751024,94.92392129428616,0.9846206039334066,0.9301007462425248,-5.028397212146867,1.0,0.9977575714284018
2015-12-28,98.854682686565,98.78269416541116,0.9932327144282226,4.473381328660374,0.9316873517706992,False,97.3428347029431,97.23918501696116,0.989787870230296,0.9310527095594294,-4.695387682054972,1.0,0.9991030285713607
2015-12-31,102.02413795935578,101.97230459306128,0.9950205610824492,4.022588336678746,0.9454452051479806,False,100.15161665679072,100.07905676262124,0.992927484741588,0.9396882069125602,-4.291708074829236,1.0,0.9996412114285442
2016-01-06,79.61004875872123,79.55640609143379,0.9937890831014078,4.454696459991657,0.9353043219153432,False,98.50829122494515,98.43724470892624,0.99344444375748,0.9393374961127828,-4.30474714564223,1.0,0.9998564845714177
2016-01-11,117.90868137885188,117.87466791211314,0.9972634735668756,4.067241902619974,0.9400550388278076,False,110.14852531728918,110.09969863083838,0.9957358616431172,0.9397680217417976,-4.162243999828877,1.0,0.9999425938285671
2016-01-14,153.58171573673874,153.56514972812826,0.9989415886161378,3.685462852489117,0.9417919621272852,False,136.2084395689589,136.17896928921232,0.9976592978269296,0.9409823859730904,-3.876175311425021,1.0,0.9999770375314269
2016-01-20,117.70556236004568,117.59850628610693,0.991339970147712,4.19002841713568,0.9410095345333608,False,134.72820939224584,134.6925322489639,0.9971537516125922,0.9409986751092526,-3.9012835598818736,1.0,0.9999908150125707
2016-01-25,82.32180033393371,82.27966862557692,0.99543734238613,4.528833696711488,0.9370887202695476,False,130.53569666758088,130.49950315909294,0.9970164388744752,0.9406858787220764,-3.951487570828242,1.0,0.9999963260050283
2016-01-28,68.86483892782678,68.64373116651745,0.9735768660751388,5.391889327480904,0.9302946864372944,False,125.60202804840056,125.55104139968692,0.9951412730505284,0.9398545833392936,-4.066719711360456,1.0,0.9999985304020114
2016-02-02,83.96201371110288,83.91652444118532,0.9953640050224184,5.117518046701444,0.9233627567611112,False,122.27082690141674,122.2202800430068,0.9952749122336624,0.9385352372130392,-4.150783578187735,1.0,0.9999994121608046
2016-02-05,58.01625533306605,57.95049717387557,0.9910489463480494,6.231731727086978,0.9095843455980296,False,117.1304611759487,117.0786974134763,0.9949368349628134,0.9362191658838386,-4.317259430099674,1.0,0.9999997648643218
2016-02-10,44.58642290056909,44.31900617174494,0.956659688192882,6.847146320090832,0.90384473201613,False,111.32693811391832,111.2579221141378,0.9918746632212188,0.933629211174422,-4.519650381298967,1.0,0.9999999059457287
2016-02-16,37.74554038723159,37.40126784655716,0.9382405985782832,7.650836979385943,0.9033010659481934,False,105.4404262957834,105.34938977273136,0.987583938049784,0.9312029595563236,-4.770145309145925,1.0,0.9999999623782915
2016-02-19,33.87910340453837,33.54552091517518,0.9350761843122012,7.802148787643616,0.9044146674671272,False,99.7155204644838,99.60508026412688,0.9833833177507776,0.929059896189188,-5.0127055874257405,0.9909179330357683,0.9992734000308896
2016-02-24,31.180066167156543,30.66039554655645,0.8910952611788218,7.878445925523941,0.9037414793664434,False,94.23268412069764,94.08950548672128,0.976000273225021,0.9270344228433685,-5.241964814473597,0.9730492942742225,0.9971754715703562
2016-02-29,28.492574995803537,27.81854579933278,0.8504963325425592,7.885920181265494,0.9043004310502434,False,88.9734753907061,88.78782871173019,0.965959957970424,0.9252157034999186,-5.453481243816949,0.9875843363644513,0.9964081807538839
2016-03-03,36.78844581986174,36.323615030521104,0.9111411756940928,7.025887597448502,0.9242115195268804,False,84.79867302503855,84.59069161723346,0.9615744553883177,0.9251353687820756,-5.579273752107473,0.954614939776271,0.9930647214756749
2016-03-08,50.71657171984265,49.94351527966306,0.8859427143352459,6.355863215214031,0.9266625189990004,False,82.07210492062288,81.81891751022783,0.955523916104072,0.9260516589122306,-5.641400909155998,0.9558873249573003,0.9900905297542051
2016-03-11,47.51556236564992,46.98742490347531,0.9171732006904688,6.383745272116762,0.9205074442869422,False,79.30758151622504,79.03239810168763,0.9524558588709836,0.9256081217422076,-5.700788458192859,0.8768289344940228,0.9810296021333905
2016-03-16,36.98107242309956,36.35443830161529,0.8792471828867239,6.867551621758752,0.9210898095179436,False,75.92146078877501,75.61816131768185,0.9465991647922428,0.9252466567642668,-5.794129511278131,0.8411757023771218,0.969841290152889
2016-03-21,46.11089064692104,45.19883830023294,0.8551283932799906,6.88689349202318,0.912222798654098,False,73.5366151774267,73.18461547628596,0.9392815030712628,0.9242047481154532,-5.881550629737736,0.745493489755459,0.9518934661210947
2016-03-24,33.71281415819157,32.78296506058871,0.809129666397382,7.405105729184677,0.9079742616162946,False,70.35071109588789,69.95248344303018,0.9288693561373522,0.9229063091955206,-6.003435037693492,0.758823309379564,0.9364478535817723
2016-03-30,11.261255775072453,10.11156932616047,0.5193336960873615,9.956779291179137,0.8836432647994656,False,65.62355467022266,65.1652103136806,0.896106503333353,0.9197652656438362,-6.319702577972343,0.472531662931404,0.8993345583297429
2016-04-04,12.307735154902543,11.220043633268013,0.5510778116362707,9.496446113117912,0.88090218978406,False,61.358289108997056,60.84959697924759,0.8685042079975864,0.916656219575054,-6.5738420607839885,0.45760954805515747,0.863996557507776
2016-04-07,21.446751831173824,20.666935185239005,0.7659256408535701,8.313232008130209,0.8861311681475802,False,58.1653661267712,57.63498403572691,0.8602979226260651,0.9142142154608562,-6.712993256571687,0.7874746267574323,0.8578748030477485
2016-04-12,18.3150651932235,17.44896878412128,0.7098631228240017,8.451572055680362,0.8885677398292944,False,54.97734205208739,54.42010281559846,0.8482631386419001,0.9121624974103314,-6.85207956050038,0.7403657702819343,0.8484740804264834
2016-04-15,30.50590346961548,29.43744249920158,0.7766450224209,7.886106793873557,0.910041459068719,False,53.01962696548964,52.42148999028672,0.8425336893442201,0.9119928143430024,-6.934801739170235,0.7774478454241265,0.842791981626295
2016-04-20,25.06108423512513,23.88365630803168,0.6906963515952282,8.022455344351817,0.9078521515525216,False,50.78294354706048,50.13846329570632,0.8303867023243008,0.911661561319764,-7.021814027584762,0.5870643293410467,0.8223337694434751
2016-04-25,23.08838504173237,22.16532314799932,0.7425452377702476,8.11284708650485,0.897503873609236,False,48.56737886663423,47.90061208388976,0.8233593851599766,0.9105289463029218,-7.109096672298369,0.8714261085964846,0.8517891729352808
2016-04-28,25.898576227378392,24.852061404887117,0.7341391751313417,7.878460069510981,0.900874521845212,False,46.75387465549376,46.05672802956956,0.8162217683576859,0.909756592346305,-7.170645744075379,0.7358478773298543,0.8425138692868467
2016-05-03,33.29378183121902,31.932856329988788,0.7192562512587166,7.557883852424374,0.9045054808900118,False,45.67706722955178,44.9268182936031,0.8084645269897683,0.9093365034298015,-7.201624792743298,0.6635144511470799,0.8281939158356655
2016-05-06,31.14841450393349,29.74635784878464,0.7003913308792135,7.847275774666623,0.9023970385734784,False,44.51477501150232,43.71238145801762,0.799818671300924,0.9087813462412958,-7.253276871297164,0.6349595301375234,0.8127351649798141
2016-05-11,25.072932865560595,23.768631476971677,0.6781060953069523,8.007756312621026,0.8961181360259717,False,42.95942763982698,42.11688145953395,0.7900816652214062,0.90776828942407,-7.313635226603073,0.6982084185843737,0.803573025268179
2016-05-16,30.058949812525512,28.82681366592697,0.7332476756636839,7.624029631604311,0.9039386154028402,False,41.92738941364287,41.0536760360454,0.7855349460567885,0.9074619155023717,-7.338466779003173,0.8616863051199979,0.8384409931792702
2016-05-19,18.167735818499,17.30366837442771,0.6865197758383684,8.003765348943508,0.9075171320423387,False,40.02661712603136,39.15367542311598,0.7776137324393149,0.907495045426352,-7.3916906645984,0.8076374058693235,0.8359767061944745
2016-05-24,28.082343868730906,27.252803573662508,0.7816542829253478,7.053112313724661,0.917966705094696,False,39.07107526544733,38.2016056751597,0.7800380627309347,0.9137780412273584,-7.188543654074157,0.7892276088161487,0.8322367784042084
2016-05-27,31.62425270133664,30.857378085446484,0.813038929158068,6.868441844793947,0.9193178730105322,False,38.47532946031847,37.61406746798264,0.7998385825872146,0.9171019402972628,-6.996482568506031,0.8097585137545604,0.8304385172322366
2016-06-02,17.43478234498288,16.885151266486957,0.7679034312379275,7.74392531385819,0.8983556553565558,True,36.79208569109163,35.95575417186299,0.7972837704792717,0.9156022375020062,-7.056277988134204,0.7640498010770769,0.8251274199398239
2016-06-07,18.749697560283582,18.046004949451408,0.6926466167669582,7.444178087776897,0.913560910967822,True,35.34869464062699,34.52297423407007,0.7889127981822867,0.9154389313792716,-7.0873099961056205,0.573296025770247,0.8049809084062577
2016-06-10,15.120083914654572,14.174089844270428,0.5273631950245677,7.780111173360991,0.9169567125903034,True,33.73040578254919,32.8950634828861,0.7679888299296691,0.9163496001058906,-7.1427340902860506,0.5142300209519364,0.781720837409912
2016-06-15,11.752130210420145,10.614127800735352,0.4497571308600399,9.049111548291656,0.9107245979067872,True,31.97214373677887,31.112588628314043,0.7425302940040989,0.9158995999299624,-7.295244286926499,0.4229004433738579,0.7530152058870277
2016-06-20,18.18428929969513,17.09987522342178,0.6707302801745193,9.085466716812585,0.8948633276293896,True,30.86911538181217,29.99157155592266,0.7367862928977326,0.9142166981459168,-7.438462081317386,0.6040689643744019,0.7410995065660178
2016-06-23,13.590678027105374,12.796972318700185,0.6900888543652524,9.255230157102806,0.9008114813946562,True,29.48684039343563,28.616003616944862,0.7330504978151341,0.913144280805816,-7.583803527380219,0.6259347407097263,0.7318863252975144
2016-06-28,101.5892412553756,101.21543847986702,0.9656766144301068,4.441636950980959,0.9511761745275192,True,72.74828091059962,72.17566453469816,0.8726261677841178,0.935963417038838,-5.698503581540663,0.9769963184847036,0.8789523212098279
2016-07-01,88.974357138003,88.71200331224772,0.9700291023200194,3.744780820770689,0.9586040410830908,True,82.48392664704164,82.09746780122789,0.9310679285056588,0.9495477914653896,-4.52626992507868,0.9830338517428806,0.9414012395296595
2016-07-07,100.2024578693086,99.88889862152408,0.9667234707573056,3.820858531133617,0.9580264553944856,True,93.11504538040182,92.7723262934056,0.9524612538566468,0.9546349898228472,-4.103023088711642,0.9829119803259666,0.9663076840074437
2016-07-12,120.635474991245,120.18386366023464,0.9587230005244184,3.718342989542711,0.9604924413164564,True,109.62730314690772,109.21924871350302,0.9562183018573098,0.9581494607190126,-3.872215029210283,0.924298073451014,0.9629469151629294
2016-07-15,123.68206108309704,123.33452461534478,0.968531163223736,3.638096554132057,0.960429048315782,True,118.0601579086213,117.68841425460808,0.9636060186771656,0.9595172132770744,-3.7317439441633473,0.9380439980356106,0.9609546817927439
2016-07-20,128.35094629641753,127.9128222602044,0.9629040597538668,3.6885520371658833,0.9590662617171534,True,124.23463094129905,123.82305905796588,0.9635498619633016,0.9594811371522808,-3.705828799964869,0.9363156431726847,0.9589835587031392
2016-07-25,68.90578270528698,68.13071794863242,0.8951935583302624,5.619402812611303,0.923724488681916,True,119.80832308241808,119.3676717692192,0.9580813576726585,0.9566206052746516,-3.858914720976584,0.8812493465125157,0.9527648217278895
2016-07-28,17.146795144022384,15.997397838227236,0.5895030516599112,8.75306033082432,0.8804281905592205,True,111.59540084734644,111.09804985473986,0.9285950931916388,0.9505252120974172,-4.250446369764403,0.5635457703160882,0.9216272976149454
2016-08-02,10.41042231057562,9.415445729194976,0.5695659295375467,10.174908496831682,0.8612704677807663,True,103.50060256440476,102.96344152469626,0.8998727600993114,0.9433848325520852,-4.724403339929786,0.6130012090887628,0.8969372105328508
2016-08-05,6.763208344041392,5.878058359718403,0.4705933957520078,11.010799570140133,0.8584568534656185,True,95.76161102677568,95.19661087149804,0.865530410951527,0.936590594225168,-5.227315038346614,0.46894503559506645,0.8626978365378282
2016-08-10,4.187036428866134,3.4725645876290723,0.3664000002617886,11.278549575333464,0.866459735274687,True,88.43564505894292,87.85868716878852,0.8255999780963481,0.9309801255091296,-5.711413801305562,0.39104829196886787,0.8249658729723114
2016-08-15,5.327087900414235,4.517571667673128,0.408507318741339,10.950362883974048,0.8723677367678883,True,81.78696048626063,81.19139792869929,0.7922325653479474,0.9262911344098302,-6.130529727919042,0.4782598830352007,0.7972293937773426
2016-08-18,5.723621779162362,4.66220756565194,0.3007790348722605,10.668667653934437,0.8884318078378137,True,75.70189338969277,75.0690626996555,0.7529162829098924,0.9232623882840688,-6.493580762000273,0.23731654761667703,0.7524363660844894
2016-08-23,6.957919671040648,5.920141294601113,0.362924613952387,10.0686552858303,0.8956515941833391,True,70.2023754922006,69.53714898725116,0.721716949393292,0.9210535247560104,-6.779586723906675,0.3291778257876881,0.7185756828607454
2016-08-26,9.420496733522194,8.318500454278105,0.4442424324086264,9.693051789544676,0.8953971000413498,True,65.33982519150632,64.63965710461332,0.6995189880345187,0.9190010107788376,-7.012663929157716,0.3543878743865186,0.6894406581828073
2016-08-31,6.441480073908179,5.577862273461403,0.3633928035533563,9.969078642745538,0.8830653016340545,True,60.62795758209847,59.91471351812117,0.6726288932760258,0.9161261540472552,-7.249177106244742,0.23121261574673452,0.6527824147879215
2016-09-06,1.6586175182964262,1.3061622148870091,0.1249674302043269,11.170854099100776,0.8478313251602748,False,55.91041037699431,55.22602941386244,0.62881597623029,0.9106625677362968,-7.562911265673225,0.04842822090282647,0.604434079277114
2016-09-09,22.438020948433135,21.868279972942524,0.820309379875851,7.697274709643127,0.8944002473411726,False,53.23261922270942,52.55740945858884,0.7437120184176266,0.9093615821046868,-7.573660341190818,0.9758958556334968,0.8273111450909437
2016-09-14,52.859779960178166,52.34959811615514,0.9187224673823582,5.739034370711445,0.9126082130392272,True,53.20279208170692,52.54078455119415,0.8487182877964655,0.911309560665411,-6.472884758903194,0.8796386958715581,0.8587076755593123
2016-09-19,61.56893117537384,61.2454891466847,0.9518137200114224,5.6208598647045225,0.9140420380948112,True,58.222475537907066,57.76360730848848,0.9105755471254396,0.912949047123051,-5.961669822383991,0.9475161526538101,0.911992761816011
2016-09-22,60.52913927911305,60.23199141863853,0.9548330195688288,5.659049407295625,0.9127336898062016,True,59.60647378263066,59.24463777457851,0.9371300305914732,0.9129318185377032,-5.780097573330972,0.9611835651811488,0.9415072438350938
2016-09-27,56.34181815098943,56.21459232323081,0.97990231368881,5.4543064941452855,0.9156300664399626,True,59.34530133209937,59.0022341384707,0.9627934004498752,0.9145507672790588,-5.58462292581956,1.0,0.9766028975340375
2016-09-30,57.73894644229405,57.48128457661602,0.960955433624539,5.331551782156317,0.9216712344798496,True,59.21679294091494,58.88055817352232,0.9626463631038482,0.9188230475995331,-5.432780239621614,0.9527268095198018,0.9746928104928987
2016-10-05,56.54146796580313,56.30747844942464,0.9636684339626158,5.227777016597933,0.9302194334868864,True,59.00276694290599,58.67471179559451,0.9632596056191088,0.9256608791319452,-5.309778305807406,0.945255150867183,0.9723377977228415
2016-10-10,28.62533275011316,28.27820166959686,0.9126958768801384,7.09509008457964,0.9023782560672968,True,56.572572207482565,56.2429909855147,0.9592145073199912,0.9237982692867732,-5.452603248109185,0.9573388913585575,0.9711378852136987
2016-10-13,23.52948492044349,22.66510877080411,0.7597570677375834,8.170847419182376,0.8833329091655324,False,53.929125224519446,53.55676040833786,0.9432579121533986,0.920561040477074,-5.670062781795041,0.8017632142228605,0.9575879115344317
2016-10-18,27.140523130590097,26.232469525922653,0.7797349627548142,8.112940201891524,0.8793744615119546,False,51.7860370570051,51.370817137744645,0.930176076201512,0.9172661141598646,-5.86549297540276,0.8436263230470316,0.9484709844554398
2016-10-21,15.885937877226825,15.037376865505069,0.7125619164218069,9.454628466320573,0.8552925966017398,False,48.91402912262284,48.464141915965484,0.9127669434191356,0.9123082327552146,-6.152623814676185,0.7048859428091955,0.9289841811237403
2016-10-26,11.72566981222258,10.716532598867882,0.62556303722444,10.692446772643088,0.8051866208023205,False,45.93896037779083,45.44433317059768,0.8897906309235599,0.903738503798983,-6.515809651313537,0.7700009482077849,0.9162655224904638
2016-10-31,3.647187983152607,2.9584653324997787,0.3699880277808838,12.265505820660572,0.7894462048473595,False,42.55561858621977,42.045463743549846,0.8482064226721459,0.8945951198828531,-6.9757853448613005,0.3449533508818575,0.8705605487617754
2016-11-03,2.947722911735837,2.3146953544287627,0.3477989220895402,12.71295215111872,0.7720107169969255,False,39.38698693226105,38.86700227242016,0.8081738226255374,0.8847883676519789,-7.434758689361894,0.4191909552465964,0.8344509812805612
2016-11-08,12.092198494118657,11.312090995590014,0.6971290616549188,10.44574301336792,0.8064471061560852,False,37.20340385720967,36.66260937027375,0.799290241747888,0.8785210667323075,-7.675637435282377,0.7591200912613673,0.8284245100790257
2016-11-11,12.71216926781164,11.647221355080166,0.5044025369703852,9.47175701907103,0.8553884755638361,False,35.24410509005782,34.661378329058266,0.7756992253656878,0.8766704594388297,-7.819327001985469,0.32390453895081767,0.7880629123887691
2016-11-16,10.192054494968074,9.05349659273326,0.3661139487833303,9.415735423701852,0.870338309504626,False,33.239941042450646,32.61274779015226,0.7429324032390993,0.8761638874440935,-7.94703967572278,0.2026729590339073,0.7412317161203802
2016-11-21,10.092925975401393,8.877476100580918,0.3454140931613704,9.658458687997346,0.8707048189934145,False,31.388179837086707,30.71392605498656,0.711130938432881,0.8757271619680392,-8.083953196704746,0.24769931633208578,0.7017491241373166
2016-11-25,9.782631892598436,8.674159310090122,0.3409338768634088,9.477044060875164,0.8745629178997586,False,29.659736001527644,28.950744715394844,0.6815151735073233,0.8756340224425768,-8.19540046583838,0.14774996002633503,0.6574291910084381
2016-11-30,9.656479627762671,8.537967073583609,0.290022009769622,9.043749535376602,0.8972839473233781,False,28.059475491626447,27.317722504049947,0.6501957204083072,0.8886239773710576,-8.26326839140144,0.15873490098254295,0.6175336478063665
2016-12-05,10.68055912722095,9.480389300530703,0.3740924537245406,9.34308339483388,0.8902431332335522,False,26.669162182474007,25.89073584776841,0.6281074590736059,0.8895954708885543,-8.349653591676034,0.2696326721907411,0.5897015697571165
2016-12-08,8.376985745080844,7.28136711077473,0.4268289873836725,10.022188700460369,0.876340111946576,False,25.205788067482555,24.401986348808915,0.6120051813384112,0.888535042173196,-8.483456400378781,0.37147196848087527,0.5722432016550173
2016-12-13,3.149554804427773,2.538564425411435,0.1991406467580497,10.877002235687671,0.8565665657300428,False,23.441289406438173,22.65291259493712,0.5789760185719823,0.8859775640577437,-8.674940067203494,0.07822690149682231,0.5327218976423618
2016-12-16,2.595048544638662,2.081016708144852,0.1046221991757496,10.043444853868383,0.8774011365311232,False,21.77359013749421,21.007160923993737,0.5410277130202837,0.8852914498556141,-8.784420450136686,0.02076650827965049,0.49176546649334485
2016-12-21,2.961045806300994,2.398576476868485,0.0946404972996598,9.726758433197014,0.8840791225280314,False,20.26858659099876,19.51847416822372,0.5053167357626339,0.8851944636694076,-8.859807488781513,0.023474187160407438,0.4543021641467099
2016-12-27,2.6961203874012774,2.1798017831004515,0.0876870590275857,9.506917073660157,0.886214507908265,False,18.86278929471096,18.13138037741386,0.4719063616238301,0.885806490212722,-8.911576255571806,0.02148194546047896,0.4196765466518114
2016-12-30,7.644872829527636,7.017790877426788,0.4539249807583635,8.512880692352692,0.8830096711361112,False,17.965355977496294,17.242293217414893,0.4704678511545928,0.8855827446865931,-8.672358917640338,0.4161458039457202,0.4193940872353241
2017-01-05,9.440246646936878,8.78773990658038,0.525367695891324,8.276363850731617,0.8892541949253769,False,17.283347231051543,16.565928952548134,0.5034077579966315,0.8877856148298634,-8.434761877495106,0.5582663102907125,0.5027174210685572
2017-01-10,3.885613782191711,3.326752162933047,0.2574958427146892,9.425825855237452,0.8746801231839655,False,16.211528555142756,15.506794809378928,0.4837348047740761,0.8867371754981916,-8.514046995714494,0.2865977727214105,0.4854278492007855
2017-01-13,5.306664458066653,4.597458388840947,0.4322266825590312,9.885511577825156,0.8714604827535363,False,15.339139427376669,14.63404789573589,0.4796141549968725,0.8855150400786193,-8.623764162283347,0.5041944035885543,0.49668778183344675
2017-01-19,8.700349813425442,7.462151157445254,0.3638236936630271,9.432656853799946,0.8866958121188288,False,14.808036258260572,14.06029615667264,0.4703509180901649,0.886223503302745,-8.688475577604676,0.2925313131531229,0.48035526433902087
2017-01-24,12.475297917418194,11.143596863250574,0.4789139892118008,9.091587924507914,0.8905567618911924,False,14.62141719099318,13.826960213198875,0.4754887607631464,0.8888234584558135,-8.720724565356935,0.4735003646807111,0.4798068723663561
2017-01-27,6.834770290794714,5.889972554906925,0.4394301176742042,10.596430692703764,0.8594639706198273,False,13.998485438977305,13.19200120053552,0.472604069316031,0.8864746994289345,-8.870781055544683,0.4089810082620375,0.47414080323801067
2017-02-01,6.692550154989104,5.682554664620316,0.4259402815207289,11.183848920754876,0.8458977906988797,False,13.414010616258247,12.591245477662303,0.4688709662924069,0.8832285467305302,-9.055826484761498,0.4816253254358196,0.478631516556696
2017-02-06,6.162064473634921,5.2329534207107296,0.4187189969750704,11.390329500428033,0.8516420760908844,False,12.833854924848383,12.002582113106175,0.4648588087470199,0.8807016290793586,-9.242586726014824,0.37859001264573056,0.4706281962438188
2017-02-09,6.131112179775338,5.238939010227188,0.4485395311385591,11.34454674494115,0.8391878694094885,False,12.29763550524254,11.46149066487586,0.4635532665383431,0.877380528305769,-9.410743527528927,0.4539278118688968,0.4692921654938251
2017-02-14,5.690186190046718,4.878783625637434,0.4683233073833948,11.65990776003679,0.828841494189293,False,11.769039560026872,10.934874101736783,0.4664152910453741,0.873497405576451,-9.590676666129555,0.5150134182393906,0.4967249171411644
2017-02-17,5.019634364005123,4.307573613570787,0.4771011913897935,11.62559365931785,0.8385745434854451,False,11.229087144345131,10.404690062683509,0.4728268312520258,0.8707035766091704,-9.75347002558462,0.5351209637802051,0.5197625451245889
2017-02-23,3.765350859517114,3.118760087871734,0.432665018899953,12.172018047779648,0.8284506968158364,False,10.631988241558894,9.821815664698564,0.46961388626386,0.8673233462257037,-9.946953867360223,0.6265661591260026,0.5838447135254371
2017-02-28,3.1138966845893434,2.503497966907098,0.355262493854874,11.811277306104383,0.845143840232719,False,10.03054091700133,9.23635024887525,0.4604657748711412,0.865548985746265,-10.096099742459756,0.3117383556167272,0.5620762048927402
2017-03-03,11.709257048579694,10.781624879647964,0.6310549527738306,10.21039350083924,0.8784594468450677,False,11.037770595948349,10.163515027338878,0.5628192816127549,0.8732952624055467,-10.105243243130117,0.7685760896053798,0.685976135720324
2017-03-08,12.25040436019636,11.397586395812969,0.6551522582961861,9.816638460666608,0.8856689079617571,False,11.765350854497155,10.903957848423332,0.6182190676228136,0.880719449739273,-9.93208037365201,0.676199802812755,0.6851940290877185
2017-03-13,10.500728270292043,9.645330350474254,0.5988575342454985,10.076093155318205,0.8786153259837667,False,11.664181047760747,10.803267648587406,0.6166701449526285,0.8805511198388325,-9.943601396185306,0.6728640678779885,0.6842076321909402
2017-03-16,5.959473416381258,5.380225369565103,0.5083373869270669,10.3614541262511,0.8526298409757535,False,11.207804437250388,10.369424266265622,0.6080035243105836,0.8783174175297862,-9.977029614590569,0.5679073155483229,0.6749036068595308
2017-03-21,11.122880350503891,10.535697927981449,0.7024382417340661,9.258544087600248,0.8953529538180577,False,11.201010510310669,10.469188463295117,0.6646643547646731,0.8885387393027491,-9.545938298396376,0.8062620393792282,0.7537186663713493
2017-03-24,15.598783726900598,14.933465402403026,0.7459924079326598,8.935762840786468,0.8980952569107811,False,13.839674440264623,13.147754626759864,0.7134611866654651,0.8942726498675683,-9.179833023830431,0.8444941083204205,0.808183931540792
2017-03-29,6.628002518478417,5.887861071289815,0.4731561497989359,10.457522943018477,0.8882309999368074,False,13.26274068652173,12.56696314232226,0.6942367837161427,0.8937893178731074,-9.282048217365476,0.5858561046179103,0.7903977053869615
2017-04-03,6.75237858827475,6.013604709629977,0.4849586025894059,10.421414561230712,0.8977343477226564,False,12.741911718661973,12.042694467706877,0.6774945292260037,0.8961563357828368,-9.373197524874694,0.49208303064249775,0.7665325314074045
2017-04-06,7.817582568755983,7.002264962631084,0.4963545297058556,10.088742822001624,0.8991935154718237,False,12.347965386669491,11.639460107300811,0.6630033292643919,0.8979786435962289,-9.43044114864485,0.5370777761804526,0.7481761509892484
2017-04-11,9.876845233160648,8.934732790165851,0.5443936932074972,10.060205186709616,0.9009518739990564,False,12.150275774388785,11.423081921930017,0.6535145583798403,0.8997625818379253,-9.480822271690032,0.5553239798615315,0.7327479772990311
2017-04-17,23.10265297724845,21.951854719029043,0.7289937056222366,9.005101568474139,0.9131795505515832,True,18.721702096104583,17.740345600189432,0.6988020467252781,0.90781276306612,-9.195389849760495,0.8490297392484957,0.8025170344687098
2017-04-20,16.567885136995667,15.52635878874904,0.6872469935132578,9.684584847829392,0.8853268388392559,True,18.549396739375872,17.5632266552742,0.6978776424683165,0.906013889127971,-9.234525449606007,0.8238668284487772,0.8153269108567502
2017-04-25,20.984136552435555,20.10497871010071,0.762254674495182,9.085952149982434,0.9007442054224744,True,20.01024062721168,19.088277888170104,0.7365038616844358,0.9055923144315312,-9.145381469831865,0.7791793470718468,0.812435105753958
2017-04-28,15.611675061259218,14.70014723067068,0.7053085765432667,9.75059817871908,0.8800524723777869,True,19.658355381935483,18.737227435570148,0.7340082388731423,0.9035491270672318,-9.193798806542842,0.8130078419910857,0.8127787474962346
2017-05-03,11.55697143594799,10.68576702038232,0.6615507584867153,10.408703231981452,0.8652020223542803,True,19.010244666256483,18.09311060235512,0.7282116404422281,0.9004813586901957,-9.290991160577931,0.7931117704137234,0.8112053893296337
2017-05-08,8.326062224708421,7.552905443427662,0.6074808016180305,11.006639666448972,0.8453331301488107,True,18.15551007093264,17.249894189640926,0.7185531733362923,0.8960695004068849,-9.428243041047615,0.7158035940969757,0.8035732457110211
2017-05-11,7.555839868297192,6.777987706267383,0.5782146930704216,11.236860735109742,0.8441909057188216,True,17.307536454721806,16.412141670971042,0.7073260949150226,0.8919192128318398,-9.572932456572586,0.6837295210531357,0.7939857477383903
2017-05-16,4.614856246793743,3.828279309142437,0.4075885876085191,11.812227615361351,0.8263244090554627,True,16.292122038087562,15.405432682024756,0.6833470943305023,0.8866716285297297,-9.752076069275688,0.5195074990640263,0.7720274878444411
2017-05-19,16.111271558253197,15.124686176040216,0.6858027152151925,9.539971176796003,0.8827547259615728,True,16.277653999700814,15.382972961545994,0.6848204668613165,0.8863582763242771,-9.624813133787878,0.8536388036975104,0.8209942773562827
2017-05-24,12.102084136311968,11.115078401550392,0.611054983393458,9.937483590683104,0.8722818851149274,True,15.943608410629707,15.041541396746346,0.6789192281838878,0.8852321650275291,-9.649826770339498,0.7659588797718843,0.8165914455495309
2017-05-30,10.83365857436519,9.84588332645814,0.566882754991207,9.982398763519743,0.8667498679118438,True,15.534812423728546,14.625888751123291,0.6699563103284735,0.8837535812582743,-9.676432529793916,0.7068389191971827,0.807811243441343
2017-06-02,14.485192014869757,13.320288742293046,0.6032837261526645,9.737411927547871,0.8702733427843451,False,15.450842791019843,14.521440750416872,0.6646225035944088,0.8826751621803599,-9.681310881614234,0.7523331368489764,0.8033729949139538
2017-06-07,13.469792633214595,12.305254931544113,0.5702496582970698,9.712932461454413,0.8680018666179128,False,15.292358778395425,14.344145884907052,0.6570726759706217,0.8815012985353642,-9.683840608001448,0.5632731156219405,0.7841650045705927
2017-06-12,9.16476839478179,8.006396565259168,0.4178405613208373,9.75222309158524,0.8833924522289789,False,14.802151547706336,13.837125939335222,0.6379341067986389,0.882635990751533,-9.689311206688153,0.24981439338810732,0.741416955675994
2017-06-15,2.744279731629805,2.0737975447381425,0.2092560286255986,11.69010103596929,0.8594770594333674,False,13.837521802420214,12.896059667767457,0.6036398605447957,0.8807832762460799,-9.849374393030642,0.133074010920685,0.6927495200955692
2017-06-20,1.899874587022562,1.404868676850963,0.1299603919929648,11.547211280435118,0.8609430584937027,False,12.882510025188402,11.976764388494136,0.5657455030606492,0.8791960588258898,-9.985201344023,0.0354903184069793,0.640168783960482
2017-06-23,1.774679021812908,1.3341498372131868,0.1419723316420554,11.2065666719728,0.8619141344219612,False,11.993883544918363,11.12535522439166,0.5318436493471617,0.8778135048735756,-10.082910570258983,0.070128350685416,0.5945655492984768
2017-06-28,2.5083041758603426,1.9523729644698733,0.1694186050470586,10.43867769646767,0.8733482928144992,False,11.235037195393724,10.391516643597916,0.5028496458031534,0.8774562879088494,-10.11137194035568,0.07063061115956346,0.5526507542473638
2017-07-03,1.850707637252336,1.43272574434939,0.1244486458795346,10.518668462521251,0.8806729750399614,False,10.484290830742411,9.674813371658034,0.4725775658092639,0.8793863001875166,-10.143955662128926,0.06939476936189923,0.5139902754565266
2017-07-07,2.260186124733853,1.816482085096702,0.1587578553191268,9.946910077912984,0.885800865101837,False,9.826362454261728,9.046146868733128,0.4474719889700529,0.8832350391361088,-10.02572831159936,0.11363570119835628,0.48196190951587303
2017-07-12,2.6411253228025293,2.2542528190406643,0.2863283121901311,10.237820428668265,0.8689991251335487,False,9.251543483744994,8.50279534475773,0.4345804948276592,0.882096166015904,-10.042695680964872,0.44845944586604075,0.4792817124238865
2017-07-17,3.4863441369817267,3.0623088294862515,0.3378825604047137,10.064040910795294,0.8707861535695847,False,8.790327536003932,8.067556423536013,0.4268446600738236,0.8811913650201985,-10.044403299351304,0.4960418007754793,0.4893377654348422
2017-07-20,3.602941414613326,3.184283057822458,0.3911725800375639,10.42280044687889,0.851302162645232,False,8.375336646292684,7.676894554278929,0.4239908936709228,0.8788002288302011,-10.074675071153512,0.4460192720550305,0.4858722859644573
2017-07-25,3.003160974097712,2.578025256169285,0.2711873284147606,10.357713134502625,0.8625488068972399,False,7.945562592517087,7.268985010430158,0.4117666084504299,0.8775001150755642,-10.09731811622144,0.2757347780349866,0.46906128533009966
2017-07-28,1.0708238714327585,0.7872907319577157,0.1436695749883257,12.015390974916524,0.8417114378002811,False,7.39558349483034,6.750449468152363,0.3903188457734615,0.8746370208935417,-10.250763944917049,0.12028170603182824,0.44115891898623794
2017-08-02,0.8541357912246204,0.6193846909886965,0.1566445816958533,12.179866500362907,0.8297867767686758,True,6.872267678541883,6.25996428597927,0.3716249046472529,0.8710490013635525,-10.405092149352718,0.13889739701627377,0.4169779972286408
2017-08-07,0.6908664369392254,0.4637754451626314,0.1414957553234438,12.952437240341828,0.8317626303301254,True,6.377755579213671,5.796269178713938,0.3532145727013482,0.8679060916808783,-10.608879756631849,0.25946560192650475,0.40437700560447
2017-08-10,2.021613628889697,1.5948792253662312,0.2912125406971515,11.908297979910598,0.8430367757974028,True,6.029264223187753,5.460157982446122,0.3482544101410125,0.8659165464102002,-10.712833214494148,0.3196272481880485,0.3975970250111563
2017-08-15,3.123069786182817,2.5371161913758,0.3250169962699023,11.624449644566996,0.8473587886475968,True,5.796768668227359,5.226314639160496,0.3463954170313237,0.8644319257891919,-10.785762528899976,0.4076011154014542,0.403599479245335
2017-08-18,8.551271334454896,7.733116451544023,0.5306763256847421,9.84155852128775,0.8741840646744826,True,7.449470267963881,6.730395726590612,0.4569639622233747,0.8702832091203663,-10.21924012433264,0.5759556889341785,0.5070132050586411
2017-08-23,12.169082844277307,11.360340759979174,0.6268109436206791,8.899508038375254,0.8809154349509735,True,10.281237813751936,9.50836274662375,0.5588721510617574,0.8766625446187306,-9.42740087275821,0.6177827287500341,0.5734749192734769
2017-08-28,20.07355078048532,19.347073584199943,0.7800874013430721,8.381082208609218,0.8796638037248271,True,16.156625593791965,15.411589249169465,0.6916013012305462,0.8784633000823885,-8.799609674268815,0.8888361432856957,0.7626916536808082
2017-08-31,24.34607661807377,23.87967733967352,0.8714447718276297,8.139944368268763,0.8744864734064232,True,21.07029620836105,20.49244210347189,0.7995073835887962,0.8781451539483113,-8.403810490668784,0.9830895129362153,0.8949303692340524
2017-09-06,30.19427408856971,29.465458211494017,0.8349825058803898,7.877056058404823,0.8871031370419592,True,26.544682936486247,25.876251768285165,0.8207924569637524,0.8835199438045,-8.087757831310407,0.8688220188697279,0.8928417012049065
2017-09-11,25.42969492505224,24.816911503421316,0.8320074213061079,7.738010264494834,0.8947523964388642,True,26.455483895571525,25.791504547096057,0.8275214355691658,0.8902594153851184,-7.877909291221063,0.9513571032578748,0.9279509424366874
2017-09-14,18.49918007674362,17.88012740713065,0.7685505836342966,8.421507150976433,0.8727769844533949,True,25.818979590065293,25.158594375898826,0.8228037674143762,0.8888608209105806,-7.921397120001493,0.8834012812174917,0.9243869695391518
2017-09-19,8.080800396000525,7.101478911863262,0.4663926032890773,10.399707378928344,0.8546014765647205,True,24.399925254540115,23.71402513877598,0.7942908742843523,0.8861200733629118,-8.119661940715641,0.4636836181245966,0.8875307014259874
2017-09-22,6.913059186823522,5.892379147888654,0.4112144737154348,10.967665913974454,0.8433080551315763,True,23.000975969122788,22.288293459504995,0.7636447622388389,0.882695111904405,-8.347502258576347,0.4039771224208823,0.848846415105579
2017-09-27,5.066081176809984,4.200400932656141,0.3647687393079344,11.398245109707108,0.838523213775653,True,21.566184385737767,20.841262057357085,0.7317346804043666,0.8791613600541048,-8.591561686666807,0.32847174651910616,0.8072164416186612
2017-10-02,5.391595074977093,4.5425766787573965,0.4025205510085478,11.28830568919008,0.8353135979413266,True,20.272217240876916,19.53736722706911,0.7053975500527011,0.8756535390850827,-8.807301206868669,0.35688729946503184,0.771190110246371
2017-10-05,1.646233579564444,1.17351428777537,0.2228709949791641,13.153501777322523,0.7839155691876402,True,18.782138547971915,18.06825899192561,0.6667954256468182,0.8683145014932874,-9.15499725250498,0.27388758392764917,0.7314059081408733
2017-10-10,0.9713638356725438,0.6203062416558758,0.1773384847772668,13.78207538150962,0.7784097140483749,True,17.357276570987963,16.672422771904035,0.6276388703772541,0.8611221184976945,-9.52516350282535,0.2240866860269084,0.6908203703717561
2017-10-13,1.4541305718253863,0.9939494610449068,0.2331800007138899,13.689871420489554,0.7947244304860739,False,16.085024891054957,15.418144907035304,0.596082160804185,0.8558103034567649,-9.858340136238487,0.2942667431694138,0.6590960801955688
2017-10-18,0.7650165058481097,0.4552465261796097,0.1467764893601374,14.084041360541605,0.808240773353484,False,14.85942422023841,14.22111303656685,0.5601377070886612,0.8520047410485025,-10.196396234182735,0.10393996158903615,0.6146835907070461
2017-10-23,1.3651666430498213,0.9182965544628712,0.1907647079827322,13.38457696272756,0.8134931855379953,False,13.779883614063325,13.156887717998533,0.5305878671601869,0.848923816607662,-10.451450692466324,0.22629716603173872,0.5836126767330215
2017-10-26,1.460363910221273,1.033048968403466,0.2389933257145288,13.161008390257583,0.817019240262121,False,12.794322037755958,12.186980618030928,0.5072603038445344,0.8463714505000187,-10.668215308289623,0.2850821563995716,0.5597302351063456
2017-10-31,1.2795695331791377,0.930385182811164,0.2472927615372565,12.939098542903713,0.8103025304724071,False,11.873141837389811,11.286452983213348,0.4864629004599521,0.8434859368978098,-10.849885967058752,0.3497980242549736,0.5429356582382359
2017-11-03,0.9626958261977824,0.6677206526256707,0.2411421824091993,13.566703389081312,0.7801403431564379,False,11.000306156494451,10.436954396766335,0.4668372430158919,0.8384182893985002,-11.067231360820555,0.2969112151816616,0.52325370279371
2017-11-08,0.7011542716227886,0.4856678081260768,0.2344743822606983,13.621736916573877,0.7842127119013831,False,10.176374005704718,9.640851469675114,0.4482482141554765,0.8340818431987308,-11.271591805280822,0.19771411571743702,0.49721053582760816
2017-11-13,0.9798376875942544,0.707507517673998,0.2638654283700399,13.22418880697661,0.8036766191440011,False,9.440651100255884,8.926183953515025,0.4334975912926416,0.8316494252743525,-11.427799565416484,0.20457871574540107,0.4737999902210316
2017-11-16,1.3386381652984256,0.9806595136583008,0.2037580720414884,12.47890016466636,0.8275577100599621,False,8.792490065459287,8.29054199832649,0.4151184297525493,0.8313220880572013,-11.511887613356476,0.22576374847113762,0.4539570908810401
2017-11-21,0.7620624997587215,0.547573991634692,0.1560841441498309,12.426586829889468,0.8260488845620955,False,8.150055860203242,7.671104557791145,0.3943956869043319,0.8309002317775929,-11.585063550679116,0.23687204228804815,0.4365902869936007
2017-11-27,1.1577981149353302,0.8469977792887202,0.143902846326673,12.041853238997478,0.8276690746621534,False,7.590675240581809,7.125176015510951,0.3743562596581192,0.8306417392083577,-11.621606725744584,0.11312509886437268,0.4107130719432625
2017-11-30,3.4461698348153003,2.766650999185705,0.2073642668587869,10.53934267007267,0.865410160335852,False,7.259114808120489,6.776494014204932,0.3609969002341726,0.8515027918848543,-10.972248292341437,0.10765458790891635,0.3864683932205148
2017-12-05,4.078069512832569,3.270619024706669,0.1541398253288776,10.22696992379991,0.8730082570868305,False,7.004631184497456,6.496024015045071,0.3444483342417491,0.86440607100604,-10.52508127121652,0.05112233743022245,0.3596407087572914
2017-12-08,5.5858483595291935,4.57244312867445,0.1953735598089858,10.024158642358415,0.8719539981470328,False,6.891128558499995,6.342137544135422,0.332522352287128,0.8689348272906356,-10.224527693901658,0.07504778447310177,0.3368732748145563
2017-12-13,4.315944702548145,3.4502138114537364,0.1994630322143736,10.426131432348374,0.8556723568531874,False,6.685113850023847,6.110783645520888,0.3218776066813077,0.8678738296556399,-10.240655992977397,0.10819622371995073,0.3185791107269879
2017-12-18,4.859044730775806,4.043689706527129,0.334886871968194,10.729334112441986,0.8498756311318142,False,6.539028320484005,5.945416130401387,0.3296831658534395,0.8664339737737339,-10.279750242534565,0.26612714727107145,0.3143829536505146
2017-12-21,6.884862287366347,5.81487121741007,0.3755290093142684,10.667281422453152,0.8587060373885109,False,6.7465287006134105,5.934972537362082,0.3571906719299368,0.8658157388629161,-10.31075273692805,0.2976976491638124,0.31304812929157844
2017-12-27,6.049456035178489,5.036875055344957,0.365177772582524,10.79965836893423,0.8560480546366567,False,6.690762887378617,5.863124738800712,0.3619829323214891,0.8650343241248154,-10.349865187488543,0.30668460044414986,0.3125390469837842
2018-01-02,5.108837780847631,4.242834892308242,0.3213977632549737,10.396436546664445,0.8612997760842153,False,6.564208878856139,5.733501551081315,0.3587361187961679,0.8647355602815674,-10.353590896222617,0.27550366960751255,0.30957621679368247
2018-01-05,3.7463979355036,2.951560780727666,0.2831166660284763,11.178899216395251,0.8448467446261064,False,6.338784003387936,5.510946289453024,0.3526865625747525,0.8631444550291305,-10.419615561836428,0.20707360298548344,0.30137600768902656
2018-01-10,4.097019348408268,3.294337037113627,0.3031178087983087,10.929324887677032,0.8509481710305169,False,6.159442830989563,5.333617549265872,0.348721062272637,0.8621687523092415,-10.460392307903678,0.27716911987052617,0.29943945666354654
2018-01-16,2.7546977100420333,2.1995459458475035,0.3057420518730986,11.361958349182414,0.8467239224737875,True,5.887063221313761,5.082891820992403,0.345282741440674,0.8609331659224053,-10.532517591205975,0.2997355282480026,0.2996170996142202
2018-01-19,1.4110336829403003,1.0327424166041708,0.1528243285128854,11.706346959622577,0.8504822471639057,True,5.528980858243884,4.758879868641345,0.3298860684064509,0.8600970924217254,-10.626423940679306,0.1127741997495143,0.2846696676250437
2018-01-24,1.187892334026884,0.8362694918771507,0.163526088124677,12.210031424239371,0.843923809397009,True,5.181693776306524,4.44507103850021,0.316577269983909,0.8588032297797481,-10.753112539364112,0.18087071973381286,0.2763657517937453
2018-01-29,1.829282078903102,1.4318732153226474,0.289104485293433,12.081205893965924,0.8348931638879509,True,4.913500840514251,4.204015212646005,0.314379447208671,0.8568904245084044,-10.859360007732258,0.32101995829168756,0.30315827569251064
2018-02-01,4.373173749769339,3.79803049840026,0.4635560385055166,11.077611968129997,0.8471416397141543,True,4.8702746732546585,4.171536435506345,0.4038854019867783,0.8561105217248643,-10.876820164564078,0.6046824456573718,0.48407277767142737
2018-02-06,46.56414921620674,46.30090540148199,0.95478549397817,5.454478749352315,0.9007550264712916,True,29.886599399025904,29.44915781509173,0.7344254571816133,0.8828972245727206,-7.62341531543702,0.9896307916147423,0.7874075860374163
2018-02-09,56.36452842921219,56.2804441856008,0.9866645130855184,4.546032591846976,0.9150146483017138,True,45.77335681713768,45.547929637397175,0.8857688907239564,0.9021676788101164,-5.776985681282994,0.98996496805828,0.9089420152499346
2018-02-14,48.156527783109006,48.07086308705994,0.9840321737519364,4.4045600698953535,0.9190510248989816,True,47.20325939672048,47.06168970719483,0.9447268605407444,0.9122976864634356,-4.9535303144504095,1.0,0.9635768060999739
2018-02-20,70.42876468483077,70.33503774414346,0.9876857211036644,4.404975941107649,0.9206081709525886,False,61.13856256958665,61.02569852936401,0.9705021768784964,0.9172839771569272,-4.624397690444753,0.9857726707503903,0.9768943248902238
2018-02-23,93.30210146952052,93.28430084572987,0.9981988808738538,3.957991525483727,0.928113023201464,False,80.43668590954697,80.38085991918354,0.9871201992757108,0.9237814047836492,-4.224553991468137,1.0,0.9907577299560895
2018-02-28,127.347238847852,127.347238847852,1.0,3.782582002975316,0.9272043673377256,False,108.58301767253,108.5606872763846,0.9948480797102844,0.9258351823160952,-3.959370798372445,1.0,0.9963030919824358
2018-03-05,125.00112547494112,125.00112547494112,1.0,3.6140702647646488,0.9367008382981178,False,118.43388235397668,118.42495019551852,0.9979392318841136,0.9323545759053088,-3.752190478207767,1.0,0.9985212367929743
2018-03-08,92.34025270838808,92.297804382058,0.995789449403775,4.514364609882143,0.9183670974737232,False,116.34639198232958,116.33477853044168,0.9977672492856866,0.931235577630782,-3.813164408741717,1.0,0.9994084947171897
2018-03-13,51.77091088902255,51.63945752914734,0.979716086260278,6.377618731152699,0.884583989345238,False,111.18035349486502,111.15915285033812,0.996323156243654,0.9275034505679384,-4.018320754534596,1.0,0.9997633978868758
2018-03-16,60.28654794233998,60.1653073249517,0.9835691727167452,6.190751128809202,0.8900338923302199,True,107.10884905066304,107.07964520830724,0.9953028375615014,0.924505885908921,-4.192115184476565,1.0,0.9999053591547503
2018-03-21,57.272764353786535,57.11934283690036,0.97942744385974,6.4261752351038,0.8816498931268514,True,103.1219622749129,103.08282101859469,0.9940328060653604,0.9210774064863556,-4.370839988526744,0.9674318249970143,0.9973074764221315
2018-03-26,120.28930695990611,120.25688100556135,0.9976345320757034,4.965345130930885,0.9128905714927475,True,113.42236908590884,113.38725701077468,0.9961938416715662,0.9204224596868668,-4.418400399919076,1.0,0.9989229905688526
2018-03-29,116.99977465606952,116.667360996976,0.975026316633316,5.436018388601665,0.9134566690771452,True,115.56881242800524,115.35531940249548,0.9945004396685064,0.9198651964380892,-4.4998098390136825,1.0,0.999569196227541
2018-04-04,122.09544509905145,121.99034050788572,0.9925248935371264,4.633211031202852,0.9317482742843798,True,119.48479203063296,119.33633206572962,0.994342395977996,0.9269950431458636,-4.5104819343888165,1.0,0.9998276784910164
2018-04-09,116.90868556700693,116.87587791759672,0.997494241967712,4.418898531618122,0.9373643903019402,True,119.2787035135429,119.139495733879,0.9962335035718256,0.9332166514395096,-4.4555318927264,1.0,0.9999310713964066
2018-04-12,126.55700052945956,126.47838325998568,0.994219733814846,4.2541717323977455,0.9420021407350018,True,123.6456817230929,123.542828249543,0.9960724019912676,0.9384879450168048,-4.334715796529207,1.0,0.9999724285585626
2018-04-17,126.17697417759408,126.13634221329444,0.9970782289333264,4.50002234499687,0.9354393723294228,True,125.1644571957936,125.09893662779388,0.9966758981565028,0.9382440592018144,-4.347940320406621,1.0,0.999988971423425
2018-04-20,59.55381428345304,59.36230356019766,0.972761852746932,5.181012011428811,0.92409361746439,True,119.91560576280636,119.8400059823862,0.9947627745237372,0.9371120238628206,-4.414586055688396,1.0,0.99999558856937
2018-04-25,28.036266309455463,27.79315732935068,0.937038709413475,7.121508279410526,0.8898447828130692,True,112.56525860653832,112.47625809014336,0.9901448493149164,0.9333306445788404,-4.631139833586166,0.9773070948460937,0.9981805090715079
2018-04-30,19.603474935589823,18.937238102018657,0.7860129660759158,8.24535679698381,0.8690209801915867,True,105.12831591286243,104.9931364910934,0.9738142986557964,0.9281858714278602,-4.920277190657979,0.8748457428409363,0.9883137277730623
2018-05-03,13.847593772490638,12.96899612738631,0.6546882873222613,9.310793980385554,0.8457004807384736,True,97.8258581416327,97.63120526199684,0.9482842177491136,0.9215870401727092,-5.271518533836185,0.5730895770511972,0.9550957957153131
2018-05-08,3.414343641383343,2.817325278540097,0.3153565383506273,11.207118626486285,0.8283957402244514,True,90.27293698161274,90.04609486332029,0.8976500033972348,0.9141317361768488,-5.746366541248193,0.3478104207861534,0.9065129657209804
2018-05-11,2.627835941138294,2.143431022241993,0.327323733017043,11.567315210208134,0.813251560694936,True,83.2613288983748,83.01388175603402,0.8520239017668195,0.9060613221382956,-6.212042434764989,0.38754781906877045,0.8649957539888036
2018-05-16,4.059098347784944,3.375548170912187,0.3539186681077271,11.062987865981713,0.834831758664913,True,76.92515045432762,76.64281506922428,0.8121754830740923,0.9003629570604251,-6.600118069262327,0.3739786879525634,0.8257143887059043
2018-05-21,7.183760609990009,6.385850664884842,0.5190163882309257,10.728008106944603,0.8259177813851984,True,71.34583926678062,71.02225791687714,0.788722755486639,0.894407343006407,-6.930349272276908,0.5939914206077074,0.8071765512580485
2018-05-24,7.505466702418096,6.79704497382868,0.5511882266358074,10.230398789556968,0.8334367855944107,True,66.23860946163163,65.88424088143326,0.7697199931785724,0.8895296984134473,-7.194353233659314,0.5923284793665211,0.7899887055067263
2018-05-30,21.309172679684128,20.957877214645567,0.8929998071373124,8.258317465683415,0.863126002017405,True,62.64425451907583,62.29013178809024,0.8436878815538165,0.887417402701764,-7.279470372221242,0.9770577996570685,0.9022301619969315
2018-06-04,23.57984378877045,23.13965660653544,0.8758408495244833,8.058608055086586,0.8796864433959085,True,59.5191016606514,59.15809377356587,0.8629796623362166,0.8867989259572955,-7.34180138685047,0.9556112175107989,0.9342587953052519
2018-06-07,19.64018536345845,19.311754803984226,0.8919099618411598,7.900541543183709,0.8791478453699443,True,56.32878835687597,55.97038665599933,0.8803378420391825,0.8861868395103074,-7.386500599357129,0.9446514775098084,0.9404944046279858
2018-06-12,17.546340587893592,17.151330014914805,0.8571485919847499,7.998656981376872,0.8808413304358794,True,53.22619253535738,52.86486212471257,0.8784827020348279,0.8857591987843532,-7.435473109918709,0.8967435865454729,0.9369943391813849
2018-06-15,19.22744614239307,18.77605081771017,0.8593329384832246,8.335785811126819,0.8805011648127438,True,50.50629282392024,50.13775722015239,0.8769507209506997,0.8853385560666245,-7.507498126015358,0.9438974846219846,0.9411362264457448
2018-06-20,27.30053782119952,26.555611619135007,0.8332183205003673,8.41931440435835,0.8808578390166381,True,48.64983242370258,48.251185572071,0.8734521289146732,0.8849800987026256,-7.580443428282797,0.8958552367835177,0.9375137472727666
2018-06-25,32.041346718440664,31.473975195489547,0.8764185812827007,7.752985924375485,0.8841764422258307,True,47.32115356728163,46.90900874194448,0.8752320003354896,0.884915806184482,-7.594246827970213,0.8713246652858748,0.9322186207138152
2018-06-28,12.443772092807023,11.76464483340576,0.6736417433302663,9.321247303271097,0.8585180956517737,True,44.53096304932366,44.09745962926139,0.8591047797750718,0.8828039893418653,-7.732406865994284,0.700790573479358,0.9137043769350587
2018-07-03,5.855824588935944,5.306784747936513,0.5518918577610231,10.539117944340322,0.8572908224986733,True,41.43695197249264,40.9942056387554,0.834527746013948,0.8807629359944099,-7.956943752261968,0.6234844612702539,0.8904867836818744
2018-07-09,7.514830305226916,6.840344364934612,0.5435782827707791,9.67965155999597,0.8763673489632562,True,38.72318223911139,38.261896736849735,0.8112517889544945,0.8804112890319176,-8.094760376880688,0.5139493074597044,0.8603637855841009
2018-07-12,11.596017192915545,10.674327555290947,0.5594371103067253,8.837931472674686,0.8835179872842093,True,36.55300903541573,36.05489120232503,0.791106614662673,0.8822753079832926,-8.154214064544208,0.6241540736156371,0.8414670086266238
2018-07-17,8.570959078214328,7.731856533879444,0.4682104995787151,9.412639146152186,0.8791990145331852,True,34.31444503883962,33.789048428849384,0.7652749254559564,0.8820292045072841,-8.254888071072847,0.44621834188971005,0.8098471152876708
2018-07-20,5.630579138458996,4.880435089044109,0.3700339555809324,10.04872196426668,0.8645797140647483,True,32.01973576680918,31.476359361664965,0.7336556478659546,0.8806332452718812,-8.398394782528353,0.31303599104106383,0.7701022253479423
2018-07-25,3.32085697083016,2.692582405771807,0.2297547474859999,10.564301264486806,0.8647237869423064,True,29.723825463130854,29.173657205193518,0.6933435758355583,0.8793604886055153,-8.571667301085029,0.16157212289922596,0.721419817152045
2018-07-30,1.4094897597419334,1.0920055360973844,0.1475450728332471,11.0218809602309,0.8521017746887488,True,27.458678606859745,26.927125071665824,0.6496796955953734,0.8771797914921741,-8.767684393816698,0.10329746978623346,0.67197002936278
2018-08-02,1.3640042417150735,1.015516719464789,0.1177528675917129,11.497439963833616,0.8376057423522291,True,25.37110465764817,24.854196403489745,0.6071255493550806,0.8740138675609785,-8.98606483941805,0.08204369523949478,0.6247759226329173
2018-08-07,1.186017854830509,0.8511135152918797,0.1325923961948131,12.22856940778242,0.8225947801591725,True,23.43629771342276,22.93394977243392,0.5691628971022591,0.869900340568834,-9.245465204887202,0.11645314688279644,0.5841101005729076
2018-08-10,0.8710294640618529,0.6079157363133282,0.1310246229440395,12.75610947467446,0.8090126102676777,True,21.63107625347389,21.147867049544278,0.5341118351696016,0.8650293221447415,-9.526316746470185,0.18748761118812568,0.552380301422125
2018-08-15,1.8999057226266969,1.4374518285238405,0.1605946858169572,11.632586547285758,0.8348155607532258,True,20.052582611006116,19.57103383186264,0.5042304632213901,0.8626122212334203,-9.69481833053543,0.22080303979886978,0.5258541204922647
2018-08-20,4.086480422501579,3.4538525072394632,0.3477616352075589,10.903271370152597,0.8429374030563823,True,18.77529443592575,18.281659325892782,0.4917129569802836,0.8610382357792573,-9.791494573704805,0.31503087642091315,0.5089882609665566
2018-08-23,4.01406428846227,3.3759192432333074,0.3490089292060518,10.838910687022162,0.848744148291955,True,17.59439602412867,17.089200119280026,0.480296634758345,0.8600547087802731,-9.875287862770191,0.3502239924561471,0.49628711948572385
2018-08-28,12.44784086360307,11.508046225895484,0.6264525176853125,9.970029765547348,0.8551350925760619,True,17.182671611286622,16.642707807809263,0.5679901645145256,0.8596611394839363,-9.882867214992364,0.6468980914524927,0.5866537026657851
2018-08-31,17.690229076467098,16.65863899135532,0.6774996502201805,9.12809923065828,0.8722229613479618,True,17.487206090394906,16.652266517936898,0.6336958559379186,0.8671982326023517,-9.430006424391914,0.6720171492766929,0.6378717706323298
2018-09-06,14.719161549657889,13.49886181334062,0.5451875299257928,9.15768031262038,0.8710198313574903,True,17.265762527135944,16.399994141569195,0.6266151898569485,0.8694911918554349,-9.266610757328992,0.5172275695254674,0.6282202345437808
2018-09-11,8.032732723609675,7.077220346606899,0.4461575178468286,10.31002975465764,0.8475708502130138,True,16.527120142853843,15.654172237972212,0.612178576096139,0.8677375645240413,-9.350084277115284,0.4592726865717178,0.6147044307060159
2018-09-14,1.773010198780517,1.2317544712879545,0.1454285758701912,11.754810395527782,0.823474049304124,True,15.346791347327978,14.500378816637472,0.5748385760780632,0.8641964833064479,-9.542462366588286,0.10040901896704765,0.5735607977668984
2018-09-19,3.136348856577736,2.3818755189527447,0.1980729567886815,11.30625018654053,0.8326311387113775,True,14.36995594806796,13.530898552822697,0.5446973265349128,0.8616712557388423,-9.683565392184464,0.10154409260592731,0.5357994613540208
2018-09-24,3.764494137508197,2.919858598927888,0.1976090404903485,11.217065640723751,0.8286091705679601,True,13.521519003223178,12.682015356511112,0.5169302636513476,0.8590262889251719,-9.806245412067607,0.08313762412814088,0.4995865143759504
2018-09-27,2.507551901825522,1.8789385746058875,0.1536551950241526,11.56958446214791,0.8155158581893908,True,12.640401635111363,11.817769213958696,0.4878682581611721,0.8555454544663094,-9.947312536074032,0.0772037964933621,0.4657958969453434
2018-10-02,2.3197982579923453,1.757302312023335,0.1721779247928632,11.87365022184649,0.8248844122613403,True,11.814753364941843,11.012931861803866,0.4626130314917074,0.853092571089912,-10.10141955093583,0.09429397541298967,0.4360757432227551
2018-10-05,1.6771432928732766,1.2535332132817252,0.1857405242211484,11.968356412294783,0.8294487897359001,True,11.00374455917636,10.232179969922097,0.4404632309100627,0.8512010685815911,-10.250774499844548,0.09830624177597679,0.40905418310701286
2018-10-10,15.819482993364876,15.374839485633734,0.8126419181880365,8.104732038057923,0.8909019378996991,True,13.89318761968947,13.317775679349078,0.663770443276847,0.8750215901724558,-8.963149022772573,0.8047207616129375,0.6464541302105676
2018-10-15,22.33660980000334,21.925244816845165,0.8619424000996988,6.992873224575741,0.903649315858752,True,18.959240927877797,18.48225716184673,0.782673617370558,0.8921982255842336,-7.780983543854473,0.8750548609726587,0.7836145686678222
2018-10-18,26.52138916133773,26.15819307677452,0.8926542052109065,6.887622165406339,0.8978925768974731,True,23.496529867953758,23.087818710803404,0.8486619700747671,0.8956148363721773,-7.244966716785592,0.952639456673733,0.8850295014713686
2018-10-23,24.73052544576564,24.085456356588885,0.8041065695508564,7.283638796388965,0.9011236788411228,True,24.23692721464089,23.68640129827469,0.8450975380328543,0.8989201418535444,-7.248060483153863,0.8198630234444004,0.8798161832292112
2018-10-26,42.62793911351188,41.7771927630125,0.8456883666963155,6.589423538243753,0.8993121703670419,True,35.27153435396348,34.540876177117376,0.845452035230931,0.8991553589616429,-6.852878316207797,0.8999161800126633,0.8918761812992824
2018-10-31,41.46365816598465,40.75205446315229,0.8643849654222507,6.435597924411917,0.8955160742390734,True,38.98680864117618,38.267583148738325,0.8568117933457229,0.8988642161838374,-6.602510081130269,0.8593771440881012,0.8892762583223879
2018-11-05,39.36889106135477,38.66898178225114,0.8618511674459728,6.851043173251496,0.8862599751622218,True,39.21605809328334,38.50842232884602,0.8598354178058729,0.8978558769021082,-6.622392728499968,0.8333827323323312,0.8848047762431834
2018-11-08,28.473645584831416,27.673402392597588,0.8157243866303614,7.992360365751603,0.8678994077391424,True,38.35666509260719,37.64162073394615,0.856306535311832,0.895459359369071,-6.731990139480099,0.844185453440018,0.8815552304189302
2018-11-13,28.827272680664574,27.931320957507456,0.8020641193060637,8.027106444061499,0.8665595695881619,True,37.594313699651785,36.86479675183106,0.8519671420313705,0.8931473761865982,-6.835599443846611,0.8873577804666726,0.8850367604475756
2018-11-16,33.87698895088895,32.99520253290431,0.8286724188404754,7.636210730212679,0.8779633952602658,True,37.29692771975076,36.55522921431693,0.8501035641760989,0.8919326577124916,-6.899648346755897,0.9085922974615431,0.8991700826559561
2018-11-21,23.65501798186841,23.21197722358323,0.8716437706687322,7.949413024415059,0.8697004682292236,True,36.205574940720176,35.48776905505823,0.863027688071679,0.8901540825538302,-6.983629520968631,0.9509330447468183,0.9302278599104734
2018-11-27,27.905357728776103,27.514243589547423,0.897621273462921,7.562972567563622,0.8826298577183718,True,35.54155756376465,34.849887017817366,0.8837838393064241,0.8895521445669935,-7.02997696469623,0.9420681626589099,0.9373320415595353
2018-11-30,46.8406122274925,46.46112010374194,0.93711034596884,6.976624458126444,0.890979571667898,True,42.32099036200136,41.81662686937211,0.9157797433038736,0.8904086008275361,-6.997965460754358,0.8751416621508071,0.932356811206837
2018-12-06,62.15435747602527,61.60717343007165,0.9226422710397644,5.7664745326666,0.9178408842758244,True,54.221010630415705,53.69095480579183,0.919897259945408,0.9068679708965092,-6.259070903901703,0.9274403700860718,0.9319634959171759
2018-12-11,56.66075508330745,56.14256587009089,0.9224221628285392,5.623203437130219,0.9218135886535738,True,55.684857302150746,55.16192144437127,0.9214122016752868,0.915835341550748,-5.877550423838812,0.929261657782736,0.9317473488664207
2018-12-14,57.83597003045775,57.37597515258469,0.9344723255905296,5.713924690173038,0.9201255532458832,True,56.97552493913495,56.49035366929932,0.9292482760244324,0.9184094685678292,-5.779374983639348,0.9322258653076158,0.9320344587311378
2018-12-19,57.58754104032375,57.13568659150052,0.9316522673913852,5.528382026918241,0.9220744835930176,True,57.34273459984823,56.87755342262004,0.930690670844604,0.9206084775829422,-5.628779209606684,0.9048426487869519,0.9298591139356029
2018-12-24,56.57821262969206,56.31345784096125,0.957989123442131,5.405352969405242,0.9185280909643216,True,57.28157284223574,56.83242577608734,0.9470697424031204,0.9204420466534524,-5.494723465485818,1.0,0.9719436455742412
2018-12-28,123.3522438309228,123.28809047105752,0.9950849174234042,4.158150552212239,0.9386631821778314,True,96.92397543544796,96.70582459306944,0.9758788474152906,0.9313747279680796,-4.69277971752167,1.0,0.9887774582296964
2019-01-03,96.85916681296176,96.82894772112516,0.9970514027175084,4.1294784596095,0.9391709458007486,False,96.91879074564908,96.77969846990288,0.9885823805966212,0.936052458667681,-4.354798962774368,1.0,0.9955109832918786
2019-01-08,121.32605091063458,121.32605091063458,1.0,3.858786022584585,0.9433440973436172,False,111.5631468446404,111.5075099343419,0.9954329522386484,0.9404274418732428,-4.057191198660499,1.0,0.9982043933167515
2019-01-11,121.12307425894276,121.12307425894276,1.0,3.794958296491507,0.941558795435637,False,117.2991032932218,117.2768485291024,0.9981731808954594,0.9411062540106792,-3.899851457359104,1.0,0.9992817573267005
2019-01-16,99.4202456589952,99.4202456589952,1.0,4.103364264900524,0.936790716848474,False,115.86879468248368,115.84832029949384,0.9992692723581836,0.9407610110377028,-3.9161324819624177,1.0,0.9997127029306803
2019-01-22,118.77181091200464,118.77181091200464,1.0,3.825140499731976,0.944274593604476,False,117.61060442019624,117.60241466700032,0.9997077089432737,0.9428691605777668,-3.861537292624152,1.0,0.9998850811722721
2019-01-25,32.42411582612242,31.356008226503096,0.7502582488409565,7.200508842868182,0.903136390092138,False,110.79568533267036,110.70270215176056,0.9797517521350882,0.9396905389389164,-4.128655016643675,0.673706108670192,0.9737907633721058
2019-01-30,27.16996887445297,26.238679014097777,0.7670953741879536,7.961566322566626,0.8820857950496914,False,104.10562801601296,103.94558030074754,0.9627392418993176,0.9350821594277784,-4.435287921117512,0.7935128236637161,0.9593685281954347
2019-02-04,1.1634475267986102,0.8644955280600637,0.1555275983234038,12.139610887792609,0.8385885397183028,False,95.8702535768758,95.69909351893254,0.8981623104132446,0.9273626698510206,-5.051633758451519,0.15524976238151414,0.8950390269303211
2019-02-07,2.562135262650693,2.0738162265267985,0.2678125133148379,11.47509000817112,0.8538654417183535,False,88.4056041117378,88.20907133554009,0.8477343266453721,0.9214828916004072,-5.565510258429088,0.22024152321653584,0.8410552266332183
2019-02-12,4.100404345587696,3.479168255426002,0.3709441922535907,10.924016851310324,0.8622306420799998,False,81.6611881304458,81.43067908913096,0.8095911158940295,0.9167427116387746,-5.994190785859587,0.31810458798846997,0.7992191755416385
2019-02-15,10.36707664994921,9.403005386927456,0.5611498086824499,10.105431861083993,0.8726924110524538,False,75.95765921200608,75.66846519295468,0.7897158113171032,0.9132186875918692,-6.323090071877539,0.48868037580336343,0.7743760715625765
2019-02-21,6.803524786873767,6.0922547041737385,0.5129039363986139,10.452771360571823,0.8723790019046441,False,70.42532845799549,70.10236835385221,0.7675708613236241,0.9099515127368912,-6.653464574973082,0.5339577409679223,0.7551426051150042
2019-02-26,9.424319304711329,8.558677234824199,0.5559181510851804,10.144890758183598,0.8776258095090389,False,65.54524772573276,65.17887306432998,0.7506386445045485,0.907365456478663,-6.932778669629924,0.6248919078868987,0.7447225493367557
2019-03-01,12.123479093665944,11.217186620788173,0.641939891910815,9.94639016815266,0.8862296602812226,False,61.27150623516742,60.86193814884663,0.7419427442970499,0.9056745927828678,-7.173867589511743,0.5665698823121131,0.7304703359747844
2019-03-06,21.07925420163509,20.259516119042974,0.7838163813342807,9.004790340713202,0.9029054855392816,False,58.05612607248484,57.61374438646234,0.7670669265193883,0.9054530642033808,-7.32034140960786,0.9213867511847971,0.845020185100792
2019-03-11,16.983145503586666,16.214380568071412,0.7572147548978193,9.206937240740128,0.8992412812772062,False,54.77028762697299,54.30179528099107,0.7662787527896628,0.904956121569287,-7.471269076098442,0.8422928685055883,0.8448019997731757
2019-03-14,11.88924765262072,11.170379481655102,0.6956702362486297,9.656200175127964,0.8998268325396296,False,51.33980442902481,50.85128201704419,0.7606300714663803,0.9045457784469144,-7.646063564020803,0.7913557142329825,0.8405262969299603
2019-03-19,6.819349129980664,6.016003226887653,0.5019191313318382,10.820539975568012,0.8894456225326083,False,47.778168005101286,47.26445971383167,0.7399331962556169,0.90333776597377,-7.90002167694458,0.5758400743666233,0.8193513991248934
2019-03-22,23.70836987754692,22.845694845981196,0.7794544440213104,8.309908904725026,0.9081256021863636,False,45.85258415489695,45.31095852440363,0.763645944915033,0.9062104677013262,-7.932812655167016,0.9190858360961605,0.8791920613076537
2019-03-27,27.7789277115432,27.16235552210329,0.8587135712847135,7.910041163262576,0.908435228331572,False,44.40669163942865,43.859070284219605,0.8206865207368412,0.9075453240794736,-7.919149760024352,0.9418577556030754,0.9167914778849067
2019-04-01,43.03044414394204,42.18075144880224,0.8560060482536621,6.891917759963844,0.9038065292209913,False,44.29659183978973,43.72480477738622,0.8418782372469338,0.9072462204907952,-7.302810559988048,0.887734560792531,0.9144669245175167
2019-04-04,40.665261740111234,39.702518598898486,0.8316214294864324,7.168160302854267,0.8970004488404147,False,44.00608543181545,43.4030218831072,0.8410576926260938,0.9064265587587648,-7.22202040570778,0.9078701476854336,0.9139391823709501
2019-04-09,41.55992875005323,40.76303849966212,0.8676421246745074,7.369500595004962,0.8948885736869332,False,43.81039289727448,43.1918232124316,0.8570083518551419,0.9055035199530184,-7.233818820851555,0.8492063594064105,0.908760556533787
2019-04-12,31.618994235050288,30.56598581735911,0.7775712530727624,7.622997494805707,0.9066649861598424,False,42.83508100429654,42.18175622082581,0.8506533839525515,0.9062003996771126,-7.264953114767887,0.7845744144976385,0.8988256651708951
2019-04-17,25.680384763842877,24.390552817277232,0.6877204666437111,8.11784259061074,0.9056756720413874,False,41.46270530506025,40.75845994854192,0.8376187505678443,0.9061584214662548,-7.333184272835316,0.732442537765367,0.8855150149784529
2019-04-23,8.136312802279662,7.299862816215137,0.5143563534763416,10.385412101046873,0.8682396331992257,False,38.7965939048378,38.08177217795578,0.8117577588005241,0.9031249184048924,-7.577362499092241,0.528844688575824,0.8569813888662425
2019-04-26,3.341713768074264,2.701360522056312,0.3311928502081756,11.140675537822112,0.889271043806837,False,35.960203493896714,35.25133924548383,0.7733125661131363,0.902016608437048,-7.862427542190631,0.39184405096344055,0.8197704018340184
2019-05-01,2.222674279675507,1.7388863151037208,0.2756409660191992,11.67134721729554,0.8618141801478257,False,33.261201156759014,32.57034301105342,0.7334988381056212,0.8988004141739102,-8.167141116199025,0.25613678701971676,0.7746797126488744
2019-05-06,2.6112690185087506,2.075140481217418,0.2980079050142571,11.64125884948096,0.8578397514426903,False,30.809206585698995,30.130726808666537,0.698659563458312,0.8955235611554127,-8.44507053486158,0.3493995196659865,0.7406572972102434
2019-05-09,5.474816961864893,4.679030600616831,0.4142301804254266,10.781258308245937,0.8658667525822938,False,28.782455415792267,28.094591112022563,0.6759052128156812,0.8931510164695632,-8.631965556732329,0.47832264438944483,0.7196705249845796
2019-05-14,16.58617136498304,15.466877871351953,0.6458429126931957,9.047929442109336,0.8798151613358477,False,27.806752691727528,27.084374052768915,0.6735002288058823,0.892084148058866,-8.66524266756249,0.6909591734163902,0.7173736168591245
2019-05-17,23.029956445215586,22.09087899156715,0.7619352179078779,8.475663047482053,0.8785181065617058,False,27.42460899200657,26.68489444787277,0.7265612222670796,0.8909988647390933,-8.551494895514228,0.800585840100996,0.7673009508042474
2019-05-22,25.02958848545485,24.079922070408987,0.7674754777834719,8.026912248036963,0.8972058787328563,False,27.23300735148244,26.476496657675675,0.7511097755769149,0.894723073135351,-8.236745307027869,0.8660180172263036,0.8265311906574812
2019-05-28,33.68398114381658,33.12304590850203,0.8780068470028455,6.951454072464457,0.8924824145919948,False,31.103591626882924,30.46442620817149,0.8272480184324733,0.8945438204518826,-7.465570566289822,0.9393473740761823,0.8942209007087019
2019-05-31,40.10590938409125,39.59940764017211,0.9086959070987022,6.757315626683487,0.8957752934550717,False,36.50498228120792,35.94541506737186,0.8761167516322106,0.8952827042537961,-7.040617602526021,0.8883692665100872,0.8937527699728127
2019-06-05,50.47454868866397,49.77856871572738,0.8950251797869017,6.381666471154815,0.9200503596252328,False,44.88672212568155,44.245307256385175,0.8874618085250252,0.910143297476658,-6.645246923703297,0.9099803845275983,0.9034893387056842
2019-06-10,53.371253747478825,52.66704266881065,0.8984083127428357,6.362499478303472,0.9199906662598208,False,49.97744109875991,49.29834850384046,0.8940297110557115,0.9160517187465556,-6.475598456463402,0.8516312167928026,0.8993406889526537
2019-06-13,31.151615709694227,30.32720264382059,0.8215865869120085,7.7211388630182,0.8973995365723435,False,48.47137506763465,47.78065683503887,0.8882342611242153,0.9145595441726188,-6.575241688987786,0.9321867014007138,0.9190482964214899
2019-06-18,39.5941894030776,38.51294920850476,0.808909456458861,7.365064619478146,0.9039461041996943,False,47.761200214470094,47.03924022491614,0.881888276750987,0.9137104689747848,-6.638427523427015,0.8161895879893364,0.9108195997469177
2019-06-21,28.95933060667061,28.020136790633547,0.7908331709947487,7.931852384899534,0.8943129895988209,False,46.257050645846135,45.517711950173535,0.874603868290488,0.9121586706247076,-6.741901512344816,0.8509416592691086,0.906029364508693
2019-06-26,22.328897810988177,21.253427499725504,0.6881299488544471,8.030847742357572,0.8984379946506923,False,44.3427984190575,43.57656919413769,0.8596859547356048,0.9110610165467864,-6.845017210745836,0.5599858726215295,0.8783458851577199
2019-07-01,14.269141370232756,13.189854423038325,0.5811831399131692,8.981880423070796,0.8664197744155923,False,41.93690585515152,41.14563201244974,0.83740572954981,0.907489717176291,-7.015966267731834,0.6071076827478595,0.8566468289649312
2019-07-05,4.960432616327304,4.335277410254787,0.3964321813388234,9.90041342210546,0.8483007109580213,False,38.97878799604558,38.20080364427415,0.8021278456929312,0.9027545966788296,-7.246722040081724,0.286546328518203,0.8110387889291929
2019-07-10,4.172324854331589,3.5771495464517957,0.3495670925956771,10.04313158556549,0.8486196065960385,False,36.194270944708464,35.43091131644836,0.7659229854451509,0.8984237974722064,-7.470434803720425,0.308256209796832,0.7708161825986041
2019-07-15,5.442890913539764,4.675816663469382,0.3964586172897096,10.260644457865633,0.853639421739809,False,33.73416054221497,32.97050374421004,0.7363658359927157,0.8948410474136146,-7.693651576052042,0.32987000187350773,0.7355404881405965
2019-07-18,2.359114413215826,1.919087866706732,0.3037804047647323,11.34644341528574,0.8364691528947296,False,31.22415685189504,30.486390474009777,0.701759001494477,0.8901712958521039,-7.985874923190737,0.23768200821721908,0.6957118097467263
2019-07-23,2.297665913262944,1.883929084400267,0.3176953607398756,11.332205706178572,0.8338490918826387,False,28.910037576804477,28.198193562841016,0.6710339102341089,0.8856655195345466,-8.253581385829765,0.377509754849785,0.6702556453549711
2019-07-26,1.6196785547794568,1.2614960339454702,0.2657777551017174,12.002264747883684,0.8289336404723038,False,26.726808855042474,26.04325776052937,0.6386134178235175,0.8811269692095672,-8.553476054794078,0.3087266011105256,0.6413333218154155
2019-07-31,1.689329914708131,1.3145404808393664,0.2733282528177585,11.88588705703719,0.8302355824210438,False,24.72381053981573,24.064960378154176,0.6093906046230568,0.8770556582664853,-8.820068934973527,0.34294290705839503,0.6174620886348539
2019-08-05,18.89173062639184,18.18677678627651,0.7762142582593996,8.764746679472834,0.8596922165565943,True,24.25724414674182,23.594705690803963,0.7094847968048625,0.8756665829296941,-8.786875581673112,0.7731477047188048,0.7108734582852244
2019-08-08,28.13581946985024,27.463070650705312,0.8468221295104577,8.14760643094543,0.8644927088903153,True,26.584389340606872,25.91572466674477,0.7918871964282196,0.8747726730065439,-8.403314091236503,0.9185892961174585,0.8355029609845649
2019-08-13,31.409109716625693,31.040124851290862,0.9193974387192356,7.389928133090508,0.8738573831978242,True,29.479221566218165,28.99036477747243,0.8683933418028291,0.8746994498218463,-7.795282516348905,0.909719470435361,0.8800328666550425
2019-08-16,50.14014906279888,49.866809696912014,0.9570602261528312,5.951763895961134,0.9074812697462552,True,41.8757780641666,41.51623172913618,0.9215934724128304,0.8943685417764916,-6.689171344116243,0.9278164736783151,0.9087030308690061
2019-08-21,64.28749888205581,64.10211906169963,0.9753553175407824,5.078411670413288,0.9190915317839616,True,55.32281055490013,55.06776412867425,0.9538505794896016,0.9092023357809736,-5.72271553989447,1.0,0.9634812123476024
2019-08-26,106.6142917173233,106.42976374147544,0.983962696167913,4.249971520163776,0.933953760651266,True,86.09769925235403,85.88496389635495,0.9719178494965884,0.9240531907031492,-4.839069128056053,1.0,0.985392484939041
2019-08-29,151.91819943891346,151.7327414287171,0.9878498311176188,3.617103191089537,0.9479832778754164,True,125.5899993642897,125.39363041577224,0.9814770384692066,0.9384112430065096,-4.105889565876144,1.0,0.9941569939756164
2019-09-04,85.40371414025687,85.19487166551197,0.9766725139111746,4.078767199120928,0.942602883034654,True,122.37509654636708,122.1777297157514,0.9810926765045642,0.940926227023396,-4.089616145823014,0.9218874513559169,0.9883754305660405
2019-09-09,60.95563561911669,60.71449216819325,0.9627249129363726,4.189274171131435,0.9491164416632794,True,117.46153967218704,117.26067071194676,0.979623255419109,0.945840355807326,-4.097588787847688,0.8633511241815921,0.9783734860552847
2019-09-12,60.06966564477422,59.37572822341759,0.9069557301258612,5.981488036977217,0.9258175998695948,True,112.870189749994,112.62987531286444,0.9738098533956492,0.9442385353323076,-4.24830072777805,0.9425556452596292,0.9755080587916324
2019-09-17,48.11512037241068,47.30001713041552,0.854869243984389,6.228127345123665,0.9142139316540508,True,107.68978419978735,107.40348665826852,0.9642946046427484,0.9418365670380472,-4.406686857165699,0.9596550663613648,0.974239819397211
2019-09-20,43.62261566042395,42.28629419607917,0.7555253116159377,6.710609609605989,0.9091640756149312,True,102.56441071663828,102.1941112612934,0.9475930612006036,0.9392227677241978,-4.591000677360922,0.7377210339733639,0.9553183165633033
2019-09-25,19.5753543792901,17.81765104426589,0.4934698476419624,8.478806448584631,0.88808856996172,True,95.92528620965044,95.4439944439312,0.9112632041159124,0.9351320319031996,-4.902025139058819,0.3599807835091623,0.9076913139189721
2019-09-30,14.115072100081791,12.621464142791336,0.4369784080891613,8.833764469308695,0.880213350248533,True,89.38046908088495,88.81819201984,0.8733204204337723,0.9307385373708263,-5.216564285478809,0.271300692698295,0.8567800642213179
2019-10-03,15.520391707401444,14.511310174859512,0.58681580663894,8.399287399016648,0.8834884183581839,False,83.47166289100628,82.87364147224157,0.8504000513301857,0.926958527849815,-5.471182134561836,0.6241697063290511,0.8381712355899367
2019-10-08,30.98090048309657,30.439308139259087,0.8769240013971078,7.204509669382792,0.8925525556386533,False,79.2724018983735,78.67889480560298,0.866314421370339,0.924206050072922,-5.609848337347513,0.876175221801907,0.8609736273171189
2019-10-11,44.69777974072515,44.14388290559448,0.9039712052015928,6.364136307589954,0.9111057710570972,False,76.50643212576163,75.9160938536023,0.8889084916690912,0.923158027751656,-5.670191374966908,0.9210263040204174,0.897005233339098
2019-10-16,46.7163264980772,46.12596206748996,0.9023276702000362,6.36244445345192,0.9100748665001732,False,74.12322367554688,73.53288331071333,0.8969599987876582,0.9221113748515376,-5.7255716212457095,0.9156861812571208,0.9082138020899118
2019-10-21,47.20294327849405,46.5478962318575,0.8971440803551911,6.695305895041475,0.8990394805344142,False,71.96960124378266,71.37408434440486,0.8970704477281779,0.9202656233061676,-5.803150363149371,0.8875764890669009,0.9065628170480708
2019-10-24,37.3361509734204,36.801163857702974,0.9010316939181324,7.447125376501569,0.8762734524537772,False,69.19892522215369,68.60825070546872,0.8994471954421507,0.9167462496379764,-5.934668364217547,0.9300698602077261,0.9206670429438639
2019-10-29,25.75766055973857,25.11308048493469,0.844007493004879,8.558768249853594,0.8462336770775947,False,65.72362404916048,65.128637087826,0.895012019247169,0.911105243833146,-6.144596355068432,0.8770604205655111,0.9171785131535957
2019-11-01,13.7179898358545,12.841328257460647,0.673500546976915,9.986700299623903,0.8309968685160525,False,61.563173312096,60.94565238139677,0.8772911014655487,0.9046965738077786,-6.4519646706328695,0.7167977200874469,0.9011480497083038
2019-11-06,7.209191833138323,6.421320842083579,0.554679014604027,11.490407574715864,0.8024189864860044,False,57.21485479377938,56.58370585825172,0.851482134516627,0.8965143668220367,-6.855040102959509,0.6540330644132238,0.8813788508846975
2019-11-11,6.009371950835034,5.246652266081516,0.5207172931717681,11.96484699218923,0.8010609365260635,False,53.11841616634384,52.4767415708781,0.8250209472090384,0.8888780923983588,-7.263824654097887,0.5718566928748906,0.856617078243913
2019-11-14,9.274440913607988,8.273970994311641,0.5663193111892767,11.20630136561125,0.8016345150882763,False,49.610898146124974,48.94051992475279,0.8043248163274576,0.8818986062135522,-7.579222791018956,0.700384274243583,0.8441184539238866
2019-11-19,10.563781126797627,9.490255806129491,0.5469541989996011,10.713481300577376,0.8244684620145055,False,46.48712878457879,45.78449879526293,0.783735166941229,0.8773041946776285,-7.82996347178363,0.6196699036429587,0.8261625699014123
2019-11-22,11.260386208532406,10.170769877965494,0.5427437740754636,10.20138124796839,0.8402806244732569,False,43.66898937849508,42.93540048187914,0.7644558555119678,0.8743423090612789,-8.019676893878412,0.64191811046211,0.8114230131462682
2019-11-27,16.92673889906656,15.773162970756726,0.6593021716871592,10.007666051812537,0.8447330316122033,False,41.5296093401408,40.76242148098935,0.7560435608059832,0.8719735668653529,-8.178716026513143,0.69406593560256,0.8020344469427716
2019-12-03,8.127602379622003,7.151195371397529,0.4891077320076001,10.569783763294868,0.8384840125671307,False,38.8574487832993,38.073523392222,0.7346886945021126,0.8692944025214951,-8.370001445455681,0.5091336240407962,0.7786023811106135
2019-12-06,16.383748141288375,15.070805716455972,0.6123838066148842,9.74476652820766,0.8497657348211618,False,37.059552731938425,36.23330597816072,0.7249043034711343,0.8677321091054685,-8.47998265207584,0.6497732238358567,0.768296048528633
2019-12-11,15.002565757367869,13.865433178220302,0.6135712468028873,9.739331614855365,0.8523177709268804,False,35.29499377397278,34.443876154165494,0.7159976589376745,0.8664989620511815,-8.580730569098202,0.5989186335190649,0.7547458553278675
2019-12-16,21.29361782651956,20.2550304600862,0.7312350606285304,9.300090912838089,0.8480742267359419,False,34.17488369817652,33.308768498639154,0.725140099952188,0.8650249832259624,-8.638279396597394,0.7172452624116533,0.7517458078945705
2019-12-19,15.538206055763425,14.763897722183488,0.7250379139650188,9.477999935330796,0.8479151500128482,False,32.68394948678348,31.8251788365227,0.7251319250732144,0.8636561965689133,-8.705457039696066,0.7121806730465486,0.7485805971067288
2019-12-24,15.529686892207849,14.762355380673796,0.7314518018467058,9.26471904592022,0.8563597305329383,False,31.311608479217423,30.46015296005479,0.7289238511373093,0.8630724792860354,-8.750198000193999,0.6838457693512774,0.7434018108862928
2019-12-30,18.959737002066937,18.335038125641148,0.8078319627272286,8.621849974011424,0.8716085367065419,False,30.323458761045387,29.4901437733017,0.7762687180912609,0.8681941137383393,-8.673189184484453,0.8266745714277092,0.7933654672111425
2020-01-03,16.646995359033674,15.937846132074936,0.759141374126938,8.772566753602149,0.8813858830998854,False,29.22934168888445,28.40595996200356,0.7748985305741151,0.876109175355267,-8.681139390013868,0.7929441396949686,0.7933317610098487
2020-01-08,11.24675190166367,10.55349654482015,0.6884358761848818,9.627139713173,0.8589473170608245,False,27.79073450590679,26.977762888628888,0.7679815182229764,0.8747362266917117,-8.7568194158666,0.6935447821418429,0.7853488027004083
2020-01-13,7.591755032219351,6.968460219930507,0.6264963455288475,10.335104044458356,0.8414434926796972,False,26.1748161480118,25.37701867513302,0.7566627044074461,0.8720728079707506,-8.883082186153942,0.7184849842803412,0.779999697226803
2020-01-16,5.704665247587108,5.183085412044248,0.5819142848484045,10.492007093923329,0.8372256906890441,False,24.537204075977822,23.76150401408592,0.7426828308427228,0.8692850385882142,-9.011796178775493,0.7285875779619423,0.7758867276856142
2020-01-22,7.690581256820316,6.885988404656286,0.5014578880938232,10.183179708295553,0.8603347790492635,False,23.189474250445222,22.41146276533155,0.7233848354228108,0.8685690178250982,-9.105506861137098,0.6125419462364021,0.7628191451696772
2020-01-27,19.650982646997747,18.62883082359869,0.7037967671296282,9.019194780600731,0.874665089673303,False,22.906394922169422,22.10885220999292,0.7218177899593563,0.8722266609340211,-9.05371961281528,0.8144431649586737,0.7937935570430752
2020-01-30,13.496605937487672,12.35671835648411,0.5834104130098223,9.78793387587844,0.8785499613507224,False,22.153611803394888,21.328681501712214,0.7107451998033936,0.8760206411840419,-9.112456753860332,0.5669221588554428,0.7756438451880646
2020-02-04,18.08269662116512,17.044678101256945,0.6940934441588877,9.409654476151912,0.8561325211886401,True,21.827938588816508,20.9859612296758,0.7094130593518331,0.8744295915844098,-9.13623257164366,0.6868632186230198,0.768541395062861
2020-02-07,17.787484409210155,16.867186528525675,0.7139345114887614,9.013913340294645,0.8686438385795674,True,21.504702254448,20.656459253583787,0.7121259306339901,0.8739667313440225,-9.06284103283425,0.7764658855369201,0.7732960893472964
2020-02-12,19.052462869376843,18.11245855082915,0.7272277253210708,8.960731527390791,0.8731179300609808,True,21.30852310364231,20.452939197363417,0.7211870074462385,0.8738988272413791,-9.001575329568174,0.7867976041999682,0.7813969982588995
2020-02-18,21.497982241155253,20.299509284252427,0.6920630101161346,8.757406583162028,0.8852363996169353,True,21.422198586150078,20.44066480431454,0.7188570876598303,0.8807013706667128,-8.855074081724487,0.7887830238924073,0.7858286136390042
2020-02-21,24.13088923801255,23.000266769707725,0.7342417836422864,8.745453543211616,0.8801347171947627,True,23.04741297726756,21.97642598355045,0.728087905249304,0.8806560383889568,-8.789301758616764,0.7550214699808676,0.7833640421463534
2020-02-26,48.81859902637101,48.04919854379737,0.8852915077065212,6.464443171402029,0.9075368084423224,True,38.510124606729626,37.6200895196986,0.8224100667236343,0.8967845004209762,-7.394386606287923,0.8097173248474191,0.7991760117669928
2020-03-02,106.31211527547076,106.31211527547076,1.0,3.903721616642981,0.9381105123882956,True,79.19131900797431,78.8353049731619,0.9289640266894535,0.921580107601368,-5.299987612500958,1.0,0.9196704047067972
2020-03-05,91.64306624550228,91.64306624550228,1.0,3.165855333336306,0.9515286516104744,True,86.66236735049108,86.51996173656613,0.9715856106757814,0.9395492340068318,-4.019508245002167,1.0,0.9678681618827188
2020-03-10,99.46291331213048,99.46291331213048,1.0,2.6001833985166964,0.9689205208597363,True,94.34269492747472,94.28573268190472,0.9886342442703124,0.9571720061185744,-3.1679133371108845,1.0,0.9871472647530876
2020-03-13,75.01014506749432,75.01014506749432,1.0,2.143761384955728,0.9804775487412294,True,92.7960909386763,92.74368567275192,0.995453697708125,0.9711553316921674,-2.553422165817791,1.0,0.994858905901235
2020-03-18,66.05275793208146,66.05275793208146,1.0,2.3051829253930918,0.9764682493613764,True,90.65662429814871,90.60841145349828,0.99818147908325,0.9743430822936928,-2.404478621562971,1.0,0.997943562360494
2020-03-23,77.48752124861672,77.48752124861672,1.0,2.7911306273415684,0.9688995020142912,True,89.60309605418617,89.55874023710776,0.9992725916333,0.9739075958713406,-2.435410782025259,1.0,0.9991774249441976
2020-03-26,70.34701109023528,70.34701109023528,1.0,2.622757930993929,0.9696051480042924,True,88.06260925707011,88.02180190535796,0.99970903665332,0.9735634000419768,-2.4503985539427524,1.0,0.999670969977679
2020-03-31,72.86436755356867,72.86436755356867,1.0,2.6948345884736105,0.967321493524617,True,86.84674992078999,86.80920715721481,0.999883614661328,0.973064047520588,-2.469953436705221,1.0,0.9998683879910716
2020-04-03,77.35173750075332,77.35173750075332,1.0,2.733360023908244,0.9669021911095064,True,86.08714892718706,86.05260958469789,0.9999534458645312,0.9725710990077014,-2.491025963681463,1.0,0.9999473551964286
2020-04-08,80.79768217480712,80.79768217480712,1.0,2.805884565887957,0.9668385459107016,True,85.66399158699666,85.63221539190663,0.9999813783458124,0.9721124947599415,-2.516214651857983,1.0,0.9999789420785714
2020-04-14,71.77423314433844,71.56990472991296,0.9687393050771166,3.931413638712384,0.9540816480923788,True,84.552810911584,84.50723053894713,0.9974820124843168,0.9706700270265364,-2.629430570806335,1.0,0.9999915768314286
2020-04-17,84.17331600135618,84.09980190993629,0.9907703878697957,3.7061235278568505,0.9564452950143192,True,84.52245131876577,84.47463624862627,0.9969450825151552,0.9695320484655592,-2.715566007370376,1.0,0.9999966307325714
2020-04-22,70.33055057602978,70.20205960757706,0.9807557025470224,4.022910883260824,0.9477713306346668,True,83.3870992593469,83.33283011734234,0.9956499321177046,0.9677911910390876,-2.820153597441612,1.0,0.9999986522930285
2020-04-27,80.20205216183318,80.11551273741475,0.9896268964799873,4.382562600079138,0.9452915324759716,True,83.1322954915458,83.07544472694813,0.9951680892666872,0.9659912183540385,-2.9451463176526143,1.0,0.9999994609172114
2020-04-30,76.11470514711199,75.79415789711759,0.9599049282341444,4.9015578216402735,0.9428724720207408,True,82.57088826399111,82.4929417805617,0.992347036384084,0.9641417186473746,-3.101659237971627,1.0,0.9999997843668845
2020-05-05,57.97755496363282,56.84617813116255,0.8197628319023513,5.482435601948255,0.940634439480226,True,80.60342159996245,80.44120068860977,0.9785403000255454,0.9622611363140028,-3.292121347089757,0.6876609224470988,0.9750126754133017
2020-05-08,66.25280178877216,64.8772704940875,0.8009598230648095,5.459086680815971,0.9368996590468084,True,79.45537201506723,79.19608627304798,0.9643338618686864,0.9602322181326272,-3.4654785737878546,0.7321674969820597,0.9555850611388024
2020-05-13,68.67797293089541,67.93504396882912,0.9013376323389456,5.257593197848284,0.9439154685946674,True,78.59318008833348,78.29520288871048,0.9592941635063073,0.9589268781695904,-3.608847743712689,0.905674257522863,0.9515921968495273
2020-05-18,55.46734884976618,55.28345006977312,0.970892881503076,4.887770990831899,0.9470223703864332,True,76.7431135892481,76.4542626631955,0.9662533943043684,0.957974517546938,-3.7111616034822257,0.9909331322669067,0.975196758099955
2020-05-21,63.95612459570321,63.71256784238784,0.9667141667624692,4.94416346127564,0.9456509253782436,True,75.72015446976451,75.43492707753089,0.9665298577792288,0.9569886301734424,-3.8098017521056993,1.0,0.990078703239982
2020-05-27,60.41616871127588,60.29782075371112,0.9823136544814796,4.843072569279925,0.9508501259640688,True,74.49583560908542,74.2239585716253,0.9760001358005792,0.9564975498366928,-3.8924634174796378,0.9913824964090118,0.9908609791413999
2020-06-01,67.57642563434408,66.9698891799941,0.9211530340863192,5.655747030730476,0.9416422729240752,True,73.94228281110611,73.64363302029481,0.9716123676634386,0.9553091276836834,-4.033526106539705,0.95762848277601,0.9882023794321688
2020-06-04,73.98650497624003,73.19704743352041,0.9059444066673727,5.475655813734111,0.9438899884701984,True,73.96881611018647,73.60790617335287,0.9663589307837536,0.9543955965466046,-4.148896483115258,1.0,0.9952809517728676
2020-06-09,66.55728895294045,66.29085875320669,0.9638481075896128,5.337204130473263,0.9468235187492042,True,73.37589393760679,73.02254237974118,0.9661580649282222,0.9537898303228124,-4.243961094903899,1.0,0.998112380709147
2020-06-12,73.0414782202693,72.98382610101186,0.9921084093816788,3.973087403654708,0.9637596715782962,True,73.34914068021979,73.01944507744284,0.981728271600296,0.9597717350761028,-4.081436880154384,1.0,0.9992449522836588
2020-06-17,71.19636173086224,70.94446980360819,0.9622489348597232,4.208380922622901,0.959900692055194,True,73.17691836427119,72.85344705553607,0.9801699246610502,0.9598491092635576,-4.091592403551866,0.9818993675643781,0.9978573055061164
2020-06-22,72.87355140749607,72.64994228166181,0.9680337466950972,4.33526607877574,0.9575214270134867,True,73.15264900772918,72.83716667362613,0.979199030423774,0.959662894683552,-4.111086297569776,0.9722851702367342,0.995811534684566
2020-06-25,57.30172130550736,57.23606357324263,0.9876662189075184,3.8086279903221936,0.9576303303136668,True,71.88457479155144,71.58907842559546,0.9842793435140208,0.9595002895339612,-3.929611313221226,1.0,0.9983246138738264
2020-06-30,74.9383720001041,74.92508409903289,0.9981424610532184,3.4811791869344635,0.9626896713489436,True,73.71685311668304,73.59068182965791,0.9925972140375392,0.9614139186229508,-3.6605520374491687,1.0,0.9993298455495305
2020-07-06,86.77176990671376,86.77176990671376,1.0,3.433125016478781,0.9626916141013284,True,81.54980319070148,81.49933467589142,0.9970388856150156,0.9621805359099772,-3.5240958248669365,1.0,0.9997319382198122
2020-07-09,57.78098417048535,57.73120578030476,0.9911437336371348,3.253714811114405,0.958095570037624,True,79.6482976690842,79.59788436424448,0.9965672734567852,0.9618537386401892,-3.3618672166154173,1.0,0.9998927752879249
2020-07-14,43.287452962403925,43.09449112854453,0.9635444041006254,5.41748867158541,0.9326540969942144,True,76.73943009254978,76.67761290538849,0.9939254439082924,0.9595177673085112,-3.5263169330130166,0.9773758956348223,0.9980914249156767
2020-07-17,47.18606510043053,46.925004700102384,0.9562733457961994,5.808693404893063,0.9349551902842408,True,74.37516089318025,74.2974042489656,0.9909132760593252,0.9575527611465696,-3.708907050763421,1.0,0.9992365699662706
2020-07-22,37.69021788413997,37.481454755031535,0.958100492566702,6.147726411702435,0.9273935605199848,True,71.44036545245703,71.35212828945087,0.9882882533799152,0.9551400250964428,-3.9040125996385417,1.0,0.9996946279865082
2020-07-27,22.16936361899478,21.370778088797504,0.7809214644620927,8.513861040353124,0.9009043557899726,True,67.49868530578004,67.3536202733986,0.9716989102664896,0.9508011715519252,-4.272800474895709,0.9158151483111843,0.9929842696124823
2020-07-30,16.436268722703915,15.590475634456402,0.7241653124807275,9.176722728407151,0.8925208628891973,True,63.41369197913396,63.21256870228324,0.9518962224436286,0.946138746858907,-4.665114255176625,0.8675955597208341,0.9829531728211505
2020-08-04,9.512007946397066,8.413607213749499,0.5208380369756254,10.486060164321255,0.8739019166295182,False,59.101557256515015,58.82865178320054,0.9174115676061884,0.940359800440556,-5.130789927908195,0.8074446471687239,0.9689124907689565
2020-08-07,3.8653692754684976,3.1537968471003786,0.3450509614757945,11.167672951403024,0.8643013629336764,False,54.6826622180313,54.37466338831253,0.8716227191157568,0.9342751254400056,-5.613740569787781,0.4067853242154437,0.9239423174446755
2020-08-12,4.65066333866756,3.781008575032876,0.3436345318157481,11.215990132959774,0.8606056355892558,False,50.6801023076822,50.32717100325016,0.8293836641317561,0.9283815662519456,-6.061920534841541,0.3302716319852323,0.8764486626079201
2020-08-17,6.055706717089551,5.218602023240188,0.4449953417713468,10.930284392248817,0.8511442590221971,False,47.11015066043479,46.718485484849374,0.7986325983429234,0.9222025816735658,-6.451389643434123,0.2996164366334444,0.8303020845299621
2020-08-20,5.532281635019327,4.763036733067646,0.4313351244596169,10.61597323352384,0.8738484366953644,False,43.78392113840155,43.36204958470684,0.769248800432259,0.9183342500753096,-6.7845563306413,0.47797113118476026,0.802115608262346
2020-08-25,12.849566487568922,11.464544216871392,0.4704605424536398,9.654722876136915,0.8980206083777301,False,41.30917276633495,40.810249155280005,0.7453457397939695,0.9167091587395032,-7.014169654280948,0.3240422867584388,0.7638697425420334
2020-08-28,7.335264570320019,6.430180541653574,0.3867992630834061,10.056768459278029,0.869795757043645,False,38.59126011065375,38.05984366618989,0.7166620216571244,0.9129560866038348,-7.257577558680715,0.25591673407888077,0.7232335018649813
2020-09-02,15.00088928482707,13.870024497369068,0.5770769008483366,8.975201198486198,0.8774039616037795,False,36.704030444587616,36.12465813268423,0.7054952119924214,0.9101119166038304,-7.3949874498651536,0.7832491355328979,0.7592428820657312
2020-09-08,19.057941719143724,18.520751372034475,0.7769155911273321,7.493426606519469,0.9117817896754774,False,35.29234334655211,34.716345591832244,0.7483474394733678,0.9111138404468186,-7.402862582397499,0.9435712734045565,0.8698399168690264
2020-09-11,30.68089418272238,30.1657480653814,0.8659372136968845,6.643182809652751,0.9146191237724824,False,34.92342741344573,34.352297789716175,0.8189013040074777,0.913217010442217,-6.94705471875065,0.8979733163583306,0.8867199565626089
2020-09-16,24.99755058913141,24.669776860691044,0.900237816053127,7.020291052239103,0.908197626340215,False,34.12935726750058,33.57769611539417,0.8677032112348673,0.912815459714057,-6.952913625429726,0.9509530118662602,0.9252597897447996
2020-09-21,34.16408443452509,33.89048215567311,0.936735194281748,6.732094908250437,0.9132924062789148,False,34.150193567715284,33.76536773956153,0.9091224010629958,0.9131016276529716,-6.8204223951221525,0.9541061182664109,0.9425675868577663
2020-09-24,26.326277231586744,26.05960152597527,0.9229414333261288,6.852251941442826,0.8993100349767844,False,33.524280260825,33.14890644247463,0.9174138204208756,0.9119983002388768,-6.822968758827806,0.9118898868705598,0.9401133708587898
2020-09-29,29.284396085989396,29.03811392964208,0.9332544242184204,6.348720431446791,0.9179418807534266,False,33.185089526838155,32.82004304144803,0.9269181826994024,0.9155644485476068,-6.538419762399197,0.9263124740338707,0.9390092991127963
2020-10-02,34.8716720036085,34.60780756718133,0.9408893603847208,6.712103143967906,0.914772865291833,False,34.19703901290036,33.892701756888016,0.9353008893105936,0.9155011218871448,-6.552314432924694,0.9716326256800955,0.9585832950531757
2020-10-07,42.61363535083781,42.35133429620615,0.950920955996178,6.087177407278345,0.919956013632702,False,39.246996815662825,38.96788128047889,0.944672929321944,0.9181740569344792,-6.273232217536885,0.967763504042901,0.9640914204470109
2020-10-12,43.0575874518704,42.6422940805805,0.9239107668387296,6.30243322547422,0.9182855356978236,False,41.53335119738737,41.17252896053986,0.943011956323287,0.918240944192486,-6.275568298171872,1.0,0.9856365681788044
2020-10-15,47.31297809989379,47.15537465388464,0.9741308134705228,6.205207553548438,0.9091988792000713,False,45.00112733889122,44.76223637654672,0.9616832706116284,0.9175175789930928,-6.233351851397812,1.0,0.9942546272715218
2020-10-20,44.84809179151912,44.75951046700536,0.9856083330437904,6.518074245712171,0.9014744432374424,False,44.98888449510145,44.76201830378342,0.9760383080709256,0.9162341281326408,-6.256129642942961,1.0,0.9977018509086087
2020-10-23,26.889666391615894,26.362313779638885,0.8654121194864989,7.683611403049322,0.883986543962934,False,43.54094704682261,43.290041941851854,0.9671882129841716,0.9136543213990642,-6.37032818375147,0.9672352311748681,0.9952645213299095
2020-10-28,46.901133588092826,46.68068176515274,0.9597266252630112,5.953913591992566,0.8974847247900541,False,45.55705897158474,45.32442583583239,0.9665912859664788,0.9123607536703434,-6.120479428696127,1.0,0.9981058085319638
2020-11-02,48.820354158206165,48.64433518834166,0.9694274199802762,5.952368500510294,0.8982461611231242,False,47.51503608355759,47.31637144733795,0.9682929663747571,0.911231586266566,-6.019612871784627,1.0,0.9992423234127855
2020-11-05,37.40224314315006,36.98889176474552,0.910691209677727,6.474885738421146,0.903374533741851,False,46.706012648324986,46.49017307273056,0.9636848258389948,0.9106030220645888,-6.056034701115549,1.0,0.9996969293651142
2020-11-10,53.03068635431749,51.5285523771796,0.7583347552139534,6.043395408398446,0.9299420201917504,False,50.500816871920485,49.513200655399984,0.9472568201889916,0.9222064209408858,-6.048451125485287,0.7315740318731662,0.9782470975657584
2020-11-13,54.61719268969698,53.20790752914732,0.7667978434992626,5.7901783344411815,0.932523305751094,False,52.970642362586375,51.73002477964839,0.9328201020538134,0.9283965518270108,-5.893487450858824,0.7868725801006268,0.9629371361685479
2020-11-18,54.18888692110979,52.65147646104221,0.7518322563281058,5.887404300499092,0.9299987281848916,False,53.70158909770043,52.28289578848468,0.9183410743957569,0.9293578576417392,-5.8898375606429845,0.6537205484045043,0.9381998091474245
2020-11-23,47.6481147929765,45.81911639504332,0.6719453853928947,5.840632721029563,0.936349729108158,False,53.21731115332251,51.76579343700937,0.8986294192755278,0.9335529805215904,-5.860314656874932,0.48261776871825096,0.9017532459130906
2020-11-27,48.541299207234864,46.51291426314141,0.6904043201240184,6.428770907327465,0.9387494420014988,False,52.84323019763551,51.34556310309994,0.8819714113434071,0.9366708574095356,-5.905791156911135,0.4631766809467571,0.866667120715784
2020-12-02,60.87170212285849,58.54365488580554,0.7211783797252328,6.171658741048821,0.9485813206517412,False,57.66031335276929,55.6644181727233,0.8691079688139532,0.9438171353548588,-5.92706056364215,0.562020906971461,0.8422954236162382
2020-12-07,64.1721378875035,61.826225791866406,0.7287824277207514,6.106440177527992,0.9483445954152492,False,61.56740807360981,59.36150274420917,0.8578819255264972,0.9465336113910928,-5.941410932753017,0.5095456554223711,0.8156754421607288
2020-12-10,39.68025634931999,38.594666275979456,0.8063813260937978,7.431893126145335,0.9177283663027715,False,59.81643593566663,57.7001558267508,0.8537618775718814,0.9442291917840272,-6.060649508224404,0.8263821779156709,0.8220994836136941
2020-12-15,22.798226442651288,21.870064381455062,0.7462374720833849,8.384171581111422,0.9056493450086758,False,56.8549791762254,54.83374851112714,0.8451599251328017,0.9411428040419992,-6.246531274055365,0.6952902268954411,0.8119547430762339
2020-12-18,25.586276941389023,24.49378247247401,0.7512053181635765,8.6504769981214,0.9012327062369078,False,54.35348299743849,52.40655122803489,0.8376435565752637,0.937949996217592,-6.438846931980648,0.6307365879826968,0.797457290668751
2020-12-23,7.347919197652041,6.460006535074092,0.4090315455144742,10.16503810335584,0.8796043050792519,False,50.59303789345558,48.73082765259803,0.8033545956904006,0.9332823409265248,-6.736942225690664,0.3850861423002129,0.7644675987992681
2020-12-29,4.867269903176124,4.197813048264698,0.3482467976710999,10.484555655465188,0.8731759390251823,False,46.93497645423322,45.168186484251365,0.7669459718488565,0.9284738287744174,-7.036751300072626,0.32529471748384386,0.7293337682940342
2021-01-04,4.295044909153759,3.677017165370713,0.3063647546880796,10.16658695042898,0.8775848831371609,False,43.52378193062687,41.84889293874091,0.7300994744759943,0.9244027131234368,-7.287138152101135,0.3899591935882188,0.7021838023175689
2021-01-07,11.487579988681333,10.302990993200568,0.4622225875880586,9.020102139877634,0.8970456841183627,False,40.96088577527123,39.32522078309768,0.7086693235249595,0.922214150803031,-7.425775271123255,0.3585604577643641,0.6746939347533126
2021-01-12,11.337644902477573,10.366746910459405,0.5217150360306634,9.140690084780436,0.8885952827237784,False,38.59102650544774,37.00854287328662,0.6937129805254159,0.9195246413566908,-7.56296845621583,0.4204431808669318,0.6543538744424022
2021-01-15,9.433281466887651,8.455247181533151,0.4836796999583618,9.564479522135477,0.9005839728102184,False,36.25840690236294,34.724279217946346,0.6769103180800515,0.9180093878729731,-7.723089341489402,0.36547893231675604,0.6312438790723505
2021-01-21,13.039869785479013,11.738382921896427,0.5095999428295862,9.415408169329464,0.9039192302508554,False,34.40092393301223,32.885407514262354,0.6635254880600143,0.9168821752632036,-7.858474847716607,0.4359527915659663,0.6156205920718397
2021-01-26,13.772477865791004,12.21170977357211,0.4859051489655281,9.84833982933219,0.8933012970520176,False,32.75064824763453,31.231511695007136,0.6493158609324554,0.9149957050063088,-8.017664046245855,0.4250731118910171,0.600376793657374
2021-01-29,19.187779837286,17.62145247779048,0.5689410584136986,8.86899578948187,0.8889793979523674,False,31.66561877480665,30.142706957629805,0.6428858767309549,0.9129144004419936,-8.085770585704736,0.5574280673031767,0.5969408955490382
2021-02-03,19.762558546641166,18.22260715531368,0.588088233949972,9.152190671467393,0.8775121328158921,False,30.71337395655341,29.18909897344452,0.6385020653084763,0.9100822190319056,-8.171084192565749,0.5915946121078259,0.5965131928737413
2021-02-08,15.293680134704324,14.035336157527874,0.5787162858890397,9.478276745142944,0.8626346558876659,False,29.47979845080549,27.976797948171185,0.6337192029549215,0.9062864139803666,-8.275659596771924,0.6416011429839745,0.6235659629398813
2021-02-11,15.20641231776592,14.029546951381011,0.5958258295642465,9.327708173855056,0.8688402401570307,False,28.337927560162324,26.86101786842797,0.6306877330836674,0.9032907200744996,-8.359823482938575,0.5618663951966354,0.6186299975204216
2021-02-17,13.226332653939814,12.148358226899676,0.5878514299441322,9.3670671781044,0.8689040153923626,False,27.128999967664527,25.684005097105707,0.6272608288325047,0.9005397836999287,-8.440402978551841,0.5177610770693394,0.610560483884335
2021-02-22,11.27264678351546,10.0325667729795,0.4925490245135901,9.42421037662468,0.8769888933583279,False,25.860491712932603,24.43189003117561,0.6164838844869915,0.8986557124726007,-8.519107570397669,0.38844127803657214,0.5927909474165141
2021-02-25,13.550461854834271,12.35910643848151,0.5851564464376847,9.49427457664774,0.877049755918612,False,24.87568932428474,23.466067343760084,0.613977689443047,0.8969272359482816,-8.597120930897674,0.7268906291610421,0.6732507564632308
2021-03-02,11.878370679703258,11.182919351535954,0.6587049090804037,8.76914317735171,0.8790443980123919,False,23.83590383271822,22.483415504382155,0.640814021225461,0.8954966089134105,-8.610882710613996,0.601917079522345,0.6675440623079599
2021-03-05,11.560128005288364,11.08400724983015,0.7353395482655678,8.51991585171394,0.8810948262389721,False,22.85384176652384,21.571462844018,0.697529337449525,0.8943444662994555,-8.556302595273962,0.9073084480462347,0.8114026937509247
2021-03-10,11.612400956695762,10.949090860003722,0.6531445144593451,8.33441165847724,0.8913272057061166,False,21.95452650173759,20.721673085296853,0.6939785516103106,0.8941030854519884,-8.423168033195928,0.8626765486029254,0.8421670066621251
2021-03-15,9.860404170543008,9.196639714806803,0.5967467360912673,8.513181602843504,0.8852605690065056,False,20.986996715242025,19.79967041565765,0.6862000063687872,0.8933956841363498,-8.430369118767734,0.7840735000328098,0.8375195261317799
2021-03-18,12.462903502846462,11.711558390162269,0.6353663877902993,8.2873863939894,0.9024348236705751,False,20.30506925825038,19.15262145361802,0.6821333168825082,0.8988191678568851,-8.344579483900734,0.8153070587721196,0.8357425287430071
2021-03-23,16.581850994486533,15.894413624430424,0.7218275200585685,8.01741983059034,0.9089688194773768,False,20.007211797149274,18.89196482728301,0.7059498387881444,0.9049089588291802,-8.148283691914498,0.8093996775454023,0.8336351006471988
2021-03-26,9.914150345920325,9.20272135036756,0.5444715373649694,8.579023498903798,0.9027969621900784,False,19.19976688105096,18.11682534912978,0.6930315746742904,0.904739999098052,-8.182742876473643,0.5415856240537514,0.8102711425197231
2021-03-31,9.64169968811352,8.666037573750508,0.3903989153160802,8.606775250147916,0.9092609157547308,False,18.435121505615964,17.36076232709944,0.6688209619256337,0.9074525490920592,-8.216665466367585,0.35699586637412994,0.7740091204280757
2021-04-06,5.892997701483844,5.088586732874679,0.3138621635309244,9.502901993363317,0.8985777545216869,False,17.431751601285395,16.37898827956146,0.640424258054057,0.9067425655264296,-8.319564388527244,0.19725422044493862,0.7278687284294247
2021-04-09,3.709320071093709,3.07698254435964,0.1760942522730411,9.917527187397544,0.886970034817781,False,16.33395707887006,15.314827820745316,0.6032778575915758,0.9051607630697378,-8.447401412436868,0.09740579427042728,0.677431693696705
2021-04-14,3.75981226670962,3.152868758848824,0.1976444343920311,9.914225131578505,0.8829308713060403,False,15.328025493897227,14.341871095793596,0.5708271837356123,0.903382371728642,-8.5647473099682,0.08462045460992236,0.6300067945697624
2021-04-19,2.935135716014451,2.478406576816379,0.1757649602065133,9.96481417406189,0.8613466196879248,False,14.336594311666603,13.39279393427542,0.5392222058532844,0.9000195115653846,-8.676752659095696,0.07248352410904438,0.585404932932905
2021-04-22,6.321567498453111,5.565724741066726,0.2918957288982845,9.253601751213044,0.8665824219146243,False,13.695392166609526,12.766628398818725,0.5194360876968844,0.8973445443933239,-8.722900586465084,0.20839988426066272,0.5552445290391256
2021-04-27,4.732079231194791,4.11091564599436,0.3419618909502805,9.941013493752047,0.8548303228288446,False,12.978327131776348,12.074171378592776,0.5052381519571562,0.8939434066681656,-8.820349619048041,0.247482482158698,0.5306235652886914
2021-04-30,4.85661351833715,4.227007427131453,0.3866883770314953,10.322720229819256,0.8526107370363392,False,12.328590042701212,11.446398262475867,0.4957541699631033,0.8906367930976196,-8.94053926790974,0.3477399489771378,0.5159928759837671
2021-05-05,5.663750072030669,4.889953598162663,0.4269856699060881,10.825286025517466,0.8449294137886026,False,11.795402845047567,10.921882689330811,0.4902526899585421,0.8869802027528982,-9.091319008518358,0.45127428604561265,0.5108153887887148
2021-05-10,6.16521003163631,5.386488897651983,0.4493941943058526,10.537881278093009,0.8468868951926076,False,11.344987419974668,10.479051185996507,0.486984010306327,0.8837727381480751,-9.20704399008433,0.6475134980305637,0.5928342543338241
2021-05-13,12.638193747233355,12.002009918791718,0.6909981865314682,8.460659264208214,0.8764435810510947,False,12.12091121632988,11.392826425673633,0.6093925160414116,0.8831864055803167,-8.75921315455866,0.7314023936817972,0.675975137942608
2021-05-18,16.76426706012835,16.26523380992925,0.814577461896872,8.188933898552412,0.8825288470501038,False,14.906924722608965,14.316270856227003,0.7325034835546878,0.8831338008978997,-8.41704560095491,0.8978624215235231,0.8091075080911572
2021-05-21,16.62001267295718,16.011857118369406,0.7683380924650339,8.066921890837497,0.8875730902169365,False,15.934777492817894,15.333622613512446,0.7540042489008953,0.8857973744893218,-8.206971374884462,0.8592589399063062,0.8391983671802465
2021-05-26,22.62471261788544,21.977738680172443,0.7997930629460437,7.184100532098757,0.9008944795204588,False,19.94873856785842,19.320092253508445,0.7814775373279843,0.894855637508004,-7.593248869213038,0.8413030348973912,0.8404611678105334
2021-06-01,20.17267479301225,19.124477220831764,0.6622670505475831,7.743286595963523,0.9036716072802936,False,20.08310030295072,19.30444305089431,0.7719406983855522,0.9001452193713777,-7.605251887353078,0.7070598265667853,0.8297890605110336
2021-06-04,21.8058205035826,20.68369395513232,0.6631843146933996,7.677669408708408,0.9108065403579376,False,21.11673242332985,20.13199359343712,0.76324018769018,0.9065420119633136,-7.611045289061505,0.679062151007164,0.817730907750724
2021-06-09,16.723794195450257,15.633562453081268,0.5718529548228759,7.977056050097781,0.9111284613001004,False,20.76529736509948,19.77211910220865,0.7479292090607956,0.9092938815653856,-7.640326149944408,0.4325010893726777,0.7869125222804804
2021-06-14,10.500455592581377,9.268825582818558,0.4415656469998095,9.741096851092356,0.882675253508507,False,19.944110023298038,18.931855620657444,0.7234201240959168,0.9071643913208354,-7.808387806036245,0.38735506268868647,0.7549479255131369
2021-06-17,11.72798106557958,10.576864042524704,0.4638278055121955,9.112303457059932,0.9017425847801304,False,19.28681970668056,18.263456294406826,0.7026527386092192,0.9067306467975792,-7.91270105811814,0.4109645954897576,0.7274292591112665
2021-06-22,21.254590270028164,19.90450601145833,0.5392008212273525,7.613087743087944,0.9160435226871192,False,20.46748204468912,19.24808612463773,0.6895765852186698,0.9123183723313032,-7.732933069100023,0.354696285224596,0.6976106212003329
2021-06-25,22.651533396883952,21.626114838141103,0.6497351433968788,7.493175590423697,0.9153565286991864,False,21.77791285600602,20.674903352739754,0.6863892698729266,0.914141266152033,-7.589078581894228,0.5639328255374,0.6869163975472983
2021-06-30,22.062644106699697,21.28384241305545,0.7492614915123748,7.689939662522026,0.9021748799134328,False,21.948751606422228,21.04026678892917,0.7241126028565955,0.9131839552529448,-7.597147468344452,0.7933729277893784,0.7507903156925464
2021-07-06,26.25339128494675,25.401957154268825,0.7529261247513678,7.412375077900596,0.904288787971684,False,24.531535413536943,23.65728100813296,0.7414007159934588,0.912472341870444,-7.486284034078138,0.8074635257856411,0.7847942417484033
2021-07-09,41.59263782964744,40.736515051042296,0.834914409172078,6.576936764164581,0.9287309861161108,False,34.768196863203244,33.90482143387857,0.7975089319006303,0.9222275284178442,-6.940675672130004,0.8688898060011011,0.835251580300022
2021-07-14,36.95696084938781,36.14657143911112,0.8286234866291293,6.685324993637846,0.9239945166866178,False,36.08145525491398,35.2498714370181,0.8161776647377297,0.9232877213791084,-6.78746526503471,0.8379842918216356,0.8368912072129902
2021-07-19,40.47386297698607,39.76137447174791,0.8771609795138361,7.230886138765566,0.910693579999858,True,38.71689988815723,37.95677325785599,0.8527676536033936,0.9222801900687684,-6.822938934933179,0.8920657387376766,0.8699959261278021
2021-07-22,42.6199725792678,41.281182882152585,0.8010754754858571,7.720717895312524,0.9110805276718824,True,41.05874350282357,39.95141903243395,0.8486322793539907,0.9213842170770176,-6.894761251763526,0.7805145265701546,0.8628374141631903
2021-07-27,35.336775579300955,34.24597573779631,0.7990769199511517,7.767055580438408,0.900382677706522,True,40.600986068941765,39.494983568862935,0.8446678506017635,0.919704093927378,-6.964544798057517,0.7399179158136804,0.8530038542952295
2021-07-30,32.98538272386704,31.918736010033427,0.7814123337056881,7.73699244547843,0.9123327448617832,True,39.99173780133579,38.888883764156574,0.8396074092500776,0.9191143860021304,-7.02634060985119,0.8197071446211697,0.8503401175213048
2021-08-04,33.65763514830669,32.7576103040674,0.8143064014922686,7.564251267361818,0.9120769810129706,True,39.48500958909346,38.39838188734944,0.837583328629453,0.9185513936029976,-7.069373462452041,0.8701238613921878,0.8622103638438346
2021-08-09,32.26917794911133,31.18189232300577,0.7853414577940316,7.969739359909974,0.9009549805742504,True,38.90774305789489,37.82106272220195,0.8334039789626193,0.917143680560698,-7.141402734248676,0.853171310929486,0.8614872396106869
2021-08-12,45.55914738245128,44.217113366840174,0.7929618397765513,7.215367310497388,0.904842818197392,True,42.898585652628725,41.658693108984885,0.8301686078277339,0.9161596115716336,-7.147319900348574,0.8127459273599055,0.8575879346306243
2021-08-17,17.62686409723682,16.29642420224155,0.565887485516076,9.10174606881485,0.8782752230903184,True,40.87684792819737,39.62971159644542,0.8090261180428013,0.9131288604931282,-7.303673993825877,0.5553104882636807,0.8334057389212688
2021-08-20,18.30330627295961,17.197124343770355,0.5892596765551257,8.195947168529043,0.8786373878434839,True,39.07096459577835,37.83510461623142,0.7914448027237874,0.9103695426811568,-7.37505584780213,0.5909830165658576,0.8140119211328359
2021-08-25,20.620236076037617,19.16674892175905,0.4903781350358734,7.645218627055032,0.8986619207192381,True,37.59490631419909,36.34163616067363,0.7673594693087543,0.9094329329242032,-7.396668870142363,0.24568890216463785,0.7685460796153801
2021-08-30,18.857101619007228,17.361851529585454,0.4077367855781209,7.512350785966364,0.9116794156649372,True,36.095881938583744,34.82325339018657,0.7385896546103037,0.9107808225686436,-7.405923423408282,0.19056541887968245,0.7223076267565243
2021-09-02,16.222859673879835,14.964471200344809,0.4055271717381544,7.887817567952578,0.9086997165672632,True,34.50604015740743,33.23455081499923,0.7119446559805318,0.9106143340885332,-7.444474954971826,0.18780484442651665,0.6795474041701237
2021-09-08,14.713756841228395,13.267408824743391,0.2820881726373647,7.735740140490298,0.9078207871471804,True,32.92265749211311,31.637179455778767,0.6775561373130785,0.9103908503332248,-7.467776169813304,0.11836409010057523,0.6346527390445599
2021-09-13,17.564253690383353,15.949445910346745,0.3317009703243914,7.793931093348431,0.9009734057318518,True,31.69398518797473,30.382160772144207,0.6498877239539836,0.909637454765115,-7.493868563696115,0.117413915753357,0.5932736331812637
2021-09-16,19.197178016860647,17.68553911170567,0.4820120854786203,8.260368678788367,0.8961214578755361,True,30.694240614285604,29.366431039309127,0.6364576728759546,0.9085561750139488,-7.555188572903495,0.36831360923398493,0.5752768312654813
2021-09-21,17.67631662086313,16.76188787387065,0.6461392781950644,8.299474330695066,0.8938321197840804,True,29.652806694811808,28.35806758607405,0.6422666360674205,0.9073782505955592,-7.614731433526821,0.7174711284992531,0.6605934096057444
2021-09-24,29.60032844384291,28.808351225432823,0.8080332779110023,7.528826636302752,0.9022560719378122,True,29.648608434734296,28.628237769689317,0.7417266211735696,0.9069684763029396,-7.563188555192379,0.907368828622176,0.8086586610156034
2021-09-29,24.56219052020045,23.97665644397463,0.8241254409498441,7.450080157537542,0.891800102549126,True,29.24169500157159,28.256111263632143,0.7911659130393343,0.9057550064026344,-7.495323516599477,0.8876528519465785,0.8560551755741885
2021-10-04,45.829560881372544,45.02381793909588,0.8700377311347474,6.876530410630517,0.9021668943394928,False,39.19441452945216,38.31673526891039,0.8384890038965822,0.9054679574375832,-7.124047653018101,0.9090312412259444,0.887840814965242
2021-10-07,54.21010864784631,53.22240809074128,0.853815716654903,6.4386067930478,0.9084903969436098,False,48.20383100048865,47.26013896200893,0.8476850315515747,0.9072814211411993,-6.71278313703592,0.8470463485541867,0.8845772576523576
2021-10-12,38.80323909351478,38.230674861114274,0.8843270971698765,6.798206165241357,0.8996420744353303,False,47.451783647930746,46.53778183393735,0.8696702709225557,0.9066702734047298,-6.719616979292356,0.8006716995794344,0.8778648130065239
2021-10-15,29.94966466297672,29.43148295187269,0.8689074111970384,7.263767111119988,0.889594558202794,False,46.05161412913443,45.16927792337218,0.8696092421445143,0.905304216188575,-6.763148989838567,0.858640417219444,0.8763268613435575
2021-10-20,16.590672474371193,16.06341249364702,0.7892848828195786,8.102844042583763,0.8754350932693546,False,43.69473879675337,42.840808688994166,0.8631832933985194,0.9029146863550374,-6.870324594058183,0.7831398310574512,0.8688718989206691
2021-10-25,11.388308636271454,10.89486169174938,0.749625862941725,9.15265766555174,0.8785184494331439,False,41.11022438391482,40.28513292921458,0.8540986989619759,0.900962987401286,-7.052911239777669,0.8475365061423724,0.8671650674984054
2021-10-28,8.430740651017503,7.661220363440512,0.5738439401598331,10.19055522968725,0.8649361747471244,False,38.49586568528304,37.67521992395266,0.8316783182578046,0.898080842388953,-7.303922758970435,0.5863410134717976,0.8446991431762768
2021-11-02,4.967337190353652,4.404435556548843,0.5225196023479486,11.037783216073198,0.8544767510440829,False,35.81358340568869,35.013557174560354,0.8069456209850161,0.8945925150813634,-7.602631595538656,0.6427701750315263,0.8285448257246968
2021-11-05,3.646602145904296,3.149696582593939,0.4477025447704496,11.035819932367945,0.8489426389175171,False,33.24022490490594,32.46444832720304,0.7782061748878508,0.8909405249882557,-7.877286662484999,0.49950728402729144,0.8022218223889044
2021-11-10,2.6030140540923625,2.130594253346749,0.3613563803416366,11.697735767561053,0.8348532412893696,False,30.78924803684086,30.037740001294537,0.7448581913241537,0.8864535422923449,-8.182922590891083,0.3112441111288235,0.7629436054880979
2021-11-15,2.1594755384599806,1.6847395733918409,0.2997739524752071,12.32299532550689,0.8264335687598579,False,28.49886623697039,27.769499967062323,0.709251452216238,0.8816519444097459,-8.514128409660348,0.2842435295313207,0.7246475994115558
2021-11-18,1.726573190698822,1.3079487785197872,0.2273475420615075,12.215548411859492,0.8265840505236293,False,26.357082793268667,25.65257587197892,0.6706991394038596,0.8772465128988567,-8.81024200983628,0.187195465476121,0.681651428696721
2021-11-23,5.616952591293483,4.851122929058578,0.4658109588558574,11.342859198208007,0.8365927756679606,False,24.69787237711065,23.988459636545294,0.6543080849600195,0.873994213920385,-9.01285138490602,0.5958372220897638,0.6747862921681644
2021-11-29,7.4887898041072605,6.647987124319028,0.4935057887898206,10.439596636156724,0.8510574437718709,False,23.32114577127038,22.60122183556719,0.6414439012664036,0.8721592723085039,-9.126991005006076,0.5452641648719821,0.6644245219844699
2021-12-02,25.04220935069692,24.16178461646938,0.7850421594038225,8.240017412894595,0.8779851414461447,False,24.353783918926304,23.537559504108504,0.7276028561488549,0.8756547937910883,-8.594806849739188,0.8617744235362096,0.7828344629155137
2021-12-07,44.49858703229616,43.45374819733442,0.8319306729833064,7.259069445306245,0.886031702934555,False,36.440665786948216,35.487272720044054,0.7901995462495257,0.8818809392771683,-7.793364407079423,0.78321300178583,0.7830615862377035
2021-12-10,48.78724779915835,47.855967549068296,0.8658852087026405,7.1466248650006685,0.9030449566976742,False,43.8486149942743,42.9084896174586,0.8356109437213946,0.8945793497294718,-7.405320681832171,0.8910784717616568,0.8478717175520755
2021-12-15,44.22047038145448,43.22775677398393,0.8390432913454828,7.094685437334288,0.9005301359552458,False,44.07172822658241,43.1000499113738,0.8376703522958475,0.8981498214649362,-7.21893953513344,0.8891543791561657,0.8726413145145296
2021-12-20,48.38390681591319,47.16269327474761,0.8078550414978171,6.519715500868306,0.9202583888542628,False,46.65903538018088,45.537635929398085,0.8352851274320051,0.9114149618985324,-6.799405114574359,0.741468888605469,0.8621475204418049
2021-12-23,44.19041732494264,43.41353506978133,0.858864291040167,5.986153392057379,0.929431359620538,False,46.46154593576182,45.36770786062875,0.8494326255969022,0.9222248005317356,-6.311454081064172,0.807823033364996,0.8578015614756602
2021-12-29,42.47709294277215,40.85120814343569,0.7300811773596348,7.040131405915872,0.9212054552332276,False,46.14278969632264,45.0063878832533,0.8398845097379208,0.9221432529078551,-6.369748267052308,0.6539175293159558,0.8414908389028839
2022-01-03,30.831290434681925,29.0604987474753,0.6029036241808369,7.016941398096487,0.9288506640843278,True,44.91786975539139,43.73071675239106,0.8209260388933541,0.9261676996137388,-6.421523717535843,0.4762248484839691,0.8122695596693708
2022-01-06,25.668561969112265,23.693020930984705,0.5146753909650381,7.451294415844132,0.921011672933055,True,43.37792513248906,42.12770108667856,0.796425987059089,0.925755217479284,-6.503905373400507,0.34085741061610475,0.7745565877451095
2022-01-11,19.73105949120596,18.07361473015095,0.5282895747200027,8.043544394138074,0.9089288191345248,True,41.48617588118642,40.203374178156345,0.7749750740719621,0.9244091056117034,-6.627076495059512,0.4640540207591009,0.7497163823862288
2022-01-14,15.888488481559644,14.636628196932492,0.5849142007325157,8.605531218948546,0.8991030698665374,True,39.43836088921628,38.158034499658434,0.7597702042048065,0.9223846227520902,-6.785352872970635,0.5777571007032789,0.7359596398515929
2022-01-20,7.803092317755613,6.825484565170815,0.4717611992431743,9.779104286671704,0.8853650982703577,True,36.90753940349942,35.65143050489943,0.736729483807876,0.9194230607935516,-7.024852986066721,0.44030952453498284,0.7123076306262641
2022-01-25,6.876471908793039,5.928556678874011,0.4400825760007862,10.251550299281105,0.8724121001995822,True,34.50505400392291,33.2736005988174,0.7129977311833088,0.9156621839460342,-7.282988771123872,0.34302227374772587,0.6827648020759811
2022-01-28,3.9947988374139927,3.283489687768451,0.3050074266037982,10.823268790573842,0.8609796853638835,True,32.06423359060219,30.87439172593349,0.680358506816948,0.911287584059462,-7.566211172679869,0.16360482679128163,0.6412320040532052
2022-02-02,3.526918382033156,2.843942078410929,0.2442253519878263,10.874906590381006,0.8479309272710072,True,29.781248373916668,28.631955754131685,0.6454678544306183,0.9062190515163856,-7.83090680609596,0.1585690118777562,0.6026189646791693
2022-02-07,3.079890634300997,2.489224682017228,0.2344305660147715,10.878702533345134,0.8557520514423038,True,27.64513975474741,26.540537268362527,0.6125848713573506,0.9021816915104592,-8.074730464275895,0.15748277994341212,0.5670080699003087
2022-02-10,3.5840669717088955,2.9901996751106523,0.3172275201045963,10.677274749541729,0.8602939057028776,True,25.72025393210433,24.65651026090238,0.5889562832571302,0.8988306686458527,-8.282934007097161,0.3102258402494257,0.5464654915282381
2022-02-15,7.403942277153907,6.463966006174396,0.3753372669863911,9.608095411821544,0.8801132142861153,True,24.2549489997083,23.20110672052414,0.571866761955471,0.8973332722970738,-8.388946919475112,0.33767216469089895,0.529762025381251
2022-02-18,8.537428707062066,7.350912533794825,0.3470439429620822,9.443560807459464,0.8773676359236287,True,22.9975473762966,21.933091185585795,0.5538809364359999,0.8957360213871982,-8.47331603051386,0.32136183139282404,0.5130900098621768
2022-02-24,9.256322190404706,8.473815822055808,0.5430857586409252,9.156375621807952,0.8680315714360591,True,21.89824936142525,20.8563491565034,0.553017322212394,0.8935196653911072,-8.527960797817387,0.5376967876139577,0.5278540765132453
2022-03-01,19.17551159108543,18.53675525197236,0.7737296947510157,7.552526567462219,0.8953034222778383,True,21.680430339798065,20.67078164414092,0.685444745735567,0.8945899195231459,-7.942700259604287,0.8598449250451902,0.7270485856324121
2022-03-04,23.09400092555474,22.185711395130408,0.695699846777159,6.906620259104407,0.9023889694149972,True,22.528572691252077,21.57973949473461,0.6915978063605223,0.8992693494582567,-7.321052259304358,0.6303061509216776,0.7193091908555534
2022-03-09,42.29575062187988,40.81947977050471,0.7170979936530762,6.152435241490639,0.9259228394388908,True,34.38887944962875,33.123583660196665,0.7068979187360547,0.9152614434466372,-6.619882048616127,0.6084293844627294,0.7104388063441275
2022-03-14,34.08328417687031,32.78595863005275,0.7167270087520301,6.732455366675642,0.9146724785886872,True,34.36443182780808,33.09657365778516,0.71279537274564,0.9152143262580013,-6.628887914060888,0.645613740438344,0.7052528010716649
2022-03-17,41.14987205832077,40.103836501269846,0.798784366446503,6.505707300948132,0.9127565669530096,True,38.435695966115695,37.30093136387597,0.7643887689661577,0.915017705513602,-6.554979546193234,0.8034777534045559,0.7641877724713995
2022-03-22,48.88376545738701,47.61474678513213,0.7820888066650372,6.265916896447101,0.9196268778458332,True,44.70453766087848,43.48922061662967,0.7750087915854854,0.9177832089129409,-6.381541956345554,0.7749048808430811,0.7706180374944085
2022-03-25,49.28314171734933,48.0603843453477,0.7918581915703198,6.368257568309156,0.9182395665596752,True,47.45170009476099,46.23191885386049,0.7851184315763859,0.9180570235009816,-6.373571323523715,0.691170152344927,0.76426220668245
2022-03-30,41.968053768279695,40.4145357430133,0.7022613349304225,6.828231889157545,0.9063929021731344,True,47.01300838864248,45.76652820499272,0.7784898638447089,0.9171238937947538,-6.409944168774421,0.5512395508172265,0.7472203942132323
2022-04-04,26.94167376675011,25.915263708483,0.7265916490920545,7.466481640344559,0.8983426022955516,True,45.4073016188911,44.17842704527194,0.7743380066644966,0.9156213904748176,-6.494467166500033,0.8296083433956788,0.7966531637227001
2022-04-07,22.57077412297305,21.14940532726334,0.6257312320432729,8.076160284456279,0.9094013896065636,True,43.58037941921766,42.33610530783125,0.7624494646947987,0.9151237904053572,-6.621002615936533,0.6869079250463903,0.7878735446285954
2022-04-12,16.69126529000315,15.6202249742491,0.5997439062134177,8.183447009224881,0.9099168998430532,True,41.4292502888805,40.19883488114469,0.7494330200162883,0.914707239160373,-6.7459981673996,0.592920749355792,0.7722773210067712
2022-04-18,4.037224984472536,3.5478235827136007,0.3999980913339198,9.853180220980825,0.8885995528731387,True,38.43788826452786,37.2667539772702,0.7214782257216988,0.9126186242573944,-6.994572731686098,0.5159884496969388,0.7517742113019846
2022-04-21,3.627303681475244,3.199820199111281,0.450825728881303,10.028679874999836,0.8809898888479362,True,35.653041497883656,34.54139927501748,0.6998260259744672,0.9100883254246376,-7.237301303151197,0.5011028059180319,0.7317204988712684
2022-04-26,18.461609932096604,17.90036735002049,0.8013930569491592,7.949077290035571,0.8940238375739176,True,34.27772697262069,33.21011672101773,0.7607662445592824,0.90880316639658,-7.294243382101947,0.9136700617232718,0.8408902365824704
2022-04-29,26.38511147633192,26.095784142083524,0.925916802248186,7.589708127234418,0.8774535223665221,True,33.646317732917595,32.640970114702995,0.8598565791726246,0.9062951948741754,-7.3178805617125455,1.0,0.9363560946329882
2022-05-04,39.53708095523911,39.46853690164421,0.9867899045775436,6.4846121477553735,0.894282205839836,True,37.1807756663105,36.73751018686772,0.936016574415576,0.9053341557514284,-6.817919513338243,1.0,0.9745424378531953
2022-05-09,72.18649464106103,72.13797838798456,0.9942865348725456,5.559363626818983,0.9162011199084056,True,58.18420705116082,57.97779110753783,0.9709785506897576,0.9118543342456148,-6.062785981426687,1.0,0.9898169751412781
2022-05-12,53.647244380191054,53.50690622382088,0.978123497174122,5.660241877449788,0.9146277252845274,True,57.82125003748324,57.62012031684047,0.9752655185803762,0.9135183688689624,-5.821259519040548,1.0,0.9959267900565112
2022-05-17,46.00574692058933,45.83415875562071,0.966699250735576,5.260340126957813,0.9187738576497412,True,56.87600978813173,56.677243391942895,0.9745802171527922,0.9166716621374296,-5.484707883790907,0.9719587673737068,0.9940093482418869
2022-05-20,43.02790918039165,42.87033491107164,0.9669702018578296,5.282089106432832,0.9198849042183338,True,55.76816173951252,55.57269071347319,0.9739714159291952,0.918599607385972,-5.363136617376062,0.9769212854835155,0.9926423032212173
2022-05-25,44.88408850951519,44.79920156054224,0.9824590785516806,5.103148755872632,0.935450343434128,True,54.897435881112735,54.71081158123872,0.9790640135026863,0.9287100490148656,-5.207143900474004,1.0,0.9970569212884869
2022-05-31,49.57676253735262,49.40687961619439,0.9701073979296349,5.254938752190312,0.944135330329128,True,54.47178201361193,54.28649702403517,0.9783474842568424,0.937965217803423,-5.210967488611309,1.0,0.9988227685153948
2022-06-03,39.30576417469064,38.6730110000491,0.8725084909697887,6.232824135737347,0.936345565594325,True,53.25850058649822,53.03741814211629,0.969880364793878,0.9378356456266952,-5.292716020381392,0.8563702635570927,0.9874265681187306
2022-06-08,47.836802198454926,47.27754514010455,0.8989619726655017,6.075478166768524,0.9285673801948224,True,52.82476471545476,52.57662830195535,0.964206893423608,0.9370941843921454,-5.355336992092362,0.944812438491536,0.9840174377485551
2022-06-13,49.98906830451434,49.93373190191324,0.98995330729415,4.6265378439163545,0.9404495794276996,True,52.59790900257953,52.36519658995199,0.9796547417459333,0.939107421413478,-4.918057503186757,1.0,0.9936069750994221
2022-06-16,60.9782437126192,60.97311749311845,0.999302895216958,5.399288708261819,0.9281007364436348,True,57.62610982860333,57.529949131851865,0.9914436338285482,0.9382268866158904,-4.956555999592762,1.0,0.9974427900397689
2022-06-22,72.8261237252233,72.68606527959042,0.9827969719401364,5.097448367589859,0.9381920438951432,True,66.74611816657531,66.62361882049501,0.9907519008774752,0.9382240991982308,-4.96782738903253,1.0,0.9989771160159076
2022-06-27,83.69718620388404,83.67623232281066,0.9979059297852833,4.951166284946801,0.9410925739464402,True,76.91675898896055,76.8551869218844,0.99504431822216,0.9399451840471564,-4.9578307265810935,1.0,0.999590846406363
2022-06-30,72.96260799367437,72.87329009232641,0.9894532084403554,5.263237366613677,0.9385411044448424,True,76.60042690933766,76.53663517551976,0.9945970294396156,0.9398328576789714,-4.982263257783701,1.0,0.9998363385625452
2022-07-06,56.36343294898417,56.28349219290825,0.988403769098567,5.51336492963841,0.9379280119201684,True,74.98146739250939,74.91638373691084,0.9941015686123318,0.9396804700182672,-5.024751391532077,1.0,0.9999345354250181
2022-07-11,52.10300067311583,51.90232589893227,0.967470662690773,5.604068840495923,0.9449037675907268,True,73.1511900549579,73.07525910987256,0.9919710961386072,0.9428144485617428,-5.071096787449185,1.0,0.9999738141700072
2022-07-14,24.79145098159984,24.170086947560385,0.8013768208592887,6.747351554156082,0.9308708934817344,True,69.28241092908925,69.1628453368876,0.9767235541162615,0.9418589641553424,-5.205197168785737,0.856418065518156,0.9884893542778592
2022-07-19,23.38611974750746,22.908926706795697,0.81809317325943,6.2950882049930845,0.9374158046001652,True,65.61070763456271,65.46253184648025,0.9640331236477152,0.9415035113909282,-5.292388451682324,0.9600395147152103,0.9862133671128473
2022-07-22,26.96110809038732,26.30542486912806,0.818323681162391,6.870693838380948,0.9164058623152408,True,62.51873967102868,62.32996328829207,0.9523763682488892,0.9394956994648732,-5.418652882618215,0.9015963674215082,0.9794440071375403
2022-07-27,24.29763379771209,22.80479160207093,0.6163773247674406,7.879969155951982,0.908512593103944,True,59.46105120116336,59.16794955339438,0.9254964447703734,0.937017050955999,-5.615558184484916,0.549979847831326,0.9450868743930433
2022-08-01,20.820675990017357,19.47282237639472,0.6355932284150042,8.32048384306657,0.9014346605896476,True,56.36982118427168,55.99233937923441,0.902304187461944,0.9341704597266908,-5.831952237171449,0.643884741577701,0.9209907037678159
2022-08-04,26.04987510897572,24.78358688268548,0.7028703003560028,8.076416231024325,0.9015425942571196,True,53.944225498248,53.4956391795105,0.8863494764934686,0.9315602304891252,-6.01150935667968,0.7683145837980718,0.9087766141702364
2022-08-09,19.844573899221963,18.73850755448165,0.6691957677815507,8.464635591792181,0.8894229264987893,True,51.21625337032592,50.71506864950819,0.8689771797965152,0.9281892461698984,-6.20775945548868,0.762350407216487,0.8970625176139365
2022-08-12,19.57320821912743,18.30522810408283,0.6096141866182806,8.393313839264142,0.887491993203749,True,48.684809758230045,48.12228140587416,0.8482281403422565,0.9249334659326064,-6.382603806190716,0.7526713547513268,0.8855112245849278
2022-08-17,13.180764258696923,12.05692831679525,0.5378074000005412,9.075495036973171,0.8873849599485009,True,45.8444861182674,45.237053158747855,0.8233944811149193,0.921929585453878,-6.598035104653313,0.42959975336976536,0.8490383068877149
2022-08-22,25.20335137687809,23.98627983541598,0.6821534057989975,7.732661433551438,0.9033120639523596,True,44.19319533895626,43.53699129288131,0.8120951950896457,0.9204401837337566,-6.688805210965163,0.5777035447300314,0.8273315259151002
2022-08-25,37.67152310347587,36.5209693762316,0.7725013838265362,6.905573955787689,0.9094243327429922,True,43.67146156011783,42.975709539549335,0.808927690188597,0.9195589156544954,-6.706146710550966,0.744998103611003,0.8207448521307724
2022-08-30,76.5704558252759,75.83076797910029,0.9125212383862404,5.354553241910953,0.9246893523017966,True,63.41085811921267,62.6887446032799,0.871083819107183,0.922637177642876,-5.895190629366958,0.9073950787079915,0.8727349880771039
2022-09-02,82.57535774175648,81.66509426664284,0.8869567831883945,5.037514900086298,0.921846651068875,True,74.90955789273895,74.07455440129766,0.88060759755591,0.922573935516956,-5.380585191798562,0.8096455185102793,0.867687830511758
2022-09-08,76.75555604256647,75.74947941541392,0.8680166148925498,4.922163788738038,0.9255992458529302,True,76.01715678263545,75.07950940976741,0.8796003189428412,0.9243891217185404,-5.105532349962248,0.7819919271152931,0.8608321582400409
2022-09-13,119.52051216174202,119.22158460203669,0.9742280866686354,3.873609077836672,0.9437666319664562,True,102.1191700100994,101.56475452512898,0.9363769795783176,0.93601562786729,-4.366378386686902,1.0,0.9443328632960164
2022-09-16,96.95903135951023,96.8823154717761,0.9924038107343014,4.319567751451991,0.9434411200486804,True,101.70635891805226,101.19015940086076,0.969993078271908,0.940470923176124,-4.338292005545956,1.0,0.9777331453184066
2022-09-21,98.45404266878217,98.43605697859796,0.998293050918464,4.23766932923799,0.9410123337326096,True,101.44617361811066,100.96983120707972,0.9869730618598416,0.9407957695100156,-4.277918399761177,1.0,0.9910932581273626
2022-09-26,73.8433559776548,73.7967342078227,0.994692643382768,5.127366809460798,0.9307824649616306,True,99.2379482068742,98.79598344713916,0.9916048107735972,0.9399947051461448,-4.345874272537147,1.0,0.996437303250945
2022-09-29,77.99289298803188,77.99289298803188,1.0,4.838803325761161,0.9325010239892472,True,97.5383437893668,97.13173621041058,0.9966419243094388,0.9393952106535932,-4.385308596795069,1.0,0.9985749213003781
2022-10-04,99.55883491213194,99.55883491213194,1.0,3.7060306106762897,0.950512825525402,True,98.7506384630259,98.5879954314434,0.9986567697237756,0.9460657795766784,-3.977741805123802,1.0,0.9994299685201512
2022-10-07,98.01721180661164,98.01721180661164,1.0,3.839766051432726,0.9450679398381634,True,98.69196433051276,98.54233274145686,0.9994627078895102,0.9459859523975972,-3.8949563529091566,1.0,0.9997719874080605
2022-10-12,73.74577508087468,73.73585833501086,0.9987657239670128,4.706647401190336,0.9322285725969792,True,96.69626919054171,96.5578147889412,0.9994069491757104,0.944885362013548,-3.9598916367716512,1.0,0.9999087949632242
2022-10-17,104.43681201688554,104.43681201688554,1.0,3.72477869518704,0.943217307690914,True,101.340594886348,101.2852131257078,0.9997627796702842,0.9447519176677373,-3.818823871820885,1.0,0.9999635179852897
2022-10-20,92.1668609098964,92.1668609098964,1.0,4.195708659494208,0.935630897902923,True,100.60669616823188,100.5557449484429,0.9999051118681136,0.944022236086552,-3.848974654834751,1.0,0.9999854071941159
2022-10-25,105.86301199559492,105.86301199559492,1.0,4.311053109564344,0.9279833661932514,True,103.7604856646497,103.7401051767341,0.9999620447472456,0.942739126495088,-3.885940931213119,1.0,0.9999941628776463
2022-10-28,76.20053682323244,76.20053682323244,1.0,5.120462397010574,0.9213068478302454,True,101.55568975733634,101.536939708454,0.999984817898898,0.9410245442019008,-3.9847026484769152,1.0,0.9999976651510585
2022-11-02,46.200271270111614,46.10935216068936,0.9844263227729634,5.718171105039001,0.9074460492525016,True,97.12725627835836,97.1027327046328,0.9987401382888234,0.9383382646059488,-4.123380125001883,1.0,0.9999990660604234
2022-11-07,24.6897332016264,24.56413681746439,0.9626947684090676,6.751731363598982,0.8884784250291282,True,91.3322544322198,91.29964503365936,0.9958565086984428,0.9343494774398032,-4.333648224089651,0.9855299740706246,0.9988415387012396
2022-11-10,50.86343183783544,50.63662364324608,0.9653387798652078,6.200606791062541,0.9017505361008088,True,88.09474862466907,88.0466033224263,0.993415090391784,0.9317415621326838,-4.483004909447483,1.0,0.9995366154804959
2022-11-15,50.07159681271045,49.157114618902256,0.8711082804695943,6.865006979488225,0.9033034743940987,True,85.05289647971239,84.93544422614437,0.983630545598009,0.929466515113597,-4.673565075050743,0.9608601003994917,0.9964424942740155
2022-11-18,47.92877038905981,46.97134441562911,0.8483719359348216,6.629789174885109,0.9116470440479362,True,82.0829663924602,81.89831624130315,0.972809856824954,0.928040957428344,-4.830063003037491,0.8493116911569601,0.9846720300246512
2022-11-23,57.45529364005913,56.65776319503952,0.8877451131068358,6.219361034807567,0.9204398854160656,True,80.1127525722681,79.87907199760205,0.9660046773275046,0.927432871667362,-4.941206845579098,0.9407180285885864,0.9811557099097661
2022-11-29,59.130477578844335,58.29007220342835,0.8867954243025682,6.162198980081604,0.921937480080881,True,78.43417057279422,78.15195201406816,0.9596679370855096,0.9269932403404436,-5.038886216339298,0.9000621814959561,0.9746682276366613
2022-12-02,68.56192340842982,67.65109108739954,0.8852151674848073,5.731346358452073,0.9230732365284948,False,77.64439079964507,77.31188313993466,0.9537117155174536,0.9266796400354876,-5.09428302770832,0.8511984576106691,0.964790646034582
2022-12-07,71.69328752891687,70.88344753434808,0.900746356126511,5.463901502849554,0.9304814009573792,False,77.16830253798682,76.79760829148775,0.9494744867661782,0.9289606965886226,-5.123852505719619,0.9174697383873657,0.9610049734228048
2022-12-12,40.96947976937625,40.519893367861,0.9232028167258992,6.912553505473051,0.8972542459441576,False,74.27239671649797,73.89539109759761,0.947372753162956,0.9264241805370654,-5.266948585699894,0.9326595983351074,0.958737343415789
2022-12-15,54.02181719266233,53.92993856933106,0.986451132674814,6.0124730749758575,0.9065176998328066,False,72.65235035459112,72.29815489533628,0.9708197808700708,0.9248316620807248,-5.326590544841971,1.0,0.9834949373663155
2022-12-20,54.80620515899295,54.76424072841397,0.9937481277319494,5.943888316254987,0.902298792972514,False,71.22465873894328,70.89544176198251,0.984576788987198,0.923029032552068,-5.375974366555012,1.0,0.9933979749465263
2022-12-23,54.10053622341235,54.05067958307178,0.992326891951146,5.823618919622962,0.9037365381942092,False,69.85472893770081,69.54786078766965,0.9892268507655668,0.9214856330034392,-5.411785930800448,1.0,0.9973591899786105
2022-12-29,50.07512346578264,49.99478631511063,0.987176073728078,6.033002356954993,0.9051121043455704,False,68.27236049994737,67.98361482986493,0.9890627886025678,0.92017575071081,-5.461483244892812,1.0,0.9989436759914442
2023-01-04,40.23360728752747,39.86159990242045,0.9274132939414412,6.556233690971259,0.9005346334342139,False,66.02926024295378,65.73385363566938,0.9841308290296776,0.9186044613286822,-5.549063280579088,0.9561610853557072,0.9955210687405852
2023-01-09,55.77249351465202,55.60834013241912,0.9772450030034572,6.218909014694775,0.903402938582206,False,65.20871890468965,64.92381255540936,0.9835799629475802,0.917388339508964,-5.602650939308344,1.0,0.9982084274962341
2023-01-12,40.83500531060518,40.624637805634414,0.9610336031351532,6.778188563622505,0.8962807771780773,False,63.25882181716289,62.97987857542736,0.981776254162586,0.9156997345224932,-5.696693949253477,0.9682122869554753,0.9958087362529734
2023-01-18,32.76414848892928,32.33591853521485,0.9106703392896422,7.363405590320122,0.8787008055920458,False,60.819247950904206,60.52836177221037,0.9760877809727506,0.9127398202080574,-5.83003088053881,0.9696539087075194,0.9937163500493371
2023-01-23,41.314529833905766,40.60868381164583,0.8762881725194244,6.789369070140492,0.8979787868677401,False,59.25887050154433,58.9347875353652,0.9681038122964846,0.911558937540832,-5.906777935706945,0.814544096923526,0.9793825697992723
2023-01-26,25.771242099307145,25.075642273634195,0.8249362482782767,7.850987435849521,0.8754408629806273,False,56.57986022936536,56.22605591442672,0.956650407175028,0.9086694915760156,-6.062314695718351,0.8990162609177244,0.9729532650887486
2023-01-31,19.531678409108324,18.85669239674876,0.7962021408220092,8.862634595133917,0.8484208424617212,False,53.6160056837448,53.23650683301248,0.9438145458667866,0.903849599646872,-6.286340287671596,0.8034418804589749,0.9593923543183667
2023-02-03,14.814744153505766,14.216108894675209,0.7608194308305054,9.330327888331016,0.8393865572130716,False,50.51190476132568,50.11487499794551,0.9291749366638842,0.898692556252168,-6.52985929572435,0.7646309455742962,0.9438114416188411
2023-02-08,9.46595976770068,8.685054584197367,0.5743171332397877,9.924707621544393,0.8501871760577793,False,47.22822916183568,46.80048936484565,0.9007863123899564,0.894812125836617,-6.8014471617899535,0.5858108398654913,0.9151713934785732
2023-02-13,12.61305365212486,11.785688758136978,0.6240333568717121,9.252834477756512,0.8676915309481561,False,44.45901512105881,43.99930531630896,0.878646075948497,0.8926424782455401,-6.997558147067278,0.5382373499477532,0.8850166699961077
2023-02-16,6.886782681629109,6.247108176460896,0.5441970016159231,10.60236733719038,0.844543707280903,False,41.45323652590444,40.97912954512112,0.8518901500018911,0.8887945765683691,-7.285942882277126,0.5263101992748636,0.8563201523384083
2023-02-22,10.608339328454171,9.80077741686564,0.5975824198877797,9.693803074117737,0.8611161827078782,False,38.98564475010842,38.48486137486068,0.8315455315927621,0.8865803050595299,-7.478571697624376,0.5605255117396513,0.8326565810905078
2023-02-27,15.329409796503858,14.285093254770178,0.6248914218173897,9.107828465544197,0.86680394540535,False,37.093145953820056,36.54887992525344,0.8150132028107324,0.8849981962871956,-7.608912239057962,0.6539973563951246,0.8183638431148772
2023-03-02,7.941007343996324,7.235525974963934,0.5430084847191623,9.82851014700166,0.8555332602078837,True,34.760974865034164,34.20381160923028,0.7932528253634068,0.8826410014008506,-7.7864800716934575,0.5637957112209446,0.7979983925633627
2023-03-07,23.408913209392768,23.01446583160345,0.883922938451097,8.120370242912562,0.8683625255124767,True,33.85280993258285,33.308663947020136,0.8476548932160209,0.8814987233297807,-7.813191285390986,0.8669040511190618,0.8393417876967821
2023-03-10,22.699567099288227,22.25855554054332,0.8710297340946991,7.867729908140523,0.8894506965034256,True,32.96055050591929,32.424655274501994,0.8616797977432279,0.8862699072339676,-7.817554375210949,0.899923531543316,0.8756908340047025
2023-03-15,11.115034224989166,10.483256317225557,0.5927446049470645,8.329017274477346,0.9053894266740846,True,31.21290920344488,30.66934335791988,0.8401649823195348,0.8977416188980378,-7.858471407152261,0.568496172352331,0.8511152610725128
2023-03-20,22.74319357293457,22.370663900568115,0.8690246548646894,7.202085073679001,0.9190157607831368,True,30.535331953004057,30.00544900133174,0.8574807858466276,0.9105061040290972,-7.464639607068305,0.9879834077295719,0.9332361490667482
2023-03-23,27.291774926483125,26.674304412657413,0.8257837635561126,7.226157015982337,0.9220834034551194,True,30.275847390882383,29.7389574342378,0.8549450240633863,0.9174524836847104,-7.321550052416724,0.9435078452057383,0.9393991667501422
2023-03-28,27.33483893499177,26.76648435141254,0.8411607382755196,7.179119381157712,0.9215920561908044,True,30.04056671441113,29.501159587611777,0.853842281200357,0.9199362271883668,-7.236091649661317,0.9213447987557233,0.9379548173105887
2023-03-31,40.0376599730918,39.334566738739454,0.8607045326075214,6.529594474826356,0.9282491933943432,True,36.038822669619535,35.401203878288385,0.8579596320446556,0.9249240069119524,-6.81219334476034,0.964113670867393,0.9536501294446713
2023-04-05,29.67778864398096,28.75315304820173,0.7761938928373925,7.2050547192483645,0.9204995735736526,True,35.52993994756845,34.86935981188145,0.8514183729080746,0.9245700522448884,-6.843622254719382,0.7637822319917095,0.9384606976484344
2023-04-11,23.39278655165177,22.35811104444313,0.6975198184136229,7.668235853642519,0.909780908029157,True,34.55896767589512,33.86845991048639,0.8391064885485184,0.92338692070763,-6.909591342633233,0.6393448044384507,0.9145314261916357
2023-04-14,13.05102074510111,12.285817228701214,0.6270055213108356,8.295350554760342,0.8889465954324647,True,32.8383319214316,32.141848495943584,0.8221384111695039,0.9206316946856168,-7.020452079603402,0.6343863610761741,0.8921198209823988
2023-04-19,4.406751797968521,3.927465127277096,0.4526549883120371,9.89562171513711,0.8588185843875612,False,30.56380551155455,29.884697826450267,0.7925797373409066,0.9156866458617724,-7.250465650446099,0.4465809623124042,0.8564767122887993
2023-04-24,1.9065217782680537,1.5254982497187102,0.258384507680344,11.29625391539438,0.8556210583198617,False,28.27122281289163,27.615961860311742,0.7498441189680616,0.9108813988584196,-7.574128711641962,0.19777644998718052,0.8037806913046698
2023-04-27,6.28040335082693,5.594647646257379,0.4819831238326693,10.432273016801018,0.8600360255317149,False,26.51195725592645,25.8542567231874,0.7284152393572302,0.9068137689922832,-7.802780256054687,0.5159734963870329,0.7807561157112589
2023-05-02,6.437084747953924,5.818682179003226,0.5439873893621293,10.295197218007695,0.8593101302425681,False,24.905967455288653,24.251410759652664,0.713661011357622,0.903013477892306,-8.002173613010928,0.5590938718456914,0.7630231362020135
2023-05-05,15.659285656828352,14.988993547323645,0.7630439504436086,9.31252411542659,0.8751303739560387,False,24.166232911411832,23.510417382666343,0.7432907748092139,0.9007828295774046,-8.107001653204183,0.8067969937452885,0.7892874507279785
2023-05-10,17.37256348784916,16.64589140562749,0.7631950715671181,9.130064178078277,0.8750814595021852,False,23.62273935752682,22.96125530450324,0.7552333528639563,0.8987267199713871,-8.18884665519411,0.7422798248357304,0.7855268406565986
2023-05-15,18.760892465094024,17.902754468897328,0.7330631842641758,9.088457079118612,0.8868716470036004,False,23.2337916061322,22.55657523765476,0.7534597393759739,0.8977783141339643,-8.26081548910807,0.7720839283550759,0.7844514076724768
2023-05-18,29.512580679818203,28.54447531543277,0.7687696207877114,7.828303647019428,0.8972997634113562,False,27.001065050343804,26.149315284321567,0.7626456682230164,0.8977400300761557,-8.001308383854886,0.7874323357972324,0.7862399645473301
2023-05-23,24.44142643877109,23.29604648700086,0.6977253872819273,8.06580671284121,0.8999906673825816,False,26.796293961417987,25.92105378053591,0.7574520457477293,0.8990904124600112,-8.006468250173793,0.6897199034664737,0.7785183596608617
2023-05-26,19.39796856707797,18.0696607950234,0.6114962415873358,8.57689246049054,0.8976187706375105,False,26.20442792987079,25.29294234169491,0.7457755814148979,0.8989726811142112,-8.052102186999132,0.7609977419024505,0.7771167102401888
2023-06-01,19.069360365396363,17.61884755729344,0.5684608263160658,8.467363568557673,0.8946925250391234,False,25.63362252471284,24.67901475894279,0.7315904010069912,0.8986302686282043,-8.085323097523816,0.5221143908506982,0.7567165246890295
2023-06-06,18.03256893532265,16.58593293117452,0.5630034996229138,8.752767959596351,0.8955569628393439,False,25.025538237561623,24.03156821272133,0.718103448896265,0.8983844041650956,-8.138718686489618,0.5308420305242526,0.7386465651558474
2023-06-09,16.82610120783461,15.482198768684777,0.5452944083458092,8.538939526246256,0.8978894291932652,False,24.369583275183462,23.34761865719841,0.7042787256522285,0.8983448061673491,-8.170736353670149,0.518643456860149,0.7210463164921915
2023-06-14,13.808365053488094,12.518597181751996,0.4993571926275018,8.768435369601342,0.9027030828767044,False,23.524685817447835,22.481296939162696,0.6878850030102504,0.9009597721929624,-8.218552274944644,0.4340316335575957,0.6980851418574239
2023-06-20,14.71161216459883,13.551591767346244,0.5631186129201206,8.61976381017395,0.8974118015552739,False,22.81963992521992,21.76692052541738,0.67790369180304,0.9006759345419473,-8.25064919776299,0.4764582066768883,0.680354987042981
2023-06-23,20.69247579874282,19.399792780911756,0.6417103398102443,8.251606622818356,0.9106454019230522,False,22.649466795101752,21.57755030585693,0.6750082236436165,0.9066576149706104,-8.250725791767419,0.6909807100411085,0.6867304208418575
2023-06-28,22.625120419956858,21.20642525976812,0.6440010963181793,8.335422468890993,0.8968393322642646,False,22.64751908509016,21.547860302169827,0.6725276534575815,0.9058721523541028,-8.257501525937306,0.591130470983253,0.6790824248531692
2023-07-03,11.104882008086651,10.263018718731178,0.5534581679300787,9.167184515206316,0.8726734390303769,False,21.72410811892988,20.645072975494735,0.6630020946153813,0.9032162552882046,-8.330276165078827,0.5067750474620681,0.6652978346618812
2023-07-07,11.615339567490258,10.81332325949294,0.5878929607570773,8.914408223729012,0.8709456596346343,False,20.915406634814712,19.8585329982146,0.656993363906717,0.900634607635919,-8.377006729770843,0.6543995281917516,0.6644259701442708
2023-07-12,13.51110570374051,12.64974036884377,0.6329280814155305,9.062153426912948,0.8599367785475028,False,20.32306256032878,19.28182958786493,0.6550681413074222,0.8973787813088457,-8.43181846554221,0.680748830754047,0.6742196865101366
2023-07-17,11.84922364666408,10.97828232519427,0.6118396041476495,9.733892083092355,0.8538579490456927,False,19.6451554472356,18.61754580685128,0.6516098583346405,0.8938971147277935,-8.535984354946223,0.6376317813530509,0.6712926540975699
2023-07-20,6.012895335319687,5.17264699541102,0.4075209575840717,10.433885513937428,0.8649585861680681,False,18.55457463828233,17.541953901936058,0.632082746274595,0.8915820324430156,-8.68781644766552,0.48214457845108405,0.6561608080458511
2023-07-25,2.775254408812253,2.195815405953085,0.259358653167999,11.277720458506725,0.8653694541801207,False,17.292229019924726,16.314262822257422,0.6022648188260673,0.889485026181984,-8.895008768532817,0.19141557713110102,0.6189811895726711
2023-07-28,2.2573782169742125,1.732406603244977,0.2300499057986137,11.668630574102274,0.8521817780037138,False,16.089440955688687,15.147714324736429,0.572487625783871,0.8865007663277223,-9.116898512978374,0.17255013090231472,0.5832667048790426
2023-08-02,3.0069028315973183,2.3833263116093475,0.2736075297375785,11.620862574677703,0.8340160177328214,False,15.04283790576138,14.126563283686265,0.5485772181001676,0.8823019864401302,-9.31721563791432,0.2825213943814127,0.5592070800392323
2023-08-07,1.7678269450760542,1.3350008051853652,0.2253580727174224,12.243771958927482,0.813626216084406,False,13.980837028906553,13.10323828540619,0.522719686469548,0.8768079248116724,-9.551340143595372,0.2302165059545704,0.5328878341124593
2023-08-10,1.5028242303471964,1.0878814981446578,0.1800572483612871,12.058901199275043,0.8251821601069464,False,12.982596005021804,12.142009742425268,0.4953066914208872,0.8726778636352943,-9.751945028049745,0.1330888565206993,0.5009039159051185
2023-08-15,4.265593167406897,3.635738498020565,0.4214695310133617,10.988537075067384,0.8438713284630066,False,12.285235778012613,11.461508042872891,0.4893997185882852,0.8703733408215114,-9.850872391811157,0.4425764949719213,0.49623772223046275
2023-08-18,3.358029572354285,2.74249228330212,0.3568224977850969,11.509651266884196,0.8348797820669425,False,11.571059281559943,10.763986782107231,0.4787935409240301,0.867533856121146,-9.983574701816998,0.29614542717292386,0.4802303386258597
2023-08-23,5.1459629074574185,4.506332394273695,0.4902065280920037,10.967138106432408,0.8291408231388919,False,11.057051571631742,10.26337443108055,0.4856413332248143,0.8644624134825657,-10.062259774186233,0.46753468161497636,0.479214686064989
2023-08-28,9.014250803846254,8.394959045419103,0.6679189810071811,9.827687619362168,0.8598361212946787,False,10.893627510208905,10.113901200227634,0.5950079218942343,0.8640923101075347,-9.921516481291793,0.8854976995467059,0.7229844941540191
2023-08-31,12.976941516116144,12.589222786791902,0.839925543832964,9.446715026975165,0.8519286452436605,False,12.143615913753248,11.599094152166195,0.7419584950574721,0.8631192169184249,-9.636635608701816,0.9384715322782027,0.8522767170285293
2023-09-06,11.737805031817812,11.197993512830765,0.7587274563056561,9.605899692738022,0.8497486862690852,False,12.111151043198412,11.567006101019365,0.7520198718063824,0.8620495744664777,-9.61819405912354,0.8489510692588124,0.8520106652069519
2023-09-11,8.542549099693154,7.989164965445714,0.6726317991862862,9.874383762016896,0.8437812567654264,False,11.825662887717996,11.280778810173471,0.7456688259967748,0.8605881090503936,-9.63868923535501,0.8835156331010381,0.8709136459434036
2023-09-14,4.062708627666069,3.43127821130302,0.3279528234555522,10.543081024919818,0.8627934565543595,False,11.204626546913842,10.652818762263836,0.7122515457934769,0.8619113175527731,-9.711040578520194,0.3739566190848483,0.8311570837947193
2023-09-19,4.950711316973215,4.324178303150248,0.4160187464630772,10.502299833789666,0.8591076434703747,False,10.704313328518593,10.146527525534747,0.688552921847045,0.8616870236261812,-9.774341318941753,0.4380209227862569,0.7997061909140424
2023-09-22,10.496702229500338,9.550117235813472,0.5546867780187303,9.885117680821509,0.8635891029652774,False,10.687704440597134,10.098814702357046,0.6778436303407798,0.8628282712296389,-9.783203427892133,0.5632717527995696,0.7807914358648846
2023-09-27,8.120795729932736,7.1234281193106925,0.4555473211816756,10.332851082201756,0.8631500926753322,False,10.482351743743983,9.860783775713337,0.6600599256080515,0.8630213640970549,-9.827175240236905,0.3983295161945936,0.7501944822912614
2023-10-02,7.663269457693218,6.697610584844968,0.4710957844550021,10.673730566066752,0.8524545376422032,False,10.256825160859924,9.607729920443868,0.6449427943158075,0.8621760179806668,-9.894899666303292,0.5105264718126534,0.7310210414529728
2023-10-05,5.036435175534178,4.33960892989971,0.4473336679910865,11.0461938391353,0.8541359435583163,False,9.839193962033864,9.186280241200336,0.6291340642098298,0.8615328120268788,-9.987003200129854,0.5944978911563492,0.7200991894292429
2023-10-10,8.484146112320504,7.792367786518974,0.6257056529006075,10.294052690378264,0.845713621859551,False,9.730790134056797,9.074767244825829,0.628859791305092,0.8602672768134926,-10.011567159349728,0.6955995123534817,0.718139215263182
2023-10-13,5.668549284496223,4.95440976802379,0.4751698760853533,10.830023863465223,0.8391290315530414,False,9.40581086609195,8.745138646681664,0.6165645980875128,0.8585762171926565,-10.077043695678968,0.4706672710194053,0.6983414597236799
2023-10-18,9.169268285591135,8.368225160971582,0.5733798002237158,9.973856263537437,0.8479454480390617,False,9.386887459651884,8.714985567824858,0.613109814258409,0.8577257556603689,-10.01513123639405,0.6234179324235722,0.6923475775396714
2023-10-23,6.4207326331670975,5.693722556070178,0.5140417631984304,10.692604272492355,0.8277954003584744,False,9.1495950735331,8.473284526884482,0.6051843701736108,0.8553313272362174,-10.069329079281914,0.6538229938266296,0.689265610842628
2023-10-26,2.4378613848784765,1.9736562643489763,0.3357506796026206,11.745298833490654,0.8158728462065297,False,8.61265637844073,7.953314265881643,0.5836296749279317,0.8521746487538424,-10.203406659618611,0.5550769189538559,0.6785305154915263
2023-10-31,4.500091412130351,3.866699508837308,0.4137493316767687,10.802546546772072,0.8431946545647389,False,8.2836511811359,7.626385085318097,0.5700392474678387,0.8514562492187141,-10.25133785059089,0.5383160028782894,0.6673133544824673
2023-11-03,9.06400752550064,8.270206098084312,0.565657339224642,9.767463960227118,0.8663169812761529,False,8.751864987754743,8.012677692977826,0.569688694808383,0.8603726884531774,-9.961013516372628,0.6350725738149297,0.6647340920290643
2023-11-08,10.523461602300086,9.544560566485629,0.5480354786399673,9.62286969792084,0.8747579798820025,False,9.81482295648195,8.931807417082506,0.5679564375149098,0.8690038633104724,-9.758127225301552,0.5683189777638817,0.6570208828878498
2023-11-13,10.97632627990403,10.12606825283823,0.61758949332137,9.732188222403884,0.8533118535179008,False,10.511724950535198,9.64836391853594,0.5977362709987859,0.8677485025270667,-9.74256382356295,0.6396111872017212,0.6556281072329595
2023-11-16,14.7665203109243,13.796630411606433,0.6676836232396244,9.346699277152815,0.8577562672553432,False,13.064602166768662,12.137323814378234,0.639704682343289,0.8669491237053288,-9.50504509571687,0.7355958447077984,0.7036087497178628
2023-11-21,13.818125999870553,12.596615089332726,0.567084354482522,9.402400559614938,0.8739028264308527,False,13.516716466629797,12.41289857935093,0.6338950561144278,0.8711213453406432,-9.44345837405571,0.53108451966582,0.6898068113136994
2023-11-27,12.838444757700485,11.90006392098737,0.6317335105892445,9.428114463035673,0.8840963631701564,False,13.46245472991545,12.371871806681844,0.633722132472413,0.8789063560383511,-9.434252027443687,0.5621799176530115,0.6795966598208444
2023-11-30,11.796479102733704,10.90587428540997,0.610176090170282,9.03181248524657,0.8978363842695838,False,13.329176679740913,12.254592004980095,0.6318384490882426,0.8902643729770907,-9.192788302125418,0.6049363843050145,0.673623837779578
2023-12-05,8.040207352566433,7.050800382058134,0.4794281072735951,10.16092931897332,0.8715609677181082,False,12.906059133566954,11.83828867514634,0.6196456217430708,0.8887681005563722,-9.27023958347325,0.4190888888512842,0.6532610418653145
2023-12-08,5.245871858439013,4.340882098877725,0.3501426268358248,10.693025429881944,0.8634041036112582,False,12.29324415155672,11.23849614904485,0.5980853821504912,0.8867389808007631,-9.384062451185947,0.33389329755661806,0.6277116223206188
2023-12-13,2.912883374147224,2.3325319123179207,0.3482715754070644,11.839642272650066,0.8464335814787707,False,11.54281528936396,10.526019010106696,0.5781002776110171,0.8835145488550038,-9.580508836903077,0.38197895735310927,0.608053009123218
2023-12-18,8.72747691501894,7.680170586243308,0.485163345228023,10.200907450483053,0.8714475272805953,False,11.31758821941636,10.298351136197626,0.5706653230203776,0.8825491871290512,-9.630140725989476,0.35065591322001705,0.587461241450962
2023-12-21,11.352628137001345,10.298676258737544,0.5203430450125464,9.481834303526645,0.8825995822874032,False,11.33861216996735,10.298546209721575,0.5666395407797511,0.8825794242240623,-9.541156872511776,0.4939843817831687,0.5799830926775386
2023-12-27,11.12462100248236,10.060888493656083,0.4999745285919707,9.451814659027962,0.8911050562433104,False,11.32149287656855,10.279533592436335,0.5613063398047287,0.8876948034356111,-9.487551544421487,0.4881095599046483,0.5726332100557073
2024-01-02,9.557039802230676,8.285593723399039,0.3595820325472993,8.954200318327588,0.9117346046230604,False,11.180336630621522,10.120018402913352,0.5451683952241344,0.9021186841480808,-9.167540808765148,0.12588328726683753,0.5368932162325977
2024-01-05,9.008210889955558,7.620431054630212,0.2813391475636831,8.650197565614397,0.9262101011709366,False,11.006566571368245,9.920051415050702,0.5240620554112984,0.9165735343617942,-8.857134862874698,0.13260428296223786,0.5045501015709689
2024-01-10,9.994004815313971,8.580103514225886,0.3065077924962167,8.44408551411754,0.928886503630118,False,10.925561630883902,9.812855582984715,0.5066577143780918,0.9239613159227884,-8.609305253620404,0.14395541893763947,0.4757025269603026
2024-01-16,6.375147129684921,5.611545156761765,0.3806568362741834,9.238834930574292,0.903149193612252,False,10.561528470787984,9.476750748886882,0.4965776441297791,0.9222963461379456,-8.659667627776715,0.34964263383492494,0.46561773551027236
2024-01-19,8.220787944479845,7.587652638576218,0.514462051903527,8.709339353499024,0.9020322958340616,False,10.374269228683334,9.32562290006203,0.5073082887940279,0.920675222113635,-8.6636413658345,0.5271228995286098,0.5025208339212748
2024-01-24,1.854631509436484,1.4164760644746308,0.1367819558965517,10.39643730830774,0.9003305292389001,False,9.692698211143586,8.692891153215038,0.4776661821622298,0.9190476466836562,-8.80226504123236,0.13135450305305382,0.4728275274518171
2024-01-29,1.4536364444139778,1.088273814669538,0.1613173405861616,11.048954099964376,0.8852127134099752,False,9.03357326980522,8.084521766131399,0.4523582748361444,0.9163408520217616,-8.982000165930922,0.10298846919754963,0.44324040279147575
2024-02-01,2.194872156282376,1.7570844234561986,0.2813335956528472,11.252421452572646,0.8669879904925357,False,8.486477180723393,7.578326778717384,0.4386763005014807,0.9123926230994236,-9.16363386886226,0.2354581043692915,0.426617818917701
2024-02-06,2.162930047525125,1.7750125846184626,0.3496505511252171,11.377343924160844,0.8551863393383734,False,7.980593410067532,7.11406164318947,0.4315542405513796,0.9078161203985398,-9.340730673286146,0.4733549938970029,0.4546601239052822
2024-02-09,1.5453076050484174,1.2036536170964736,0.2844154862016573,11.901154406550251,0.8542890064566232,False,7.465770545666003,6.641229001102031,0.4197831402034018,0.9035339512831864,-9.545564571947276,0.4732081890090414,0.4657889629675377
2024-02-14,2.6726439335656758,2.2124673369987304,0.383354575076894,11.454896743530451,0.8571382086839764,False,7.082320416697978,6.286928067973768,0.4168688549932812,0.8998222918752495,-9.69831114567393,0.5324893987993292,0.5058092244666126
2024-02-20,2.280008357089955,1.876326477754708,0.3757698778508742,11.69285460652316,0.8452627788359174,False,6.698135451929336,5.934079940756243,0.4135809368218887,0.895457530832103,-9.85787462254187,0.47652358908569786,0.5034663736361394
2024-02-23,3.609025518363842,3.021283134920901,0.3923167441124496,11.157472678756172,0.8461182214670219,False,6.451006657244097,5.701056196289416,0.4118798014051336,0.8915103860828966,-9.961842467039014,0.4445817851106436,0.4987556065540998
2024-02-28,6.064649934065299,5.4215077809455385,0.5377409289190411,10.637808740118338,0.848799586982663,False,6.4200981193897935,5.678692323061906,0.4873964779134781,0.8880935221548779,-10.01591976888536,0.5395346597220113,0.5232230384548467
2024-03-04,4.080747703856745,3.394070673742991,0.3611728597836529,11.2958880258382,0.8369723897479041,False,6.23295008614715,5.4959225911163925,0.4772985884630921,0.8840038315623201,-10.118317229441589,0.36926817967903497,0.5109066497527818
2024-03-07,2.2276524376006974,1.726326167497918,0.2587659575776584,11.811567580174415,0.8381259370021967,False,5.912526274263434,5.194354877226915,0.4598159779922575,0.8803335999975103,-10.253777257500214,0.2865937469535788,0.4929616175288456
2024-03-12,1.6372329279294586,1.2192310119480343,0.2192484551673375,12.03801097651188,0.8410200078358818,False,5.570502806556716,4.876344968004604,0.4405705761662639,0.87718851262458,-10.396515955021147,0.19983856671749345,0.4695117734639374
2024-03-15,0.4973220583001886,0.2979381968348576,0.095926969277665,13.248524993716655,0.8244247581502938,False,5.164648346696194,4.510072426311025,0.4129990876151759,0.8729674122666371,-10.624676678116789,0.0690063008359858,0.43747133565370133
2024-03-20,0.7686901541928387,0.5047011459034347,0.1240926928767599,12.82224436768194,0.8350655524739977,False,4.812971691295926,4.189642723878418,0.3898865760361027,0.8699352634832259,-10.800482093282,0.10122250850827477,0.4105714294820672
2024-03-25,0.983660900822185,0.6683562945332827,0.1778597022381753,13.078843230336416,0.8240620064236223,False,4.506626828058027,3.907939809530807,0.3729244261322685,0.8662654029184577,-10.982750984246357,0.1672008915131305,0.3911017864445523
2024-03-28,2.154539832504108,1.6643103694081751,0.2955831977875838,12.425863375584631,0.8287268163067686,False,4.318459868413714,3.7284494543209967,0.3667371278646937,0.8632623159895225,-11.098199975553417,0.3558098051784408,0.3882784279432634
2024-04-03,3.4095218400008536,2.814803730229486,0.3996524429736688,12.0308954152337,0.8307659567648901,False,4.245744826140686,3.655357796393676,0.3864863169300788,0.860662607251552,-11.17281561072784,0.378259010430195,0.38747687454221796
2024-04-08,6.782134946738694,5.974326896847228,0.5111149778620905,11.122775208195264,0.8391313283337645,False,5.76757889849949,5.046739256665807,0.4612635134892858,0.858940104938129,-11.142791369208291,0.5163812165514637,0.46481947974776544
2024-04-11,10.218686156077627,9.310467843258348,0.5887382272085914,10.444208402348536,0.837626077509299,False,8.438243253046373,7.604976408621331,0.5377483417208692,0.8572349827438226,-10.72364158909244,0.6130396282963749,0.5537515688769311
2024-04-16,8.544567152783939,7.962239873125535,0.6632869439676329,10.051869604062269,0.8466533223648641,False,8.502037592888913,7.819334487323853,0.6130715030689273,0.8563884499135059,-10.320578398074336,0.6721975834395318,0.6248191776144916
2024-04-19,5.826499734206401,5.275481269289257,0.5568435908582814,10.483492681166,0.8349290979044269,False,8.287994564194312,7.615826229881086,0.6085732700920757,0.8546717017527796,-10.33361154072167,0.6521170843372536,0.6411979216481488
2024-04-24,6.5636199131090445,6.009610041046519,0.5878923904428742,10.134308617782548,0.8453021361425799,False,8.150044592107491,7.487328934774321,0.6069187997201397,0.8539221365039636,-10.214029786958196,0.60421419183973,0.6382392232634754
2024-04-29,4.380534898581812,3.7353822476959886,0.4442316065956667,11.609725205529852,0.8260193589021311,False,7.848483816625437,7.187173199808054,0.593903824270182,0.8516899142958171,-10.325685420443929,0.42664490122783555,0.6213116775006242
2024-05-02,2.851176663961005,2.3559105761077155,0.4074611280978364,12.023187960724966,0.8085098254790077,False,7.448699244412284,6.800672189912027,0.5789884085763943,0.8482355071904724,-10.461485623666412,0.5478553332286061,0.6154351699588627
2024-05-07,3.689325717389143,3.116897873982164,0.4394117616781915,11.951603770467056,0.7956050379087654,False,7.147949362250433,6.505970244637638,0.5678222768245381,0.8440250696479359,-10.580695075410464,0.49399628945832114,0.6057200595188194
2024-05-10,1.5706545542828925,1.15658016659638,0.2426731689677007,12.78519701719344,0.8006299107916744,False,6.70176577761303,6.078019038394337,0.5418103481959912,0.840553456939435,-10.757055230753105,0.2559064943111811,0.5777349743022083
2024-05-15,1.5723077820412394,1.1120596998168208,0.2140845876133938,12.857778703132242,0.8127590328873402,False,6.291409137967287,5.680742291308136,0.5155922873493834,0.8383299030152674,-10.925113108543435,0.1923146405381254,0.5469013476010818
2024-05-20,2.3581960290484494,1.774829576432047,0.2847571014923368,12.498806330277535,0.8103151758953514,False,5.976752089253781,5.368269274118049,0.4971254724808197,0.8360887248456742,-11.051008566282164,0.29892794342504087,0.5270634752669986
2024-05-23,4.089770247187575,3.4562153252850902,0.4153568531480376,11.38791491372756,0.8289005334244354,False,5.825793541888484,5.215304958211413,0.4905839829341972,0.8355136695319751,-11.077961074077797,0.37457631566382266,0.5148645024987445
2024-05-29,4.675078666279767,4.018819457378353,0.4463788895470456,11.318698305341917,0.8251005020612828,False,5.733736351839787,5.119586118144769,0.4870475754632251,0.8346806161343198,-11.097220052578924,0.41685180206055555,0.5070234864636894
2024-06-03,8.233892978415106,7.380033829671682,0.5197243885226379,10.228318149848322,0.8632731187421331,False,7.233830327784979,6.475854745060916,0.5066536632988727,0.8518361176990078,-10.575878910940563,0.5779474647530138,0.549577873437284
2024-06-06,5.249520538689705,4.623405422202008,0.4712449081379792,10.626956497829315,0.8580682023815013,False,7.075085544657357,6.327658799232204,0.5038209628860013,0.8555753685085039,-10.579965117891664,0.47747691219229893,0.5438097965376852
2024-06-11,3.9764009657682218,3.421133007975353,0.4312434697854789,10.852212386441677,0.8535115247332081,False,6.8271907783462265,6.095136735931655,0.4980147634379596,0.8554102610064803,-10.601744899375666,0.40401449381690546,0.5326261723200229
2024-06-14,3.841676569758083,3.298410576902283,0.3860447525237949,10.596753500806052,0.8681914198402708,False,6.588349641659175,5.8713986432093055,0.4890571625648264,0.8630789563067546,-10.598750060233897,0.5071211321766758,0.530585769108555
2024-06-20,5.255217434437923,4.617966072779854,0.4334051111313959,10.130596213186983,0.8764501738091088,False,6.481699065081474,5.77112403757495,0.484604998450152,0.8711016868081671,-10.31785775200575,0.5246171594887711,0.5301082803389724
2024-06-25,3.973664837918033,3.492844903070534,0.4508982687639205,10.55526111614351,0.8693531235908936,False,6.281056326908399,5.588861706814597,0.4819084600752535,0.8709618017507853,-10.33685002113677,0.5473331912103719,0.5404432268618121
2024-06-28,2.9670972864531797,2.3317267426226853,0.2056738434535682,11.2102268864817,0.8747232285230302,False,6.015939603671982,5.328290909679244,0.4598096907455187,0.8732186578141322,-10.406720170364366,0.15356543754021906,0.5094930037160846
2024-07-03,1.3978923290440244,1.0033408181477843,0.1612989359899363,12.333501998981728,0.8638090790896492,False,5.646495821701746,4.982294902356727,0.4359288303650721,0.8724658915161736,-10.560862716653755,0.07075428409718718,0.4743939061465729
2024-07-09,1.2481938815731102,0.9154519811052256,0.1609396306548836,12.143182592411796,0.8752785288099569,False,5.294631666491455,4.656947468656608,0.413929694388257,0.8741534738924436,-10.6874483067144,0.1112152556314081,0.44533961410535977
2024-07-12,1.2365197210017522,0.8731219035963388,0.1348786841498649,12.014195236998512,0.8704169298984299,False,4.969982710852278,4.3542414234517866,0.3916056135691856,0.8738545503729225,-10.793588061137129,0.0627163164623372,0.41472975029391795
2024-07-17,2.082531600345833,1.5802213692150338,0.1902505809267999,11.363816558174756,0.8775890018295844,True,4.738986622011764,4.132319819112846,0.3754972109577948,0.8760952212469196,-10.83920634090014,0.1351335653708864,0.39236205550007547
2024-07-22,3.45078157950452,2.8308216573071414,0.3525594404008801,11.005733455832864,0.8759986600033525,True,4.635930218611184,4.02819996616839,0.3736621893132416,0.8760874963474342,-10.852528510094755,0.5091612571948325,0.4624415765169297
2024-07-25,1.1267336889556916,0.8246325247383816,0.1250615034650511,11.480723223117565,0.8688997949028957,True,4.355194496238745,3.771914570853989,0.3537741344453864,0.8755124802318711,-10.902784087136585,0.07760110871062156,0.43165433909242507
2024-07-30,1.487919084245286,1.1103606955830296,0.1534130067134146,11.590794932760456,0.8488673880421547,True,4.125812463279268,3.5589902608323127,0.3377452442268286,0.8733808728566939,-10.957824954786492,0.09099363166415794,0.4044014824981637
2024-08-02,8.28486942482222,7.274251671310118,0.4189295481599268,10.182742212798871,0.8852533258608458,True,6.621246640205039,5.788147107118996,0.3864558265866875,0.880504344659185,-10.49277530959392,0.3005718369914994,0.39609511085763055
2024-08-07,10.090276845973394,9.038907118549355,0.463994893774042,9.908511834785353,0.8740755686197679,True,8.702664763666052,7.738603113977211,0.4329792668991002,0.8799900425760318,-10.14221722470878,0.37228625582417324,0.39419040245495396
2024-08-12,14.853052193074545,13.602141225793332,0.5271985231695921,9.07115664396948,0.8920693147621406,True,12.392897221311149,11.256725981066882,0.4895108206613954,0.8872376058876971,-9.4995808762652,0.4655658352329904,0.4370156621217758
2024-08-15,19.910929503669788,18.658689053180943,0.6373102237529885,8.81214426115713,0.8986766992143027,True,16.903716590726333,15.697903824335317,0.5781904625163512,0.8941010618836605,-9.087118907200356,0.7010308517030467,0.5954247758705383
2024-08-20,25.781378097151016,24.468614220274866,0.6901718386706162,8.256003131206429,0.9100344493525548,True,22.230313494581143,20.960330061899043,0.6453792882089102,0.903661094364997,-8.588449441604,0.7493118741231065,0.6877570348220792
2024-08-23,32.21097929834356,30.64606561044252,0.6715326629150646,7.332110265979728,0.9292661988340064,True,28.21871297683859,26.771771391025126,0.6610713130326029,0.9190241570464026,-7.834645936229437,0.5958105302657898,0.6804013144575761
2024-08-28,38.62664259047264,36.70600190739347,0.613799101730411,6.776305717930631,0.9396480666446086,True,34.463470745019016,32.73230970084613,0.6572895361284276,0.9313985028053262,-7.199641805250154,0.3892200104113136,0.6571068101338752
2024-09-03,20.278492832795276,19.521043172174387,0.7822857407914559,8.736646516891051,0.906674656184083,True,33.32867251204112,31.675408378552397,0.7322872589262446,0.9294205950756268,-7.322602182181427,0.7513498556665343,0.7136526374534706
2024-09-06,20.21064725779832,19.30712128318113,0.714834521861572,8.331918563402212,0.9060911114525276,True,32.279230491701696,30.68594541092269,0.7308910399610709,0.9275542363857788,-7.40334749267909,0.6956885075701003,0.712215507062801
2024-09-11,18.19282404152993,17.072641351240428,0.6101645641994896,8.379516261362877,0.906382023790855,True,31.15231797568796,29.596881086148112,0.7212329219001443,0.9258604593781852,-7.481440994173792,0.5320703095324578,0.6978038912603736
2024-09-16,14.226043322798258,12.992780269779155,0.5158675307240614,9.096612856651523,0.8929895375160721,True,29.798216003456783,28.2685530208386,0.7048036906060576,0.923230785629216,-7.61065474317201,0.4655538735660634,0.6792238898448287
2024-09-19,12.573496619177746,11.466026474678351,0.5143888304673353,8.967781741380259,0.8966555062901362,True,28.42023845271446,26.92435089714578,0.6895705017949599,0.9211047632820898,-7.719224903028671,0.492837960079064,0.6643130154635676
2024-09-24,7.968150968857078,7.078132697326732,0.4536850449386072,9.627687590144316,0.8795631295866898,True,26.784071454005872,25.33665344116025,0.6706996652464516,0.9177814325864578,-7.871901917997923,0.5255267628231024,0.6532101152523304
2024-09-27,6.445544768820932,5.649489732338703,0.4388231424214058,10.17821336097903,0.8700604771982933,True,25.15698931919108,23.761680344454533,0.652149543420448,0.9139637561554048,-8.056406833436412,0.534597766357313,0.6437211273407291
2024-10-02,3.622747577360124,2.9680042828839666,0.2898121887741192,11.037110563036792,0.8495216907917043,False,23.4342499798446,22.098186259528887,0.6231625550487416,0.9088083909263088,-8.294863131804442,0.29055691164652775,0.615467990085193
2024-10-07,1.846387549576712,1.3393268234926383,0.1285254794395378,11.439760490256706,0.8493912048581164,False,21.70722098542317,20.43747750464599,0.5835915890000054,0.9040550160408534,-8.546454920480624,0.0636957018884303,0.571326207029452
2024-10-10,3.7370028981287273,3.048447505026702,0.2460783850932448,10.678866545777485,0.8441350764205914,False,20.26960353843961,19.046355104676447,0.5565905326874645,0.8992614208712324,-8.717047850504374,0.2972930420623961,0.5494035538320876
2024-10-15,3.724727039804364,3.11845464391143,0.3180009377868386,10.722925299116808,0.8603232191023037,False,18.9460134185488,17.772123067815247,0.5375033650954144,0.8961463647297181,-8.877518046393368,0.2681493013049786,0.526903213629919
2024-10-18,3.055434202699032,2.5397458372129167,0.3235233889964615,10.784178277947788,0.8607691898858433,False,17.674767081280816,16.55353288936706,0.5203849670074983,0.8933161907422081,-9.030050864917722,0.23792323393752268,0.5037848152545273
2024-10-23,4.1534718557413965,3.555955791052327,0.4113597545268585,10.764914069431812,0.849291956723019,False,16.593063463237662,15.51372672150188,0.5116629500090472,0.8897942520206731,-9.168839921278847,0.39272668796225463,0.49490016507114554
2024-10-28,3.055857782616457,2.52732683906234,0.3271211947344288,11.101084482786575,0.8227804673148552,False,15.510087008787966,14.47481473090672,0.4968996095870777,0.8844331492442077,-9.323419486199468,0.3241518874660423,0.48124030286273733
2024-10-31,2.884826005791954,2.3879247768723006,0.3361000007984043,11.374447377265524,0.8268190688041434,False,14.500066128548289,13.507863534583969,0.4840356408839839,0.8798240228090026,-9.487501717484752,0.31563884693453753,0.4679921863884814
2024-11-05,2.7559022518149727,2.2528675515985164,0.3227090271357013,11.453563591775536,0.8315239750132065,False,13.560533018409622,12.607463855945133,0.4711295117841213,0.875960018985339,-9.644786667428017,0.2574168545088296,0.45114615983810924
2024-11-08,8.657612823616915,7.560959361417158,0.4547052854947294,10.163947734280397,0.8828832126868846,False,13.168299402826207,12.203743496382897,0.46981557368097,0.8801139352062664,-9.686319552776206,0.3742144050743779,0.44499161945701077
2024-11-13,10.448727062918575,9.272344611755466,0.4923207247499353,10.156694653685324,0.8822207503075205,False,12.950733615633595,11.9692315856127,0.4833186643223492,0.8813780242670188,-9.723949560848936,0.32481297380964336,0.43537732780522137
2024-11-18,7.447484365145059,6.557069263487489,0.4917676669018983,10.6668016651493,0.8699607855626869,False,12.510473675594517,11.536258599842684,0.4883880658700786,0.8804646451706724,-9.799377729192964,0.40120146529291917,0.4326432588042372
2024-11-21,10.490913825518492,9.125693286059386,0.4309337583229484,10.070822257962442,0.8827648404946264,False,12.348908887588436,11.34341337474002,0.4837917212663082,0.8818447623650448,-9.821093291494524,0.3499902670908314,0.42603101946716476
2024-11-26,11.336375903848126,9.934669969448754,0.4471535229852132,10.067834915157796,0.8804075961986622,False,12.26790624888921,11.23071390231672,0.4808606654038206,0.8817297890717343,-9.840832621387586,0.341263323966897,0.4192496038271434
2024-12-02,14.56811673403844,12.889906198767472,0.4664995441853301,9.595785942210716,0.8965457212392967,False,13.648032539978749,12.226229280187171,0.4797117757063414,0.8906193483722717,-9.693804613881465,0.3457095311086539,0.41336639800966424
2024-12-05,2.3089481883430345,1.7125077086514244,0.2278082006417038,12.535601131886432,0.8190211367946162,False,12.74090579184789,11.385131554464314,0.4595594897011705,0.8848914914460594,-9.92114833532186,0.166960629787299,0.393653936551875
2024-12-10,2.2212964977580567,1.6405664056506857,0.2224224865311269,12.245096643655518,0.817614437828339,False,11.899337048320705,10.605566342559223,0.440588529447567,0.8795093271566418,-10.107064199988557,0.16864436072184966,0.375653170485473
2024-12-13,1.8978480349523223,1.3825868289075196,0.1886830785485032,11.986614315321129,0.8346264850990367,False,11.099217927251235,9.86772798146709,0.4204360933756419,0.8759186997920334,-10.257428209215162,0.17754807304967374,0.359804762690609
2024-12-18,8.367776516422227,7.618458099252994,0.5820929952193918,10.164425407328425,0.8546666057231538,False,10.880702614384914,9.68778639088996,0.5174302344818918,0.874218532266523,-10.201626528083118,0.5877706072933688,0.49658426945226486
2024-12-23,8.725317910090089,7.694096185972284,0.4936196278073791,10.38720852777464,0.857444015646262,False,10.708271838041329,9.528291174496546,0.5155253859479308,0.8728765709369022,-10.21647308805844,0.4514659908843772,0.4929748071668339
2024-12-27,13.35425847565811,12.157400769416924,0.5527878080947131,9.088175973837672,0.8900871005462889,False,12.295863820611396,11.105756931448774,0.5378828392360002,0.8832028887025343,-9.53949481952598,0.5576678135125969,0.5317906109742917
2025-01-02,14.630266116721415,13.568569669336895,0.5991593367802198,8.479433807790896,0.900951204628233,False,13.696505198277409,12.583444574181648,0.574648737762532,0.8938518782579534,-8.903458212484928,0.5066283496265639,0.5297776300664735
2025-01-07,17.175794136537387,16.357930992364295,0.7216710824598891,8.43695236386897,0.8873904148371434,False,15.784078561233397,14.848136425091235,0.6628621445809462,0.8933349611842887,-8.623554703315353,0.7532463150718918,0.6638588410697245
2025-01-13,30.12857494354299,29.24250095050117,0.8049263701733858,7.548493983422301,0.8942589006110883,False,24.390776390619152,23.4847551403372,0.7481006799364098,0.8938893248403685,-7.978518271379521,0.7681018686392215,0.7264046576114227
2025-01-16,30.03890366649684,29.2914226504495,0.8301408133224065,7.520444972700869,0.9076350831073736,False,27.779652756145765,26.96875564640458,0.7973247599680078,0.9021367798005716,-7.70367429217233,0.8993523438193941,0.8301732693362055
2025-01-22,9.00565467616346,8.134538299565023,0.5164912170727873,9.3589208716616,0.8950216145325277,False,26.277732909747183,25.462018258657416,0.7748580765363902,0.901567566579128,-7.836094018531472,0.585231404719236,0.8105779201668479
2025-01-27,3.2745751010971285,2.781066938273244,0.2460303730972763,9.662944955477409,0.8971771617889317,False,24.43748028505518,23.647542153026684,0.7325518602612611,0.9012163341959124,-7.982242093487147,0.11822058753310301,0.7551893335561484
2025-01-30,2.0191176340321646,1.582597856909547,0.1723628526828637,10.806432006206425,0.8861642972628349,False,22.64401127297334,21.882346609337315,0.6877367396549894,0.9000121712412663,-8.20817728650469,0.06309077340893268,0.6998214487443711
2025-02-04,2.3504323659502453,1.9262885387922155,0.2433633346824739,11.104328354081956,0.8626585819230983,False,21.020524960411493,20.285861963693705,0.6521868672571882,0.8970238840958129,-8.439869371910872,0.13939292141137152,0.6549871665577311
2025-02-07,2.326723974096991,1.9290556455398573,0.2544862615946525,11.00421504199109,0.8564239406145375,False,19.52502088150633,18.8173174582414,0.6203708188041854,0.8937758886173108,-8.645017025517289,0.17464625556899604,0.6165598936786323
2025-02-12,1.068191420754833,0.8152149282648848,0.1607564928269718,11.816509482596093,0.8469392780856592,False,18.048474524646213,17.37714925584328,0.5836016727260084,0.8900289597747788,-8.898736422083594,0.19122765984386988,0.5825333149718512
2025-02-18,1.2664469976799293,0.9334925822479452,0.1563815130163801,12.058049661487244,0.8525349048285061,False,16.70591232248891,16.061656721955654,0.5494240599492382,0.887029435379077,-9.151481481235887,0.12922982031137256,0.5462690353990131
2025-02-21,1.60611253580473,1.2146142607244306,0.1131350953728745,11.438372696253705,0.861459493700301,False,15.497928339554177,14.873893325057155,0.514520942783129,0.8849838400447749,-9.334432778437312,0.0752889514015269,0.5085906286792142
2025-02-26,2.099170819486228,1.5351072155421783,0.1577051541092759,11.954374831007437,0.8490739437881688,False,14.426027737948742,13.806790436295955,0.4859756796892207,0.8821110483442465,-9.544028142642922,0.14876815235361104,0.479804830573166
2025-03-03,4.199820527194741,3.495122095824537,0.379674949369897,11.655318339358624,0.8353662494213713,False,13.60793116108842,12.981856969058244,0.4774716212636749,0.8783714644304165,-9.712931358380178,0.46357745449590804,0.4785066404869854
2025-03-06,6.40584836239939,5.568734386824943,0.4287931987911308,10.468725085907158,0.8672787530670121,False,13.0317645371933,12.38880716247958,0.4735773474658714,0.8774840475213441,-9.773394856582335,0.5986536596546261,0.5505948519875699
2025-03-11,5.145290775160881,4.5109769280277545,0.3327496864933797,9.477488035910724,0.8767719673837956,False,12.400846636230709,11.758580743723437,0.462311134588072,0.8774270811103403,-9.595850764179367,0.5399809082247257,0.5497457364865423
2025-03-14,7.373532903142665,6.508562566410485,0.2810920593129224,8.682280941495222,0.8955866771574349,False,11.998661537583663,11.3385792895384,0.4478136085660601,0.8883228387385971,-9.04770887056888,0.15521525212802825,0.5181832977378612
2025-03-19,9.686425428365531,8.741753613412044,0.3110115080184683,8.230010331391089,0.8995443074239209,False,11.813682648846212,11.130833235448293,0.4368694405222528,0.8950557199497914,-8.557089747062205,0.1921138745687874,0.4920977438843353
2025-03-24,12.233160421465916,11.178196882798892,0.398949264978139,7.97286081448859,0.9093605733565836,False,12.065369312418037,11.159251423858652,0.4338358264787237,0.9036386319938668,-8.206552387518036,0.3327882713090805,0.47935298607831495
2025-03-27,13.526765950755948,12.377038526278517,0.4113411646264405,8.111045783999122,0.9026068736035991,False,12.942207295420785,11.88992368531057,0.4320362535305411,0.9035560913226454,-8.149248425406688,0.2906654014392525,0.46425797930719
2025-04-01,9.902354445023375,8.805681221700882,0.2674645850772983,8.060981283967433,0.8974343735233654,False,12.699019067388992,11.643184288221796,0.4188705200542817,0.9030663538987028,-8.096288140543134,0.14517001789371622,0.4387309423941121
2025-04-04,82.51372177530226,81.22016229868035,0.8304673375783191,4.528177932672938,0.959122914502108,False,54.58784069213695,53.38937109449692,0.6658286105687041,0.936700290260746,-5.955422015821016,0.718526039196051,0.6066080004752754
2025-04-09,120.60536776223464,120.12562466065536,0.9543433955918336,3.558162770377269,0.9697980180646288,False,94.19835693419556,93.431123234192,0.8389374815825817,0.9565589269430756,-4.517066468554768,0.9756986060894759,0.8280623638437957
2025-04-14,142.3022141779389,141.64251258967124,0.9479422529263652,3.5655543889666195,0.9685596401533922,False,123.06067128044155,122.35795684747954,0.9043403443888518,0.9637593548692656,-3.946159220801879,1.0,0.9312249455375183
2025-04-17,70.320622074867,70.05663732903317,0.9605961308343852,3.614700615970586,0.9657783114499462,False,118.84146734399562,118.17385128600384,0.9380938162561718,0.964970728817674,-3.7472840579031033,1.0,0.9724899782150074
2025-04-23,67.08691012545285,66.8155132491111,0.9567962859286232,3.50729957299446,0.9663289110043224,False,114.7011027665122,114.0651842430524,0.9493152980596428,0.9657856381296628,-3.603293366957917,1.0,0.9889959912860029
2025-04-28,67.7384217499633,67.446036920789,0.9545451706790647,3.592376954701199,0.9619491771749498,False,110.94408828518829,110.33565245727137,0.952453221631296,0.9654787212532858,-3.596743519603886,1.0,0.9955983965144012
2025-05-01,66.32361233410995,66.01292697428752,0.9502542955308536,3.581293837465585,0.9657682150373108,False,107.37445020910204,106.78983441863264,0.9522773075432608,0.9656524175237008,-3.5874737103209053,1.0,0.9982393586057605
2025-05-06,83.48218267314057,83.32064891036322,0.9822632360731804,4.263045375046617,0.9544679666916892,False,105.46306880622512,104.91229957797113,0.9702688646612124,0.96475766145714,-3.641519443498962,0.997378713957988,0.9981705070339388
2025-05-09,22.913763962570105,22.159682577682936,0.7745917708952056,7.963785265193112,0.8829998886547348,False,98.85912441873272,98.29209021794809,0.954614697159932,0.9582170396329476,-3.9873007092344954,0.818529703062285,0.9837992427162066
2025-05-14,34.03043071553767,32.91956313458134,0.7698471424133922,7.077609479238849,0.9083984549898648,False,93.67282892247712,93.06228805127874,0.9398332927802088,0.9542315528615009,-4.234525410834843,0.8885225624380616,0.976177108293955
2025-05-19,27.29140160071904,25.38587778395163,0.5248269509857081,7.276030070455901,0.9072820192830784,False,88.36231473673648,87.64817522989257,0.9066327854366488,0.9504755901752272,-4.477845783604528,0.3107134013516333,0.9229400117385693
2025-05-22,30.74286164653345,28.88758096436881,0.5572555863249778,7.001150579843068,0.9191224980630814,False,83.75275848952023,82.94732768865067,0.8786826095077153,0.9479673428062556,-4.679710167303611,0.43206488697362727,0.883670001757374
2025-05-28,38.17491980640739,36.125788245189646,0.5794102101117911,6.376773904207354,0.925395392822492,False,80.10653139487121,79.20160453317379,0.8547408175560414,0.9461615868075544,-4.815475266255911,0.4326476870120979,0.847588216577752
2025-06-02,35.468574785117845,33.49088357482671,0.5721252556486957,6.4641794843444575,0.9262699081708546,False,76.53549486609094,75.54474685650604,0.8321315726034537,0.9445702525166184,-4.947371603702995,0.4118910172678301,0.8127324406329582
2025-06-05,39.47854556238119,37.48715455698401,0.5852273169722432,6.080796416884928,0.9349286577909596,False,73.57093892179417,72.50013947254428,0.8123792321529569,0.943798924938566,-5.03804558875755,0.43375140318350996,0.7824139576370025
2025-06-10,13.42439828462475,12.527330706769,0.5492375161371558,7.982795118636803,0.91464703456679,False,68.75921567082061,67.70231477128226,0.7913278948716929,0.9414667737088238,-5.27362555114789,0.6979138240277923,0.7756539469482657
2025-06-13,19.847984138163696,19.258312601582325,0.8188090329731498,8.470403515553308,0.8907341922303286,False,64.84631714820806,63.82679459770627,0.807816577732567,0.9374081671905442,-5.529367788300323,0.7852930827673346,0.781437428439707
2025-06-18,22.44294498713589,21.79756345275126,0.8130160201995509,8.328152783224805,0.8882345633786858,False,61.45404737532228,60.46445610610987,0.8109362432127574,0.9334742788855956,-5.753270587894282,0.8257137432737509,0.8080032173401333
2025-06-24,15.296319248733978,14.578132537629482,0.732943242182854,8.865728486445695,0.8866488647432642,False,57.76142912519522,56.793550220631445,0.8046968031303652,0.9297282457542092,-6.002267219778396,0.7999230978485679,0.8073568077808081
2025-06-27,7.134388367598249,6.494237011702407,0.5648859693392919,9.651339029007838,0.8924910934060941,False,53.71126586458747,52.76960516391713,0.7855119364270794,0.9267492735663598,-6.294192964516752,0.6927168036470875,0.7981856074501105
2025-07-02,6.775745431600573,6.134488589817416,0.5209558710860943,9.743246243274069,0.8883143640169957,False,49.95642422994852,49.03879583798916,0.7643474511998006,0.9236744808024108,-6.570117226817336,0.5577196418972257,0.7789483302058797
2025-07-08,4.520966273854117,4.019389250057068,0.4280008095754646,9.770880512124624,0.8874300122583622,False,46.32158759346097,45.43724331095459,0.7374397198698538,0.920774923318887,-6.82617828964192,0.5455549458022648,0.7602768594535906
2025-07-11,6.080925614772081,5.4991506491289455,0.4930796134307623,9.37328870402084,0.9036528598011964,False,43.10233463516586,42.24219589800854,0.7178909113547265,0.9194051582374716,-7.029947122792234,0.671623360856825,0.7531845795658494
2025-07-16,3.4820570137769544,3.0156113749617366,0.307508760621269,10.039834892402268,0.8774509119067578,False,39.93271242545475,39.1040691361648,0.6850603392960499,0.9160488185310146,-7.270738144361037,0.24880799688898758,0.7128344529517004
2025-07-21,2.0512700138848543,1.6786185594729934,0.2262168869538425,11.079112426758565,0.8596500635328638,False,36.90219703252916,36.11003309002945,0.6483528631086733,0.9115369181311628,-7.575408086952839,0.22175224960647877,0.6735478766840828
2025-07-24,2.3456207491089,1.8720534439300056,0.298890126861646,11.80213477258975,0.841167538666474,False,34.13767092985554,33.37099471834149,0.6203958442089113,0.9059073677739876,-7.913546221803791,0.3015795449492321,0.6437904101452947
2025-07-29,2.01028378840912,1.5369563472782704,0.2534520047835325,12.041353028473152,0.8356138169946701,False,31.567479958539824,30.82427164865644,0.591040337054881,0.9002838837116423,-8.24377076633734,0.23204026463588423,0.6108503985045419
2025-08-01,1.934554891838964,1.4904262034185027,0.2779453778064509,12.26233026786392,0.81568102471371,False,29.19684595320376,28.477564013037405,0.5659927403150066,0.8935156549918077,-8.565255526459467,0.3906622067897345,0.5932353431673573
2025-08-06,2.5078109571322784,1.9915024665536545,0.3446835208491083,12.37489554368175,0.800466347225143,False,27.06172315351804,26.358679089318706,0.5482880027577347,0.8860717103704746,-8.87002672783725,0.422007501142596,0.5795371158053764
2025-08-11,2.5288661721432817,2.004995692124832,0.3324248713661994,12.415170876836331,0.8061271548823378,False,25.09909459500806,24.410384417543195,0.5310189522464119,0.8796761459314237,-9.153638259757177,0.36435671494751926,0.5623226837367479
2025-08-14,3.529099317412935,2.8796403810900317,0.3323011057790987,11.494670203272497,0.8405875742122594,False,23.37349497280045,22.687924894626946,0.5151215245290269,0.8765490601938906,-9.340920815238402,0.2660208222724547,0.5386185348196044
2025-08-19,3.180912444088824,2.5774059545502754,0.3139390876772782,11.352858541290578,0.8579919279937243,False,21.75808837050353,21.07908337942081,0.499026929580887,0.8750644896178773,-9.501875833322575,0.3257263829097141,0.5215871626668132
2025-08-22,7.779781914598914,6.871516688540934,0.4592305091560748,10.13292604149188,0.8674009184076051,False,20.63982385403116,19.94247804415042,0.4958432159469021,0.8744514039210556,-9.55235984997612,0.51387043360048,0.5209698243415065
2025-08-27,10.613063947958109,9.566807174490954,0.4934238338293668,9.809133942770808,0.8767667996776671,False,19.837683061545317,19.112424374577664,0.4956496653774993,0.8758406413750226,-9.572901777399696,0.4224787362534993,0.513090537294466
2025-09-02,7.222157522193017,6.167549540191415,0.3422466108020828,10.488431500711112,0.8620839464834222,False,18.82844101839713,18.076834387826764,0.483377421011466,0.8747401057836945,-9.646144155264608,0.20013443818118973,0.48805404936540386
2025-09-05,6.888934459618906,5.8478035424402215,0.3289748603102762,10.351309894179352,0.8574487183682598,False,17.87328049369487,17.09851192019584,0.4710252161553708,0.8733567947904598,-9.702557414377788,0.24375314637235707,0.46850997712596015
2025-09-10,4.308976364067257,3.491421552458779,0.2148532024612114,10.837504357400508,0.9036985146267776,False,16.788136163324662,16.009944690776877,0.4505314550598381,0.8915618266922505,-9.793353169819609,0.14174367022064016,0.44236867257353457
2025-09-15,4.493290817037464,3.7393319821508313,0.2821138848160332,10.572195026935596,0.9107352097168654,False,15.804548535621686,15.028295674086792,0.4370580494403338,0.9030658565070192,-9.855660518388888,0.2795934467277411,0.4293466545058711
2025-09-18,4.271689095954876,3.5833024010042447,0.3348630535891016,10.81457920835908,0.9142274525494928,False,14.881919780448342,14.11269621224019,0.4288824497722352,0.9097628141325032,-9.932374013586504,0.3095864506744459,0.4197658381993571
2025-09-23,1.5298672619589084,1.1231097840928017,0.1706767573727389,12.2299407709614,0.9092585899728034,False,13.81375557896919,13.0735292979884,0.4082259943802755,0.9097224761997272,-10.116179354176497,0.08893648887024865,0.3932994902530284
2025-09-26,1.396229254667527,1.022879792849109,0.1926467966684394,12.563157887285913,0.9092397819225788,False,12.820353473025058,12.109477337577257,0.3909796585633286,0.9096838606575554,-10.311937636825249,0.11320877279986034,0.370892232856775
2025-10-01,1.0752351307844012,0.7298595861880772,0.1411660579222471,12.956844648788826,0.906733714183336,False,11.880744005645806,11.199107917466122,0.3709945705120421,0.9094478489396178,-10.523530197782335,0.06823198720026717,0.3466794132042544
2025-10-06,0.6630160062240316,0.4328304483395788,0.139646050003717,13.336574334541185,0.9072393437708614,False,10.983325765692063,10.337805719935998,0.3524866888713761,0.9092711685261172,-10.748573728723043,0.11784401464809913,0.328372581319762
2025-10-09,0.4748885946654177,0.2967492539347715,0.1399664037732983,13.79290228197799,0.8646461938088597,False,10.142650792009931,9.5345212026559,0.3354850660635299,0.9057011705487368,-10.992120012983438,0.10079634102398703,0.3101664820961
2025-10-14,3.235857876984816,2.641368273293956,0.3069159153204343,11.116706826185684,0.8849211707710499,False,9.590107358807924,8.983068968306945,0.3331995340040823,0.9040387705665218,-11.002086958039618,0.34371728766210097,0.3302969654357006
2025-10-17,2.784924158497657,2.273648946661311,0.3310743504198246,11.500154435641514,0.8557899114646366,False,9.045692702783102,8.446315366575295,0.3330295193173417,0.900178861838371,-11.04193235624777,0.3426460415473762,0.33770641110270594
2025-10-22,3.7410257690684623,3.1447041699308373,0.3888902849034734,11.152725185745446,0.8567178049722861,False,8.62131934808593,8.022186470843739,0.3665459786690207,0.8967019772890843,-11.050795782607585,0.4079860995011291,0.3798742241417598
2025-10-27,3.962148985197943,3.342843463572009,0.3941019955357014,11.223475169939244,0.8463232763220406,False,8.24858571905489,7.647839030262,0.3830795887890291,0.8926716812117208,-11.064610133594115,0.41665558197189445,0.4019430388398406
2025-10-30,4.11212215719878,3.485584172884413,0.4048082981057897,11.237419830716425,0.8387655194141672,False,7.917668634106402,7.314858641671794,0.3961168143790855,0.8883591882679165,-11.0784349093639,0.4027895606767416,0.4024509519419812
2025-11-04,3.7677220394721447,3.1812168333508613,0.4182719245694139,11.63523004138217,0.8284735177351306,False,7.585672906535661,6.98416729700612,0.4094098804932825,0.8835683346252936,-11.122978519925365,0.5827199197958123,0.5106123326542799
2025-11-07,1.1632235705401095,0.7914286332687462,0.1790360104185096,13.106001523193534,0.8044154526985137,False,7.071876959656017,6.48874820390713,0.3909799708873007,0.8772361040711513,-11.281620360186816,0.24167930952527675,0.4890976908039596
2025-11-12,1.4759010121832612,1.1040434449278107,0.233913407860227,12.35004040945898,0.8171099921060205,False,6.624198883858197,6.057971823188785,0.3784146458451348,0.8724260151139408,-11.36709396412859,0.16635566030579554,0.4632783283641065
2025-11-17,1.563775061965755,1.1635796100194638,0.2438483068838366,12.530842808833665,0.8084964360685742,False,6.219364978106802,5.666420446135239,0.3676493387282309,0.8673116487903115,-11.460193871704998,0.29095315028740226,0.44949231411797014
2025-11-20,1.8957958310080056,1.4761617288367073,0.2888188997559081,12.28277887991773,0.8062001702529057,False,5.873479446338899,5.331199748751358,0.3613429036104451,0.8624227305073191,-11.526000672362018,0.3542075005834128,0.4418695290352056
2025-11-25,4.22542858750047,3.581616173122311,0.3846375208918646,11.278734478994371,0.8208238468642648,False,5.741635377631825,5.191233062701034,0.3753196739792968,0.8590948198158748,-11.37764095634143,0.4163946626931933,0.4398315397278446
2025-12-01,4.28511774388583,3.7249624083377295,0.4231535439232161,10.7304147804303,0.8324636679689228,False,5.625113966932146,5.07393141035197,0.4040199959456484,0.8569643276681187,-10.989305250794752,0.5485968116471047,0.5050907028794007
2025-12-04,4.564245868287959,3.914220084651831,0.3784185197968482,10.693351085266688,0.8483524007470175,False,5.540244519040612,4.981154504295959,0.4019718778537444,0.8562753735144306,-10.811732751477912,0.3660275430483897,0.4939656500929199
2025-12-09,4.27780989106394,3.6770959440302105,0.3984597778975834,10.885391803639491,0.8398740708366236,False,5.439249748802479,4.876829819474699,0.4016909098572516,0.854963269300206,-10.81762547565084,0.41382446811002144,0.48755435553428805
2025-12-12,5.323040679535021,4.543151811618087,0.3992037993033737,11.186347894660432,0.8323519752225315,False,5.429953023261082,4.85013557884617,0.4014919410129413,0.8531543657739921,-10.847123269171608,0.3987794157516252,0.48045236035167505
2025-12-17,3.6383639504641176,2.982853772867887,0.2917368623318276,11.342975743188587,0.8339170994794127,False,5.286625897437325,4.700753034367907,0.3927115347184522,0.8516153844704257,-10.886791467092966,0.21272637343478293,0.4590342813983237
2025-12-22,1.6450709384677118,1.2403677161274391,0.1817331302064818,12.192348189499526,0.8437857185037834,False,4.995301500719756,4.42392220890867,0.3758332623574946,0.8509890111930944,-10.99123600488549,0.11400344857365113,0.43143181477234993
2025-12-26,1.7734769631049825,1.314933524910378,0.1711458741932724,11.842883930531078,0.8608594233456294,False,4.737555537710574,4.175203114188807,0.3594582713043568,0.8569112584846155,-11.059367838937138,0.13369681600880803,0.4076130148712666
2025-12-31,2.7318665694032718,2.129979597213764,0.2101089536224913,11.334356966325537,0.8698303092982986,False,4.577100420245991,4.011585232830804,0.3475103258898076,0.8646626889728254,-11.081366969128212,0.13699006620328247,0.3859631789778279
2026-01-06,3.1349661441971706,2.382167829757857,0.1948492787636668,11.17426074907122,0.8737764443325983,False,4.461729678162086,3.881231840584968,0.3352974421197163,0.8701309421886891,-11.088798471523653,0.1296725567338572,0.3654599291983102
2026-01-09,5.487776892372208,4.374588880437915,0.2144423060297892,10.248687468304452,0.9001501494655049,False,5.07735800668816,4.177246064496736,0.3256290312325222,0.8881424665547786,-10.584731869592131,0.13056514383433124,0.3466683463691919
2026-01-14,3.136011116130182,2.4108284052801805,0.1399853403821864,10.351367599189116,0.891999385177788,False,4.922050255443521,4.035932651759412,0.3107775359644953,0.8904566177285842,-10.444713307350325,0.058709093723154505,0.32363160615750897
2026-01-20,2.974757846509485,2.272698237151157,0.1906140752745858,10.834841927925847,0.8826774822641306,False,4.766266862728799,3.894873898590751,0.3011644591093025,0.889834286891428,-10.475923596996363,0.10015717705108612,0.30575365182899517
2026-01-23,3.0883488664037024,2.457294075404224,0.2784804885393963,10.935338074150213,0.8883601613664889,False,4.632033423022791,3.779867512735829,0.2993497414637101,0.8897163568494328,-10.512676755168672,0.3075177670383183,0.30681212095458904
2026-01-28,2.0263397296582863,1.5446038983816313,0.2751395250036088,12.075767482874562,0.8747615149135511,False,4.423577927553631,3.6010464235874933,0.2974129241469019,0.8885199694945624,-10.637724013385144,0.3399861870536675,0.3267165606140361
2026-02-02,1.7270971605046683,1.328037293209838,0.2868354908219553,12.445514370868215,0.835082020737209,False,4.207859466189714,3.419205693157281,0.2965667294809062,0.884244933593974,-10.782347241983793,0.39273568251774726,0.36632803375626277
2026-02-05,1.1314138609211866,0.8185446341406208,0.2131751395880426,12.749445344660318,0.8308394052054163,False,3.961743817768233,3.2111528084359486,0.2898954022894771,0.8799724913228895,-10.939715090197913,0.2712761191775306,0.3587238805899642
2026-02-10,1.931986746335813,1.504999726492512,0.3009228232238767,12.480732187424518,0.8387068621140364,False,3.799363252053639,3.074660561880474,0.2965118548501169,0.8766712409861812,-11.06299645797604,0.34164771315073833,0.35735778719482614
2026-02-13,3.388439326264708,2.77932955418131,0.3789841727082883,11.783351098528565,0.8406769282068846,False,3.766489337990525,3.051034081264541,0.3459952455650197,0.8737916959638375,-11.120624829220244,0.4553009614543194,0.4161236917505221
2026-02-19,2.612950012160173,2.095121017452801,0.3384649460176154,12.187550500931572,0.8199319278321935,False,3.674206191924096,2.974561036159601,0.3453928216012274,0.8694829145133061,-11.20597888295715,0.41775969413232955,0.41710529317960654
2026-02-24,3.123948849405638,2.589987333608793,0.3827242124848029,11.832941260749443,0.8311118032796273,False,3.63018560452262,2.943795139955537,0.3677916561313726,0.8664132256146118,-11.256135873180536,0.406347794589517,0.4162446932923994
2026-02-27,5.384016075944835,4.592044423462261,0.4103287263519006,11.00876696872388,0.8566057423122735,False,4.682483887375949,3.932744710059572,0.3933138982636894,0.8656286269504248,-11.10771453050654,0.4498827283134582,0.4364275143050347
2026-03-04,7.445691861791983,6.49617288206816,0.3834689750120824,10.035925230642444,0.8758822874271648,False,6.3404086720255695,5.470801613264724,0.3925263044035608,0.8717808232364688,-10.464640950588084,0.2895872839807564,0.42468029587909245
2026-03-09,7.237056464202523,6.168245285745027,0.3737931250664689,10.289296560933009,0.8617629980898496,False,6.878397347331742,5.889267816752906,0.3910276500565935,0.8709793972247393,-10.359434316795038,0.3319655430195613,0.41726311565033
2026-03-12,7.361263517776876,6.184740477970039,0.2836853694892529,9.800665524242062,0.8739744876153642,False,7.168117049598822,6.066551413483186,0.3824402676112062,0.8727764514591142,-10.024173041263252,0.1475641388400864,0.3956871975055105
2026-03-17,6.2509093993474565,5.259012255531463,0.2391654525090226,9.885872856301232,0.8712520764506998,False,7.094740437578713,6.001948280847048,0.3709782824030316,0.8726545014584411,-9.94119293028604,0.08574470064626522,0.37089179775677095
2026-03-20,6.947527596839403,5.683930002478519,0.1761470811643159,9.825824200374578,0.8709977654596298,False,7.082963410319568,5.976506818577566,0.3553917863039343,0.8725219625785363,-9.871971692339162,0.04421858331930054,0.34475794060177334
2026-03-25,5.377067527107923,4.320507217262971,0.1563412649769299,10.11066130578524,0.8676948555285243,False,6.946491739662637,5.844026850472399,0.339467744597774,0.8721357940145353,-9.89106686141485,0.06231487646213678,0.32216249547060244
2026-03-30,8.719190223021037,7.837300563994782,0.5382729082564748,10.061409861323714,0.8658080886908497,False,8.010110829677677,7.039991078585829,0.4587508427929945,0.8716295775886405,-9.904694301407558,0.6264461431143488,0.5047326840568502
2026-04-02,19.493821439750185,18.242565215727414,0.6393560945601885,8.606756702916863,0.895958624319719,False,14.900337195721182,13.76153556087078,0.567113993853311,0.8862270056272876,-9.12593174231314,0.6307882325072143,0.5803660131270687
2026-04-08,44.18743733492549,43.09948460502912,0.8239539527535767,7.159685936767547,0.9188556917766938,False,32.472597279243764,31.364304987365784,0.7212179691934704,0.9058042173169314,-7.946184258985784,0.8268142859498719,0.7282349768207507
2026-04-13,35.46366551536402,34.388428793411386,0.7955386351728276,7.358586576351995,0.9192737483446088,False,34.267238220915914,33.17877927099315,0.7658103687810847,0.9138859359335378,-7.593625649405511,0.7803956131240823,0.7595313586027497
2026-04-16,20.267057049562432,19.2545799210546,0.7096114527564514,8.456842722543534,0.9001606201138943,False,33.14722372720764,32.064843322998065,0.761314455499114,0.9127879106679664,-7.662683015256553,0.7733421904655507,0.7678178577204303
2026-04-21,24.41979048499478,23.16026215990094,0.6815886374816053,8.111091120245126,0.8964288672021866,False,32.44902906783061,31.35247682995029,0.7549363900577133,0.911479187190704,-7.69855566365564,0.7516367449836097,0.7665233687014846
2026-04-24,13.351425494360528,12.191681099781976,0.5030276087584363,8.851546753830453,0.8900650041450292,False,30.921220781953004,29.81961317153683,0.7347836875537712,0.9097660525470502,-7.790794950869625,0.41940361558053113,0.7387537884518084
2026-04-29,8.736362051590904,7.789083688421609,0.4778222396454885,9.83315456871576,0.8833938367688658,False,29.14643208352404,28.05717081288761,0.7142267717211086,0.9076562752847956,-7.954183720297316,0.5192154918431412,0.7211907247231151
2026-05-04,9.544127713555756,8.677717900305113,0.5413347295379327,9.883275530837368,0.866238469746478,False,27.578247733926577,26.506814579881013,0.7003954083464546,0.9043428508417302,-8.10851106514052,0.6850798968088005,0.71830185848997
2026-05-07,2.354008123382385,1.882393012755251,0.2472751291238994,11.59198884701624,0.8522960489324514,False,25.560308565083044,24.53686085451095,0.6641457860086503,0.9001791066889879,-8.387189287690578,0.2933586062106171,0.6843063983076217
2026-05-12,2.132780605057897,1.6861491479931,0.248819982640885,11.732127634824906,0.8531385004048634,False,23.686106328281035,22.708803917989524,0.6309197217392291,0.896415858186258,-8.654784355461324,0.35792461653611307,0.6581958557659011
2026-05-15,1.4852209922134372,1.138145470942599,0.2311316986309249,12.162148977805115,0.8546379104472599,False,21.910035501395623,20.983151242225773,0.5989366798905648,0.8930736223671383,-8.935373525248828,0.3131805668398399,0.6305946326518163
2026-05-20,2.3780686602882373,1.879212208813876,0.1997876923109496,11.626585164662536,0.8620417260838659,False,20.34747815410704,19.45483611955282,0.5670047608841956,0.8905910706644765,-9.150670456401924,0.15510897329550052,0.5925557799033111
2026-05-26,3.1144623438553327,2.536198580580856,0.2847564037056124,11.41899278978775,0.8477655090455569,False,18.9688368892869,18.101345116435063,0.544424892309909,0.887165025734963,-9.33213624307279,0.24637926226048318,0.564861658491885
2026-05-29,1.8412847133115853,1.402972944372701,0.2186490979660743,11.959309840848864,0.8512601764673214,False,17.598632715208876,16.765475342670076,0.5183628287624023,0.8842926377935518,-9.542310130894878,0.26235019555656647,0.5406607414570596
2026-06-03,1.1956755514876083,0.8613299358869726,0.1338196478781362,11.628171423408704,0.8725961095388945,False,16.286396142111176,15.493143710127429,0.487599374291661,0.8833569155331793,-9.709179034295984,0.08919189465079164,0.5045432337125582
2026-06-08,1.7231985519654325,1.2767072005203892,0.146077477963187,11.306058960347809,0.8781405367045299,False,15.121340334899518,14.355828789358863,0.4602776225853831,0.8829396052268874,-9.836929428380133,0.07722201749126299,0.47035753641485456
2026-06-11,3.833267128326731,3.043168907492515,0.2027001297396503,10.343505015076456,0.8908794769722704,False,14.218294478373696,13.450815998809558,0.4396714231577245,0.8877035282741172,-9.877455475315838,0.1681331732490602,0.446179587361591
2026-06-16,3.041001262722748,2.3870769160914302,0.1779593893164987,10.248465698479055,0.9025222871343048,False,13.32411102112162,12.565716872192109,0.4187344604504265,0.8965947835902299,-9.907136293168897,0.13621261822625727,0.42138222983076434
2026-06-22,1.707365936327502,1.2672990780109878,0.1035477784004814,10.59581041248087,0.8992725015883302,False,12.394771414338091,11.66184344865762,0.3935195258864309,0.8982014143890901,-9.962230222713856,0.05639160404341697,0.39218297976777655
2026-06-25,1.9912786925516204,1.4580973619994309,0.0913828786740607,10.489473048290089,0.8972148154111174,False,11.562491996595174,10.845543761724963,0.3693485941094413,0.8981224864708524,-10.004409648759957,0.0321696021219399,0.3633819095561096
2026-06-30,2.5665519070879244,1.9388317800828256,0.0867518293644532,10.425396481866942,0.8899782790168255,False,10.842816789434597,10.133006803193595,0.3467408529298422,0.8974709498745302,-10.038088595408514,0.02272061222140307,0.3361290057693331
2026-07-06,2.358660181839389,1.799427216522253,0.1389490501642808,10.427605226219365,0.887402112811233,False,10.16408426082698,9.466320436259888,0.3301175087085973,0.8966654429094666,-10.069249925873384,0.13093742473911274,0.31971367928691546
2026-07-09,2.639404921832057,2.074164096143685,0.1471161757635478,10.295295849831284,0.8685598100534423,False,9.562109913707385,8.874947929050592,0.3154774020729934,0.8944169922809846,-10.087333599790016,0.13538579391647165,0.30496744845727997
2026-07-14,2.101389463626375,1.663471889180073,0.2084487877921989,10.643366476587955,0.8871427514188966,False,8.965252277700904,8.29802984586095,0.3069151129305298,0.8938350530120176,-10.13181622993385,0.22774140718828237,0.29878936515576016
2026-07-17,2.235051884801543,1.856702076900348,0.3030267016288632,10.930212598491387,0.8707861865270762,False,8.426836246268955,7.782723624344103,0.3066040400263966,0.8919911436932224,-10.195687939418454,0.33245824488355885,0.3189906929924394
