date,Omega,Omega_signed,balance_K,erank,AR,crisis,Omega_f,Omega_signed_f,balance_K_f,AR_f,erank_f,balance_bin,balance_bin_f
2000-02-01,0.0439885677381202,0.0396408648588118,0.9563725753825608,4.6681755947359616,0.8516221265164132,False,0.0439885677381202,0.0396408648588118,0.9563725753825608,0.8516221265164132,-4.6681755947359616,0.9554787731359479,0.9554787731359479
2000-02-04,0.0242497113569384,0.0199395100496755,0.9602622928607156,4.892928132028972,0.8318168586147051,False,0.0424094592276257,0.0380647564740809,0.9587064058694535,0.8500377050842766,-4.686155797719403,1.0,0.9821915092543791
2000-02-09,0.0189903608395449,0.0129287592838574,0.9410764193139748,4.93954284682297,0.8446713116379668,False,0.0405359313565792,0.0360538766988631,0.9572960069450154,0.8496083936085718,-4.7064267616476885,0.8314975123641278,0.970135989503159
2000-02-14,0.0184767817519904,0.0125272127329007,0.9321224659179644,4.874709087732805,0.8436813304197484,False,0.0387711993882121,0.0341717435815861,0.9552821236628514,0.849134228553466,-4.719889347734498,0.7801503086292952,0.95493713503325
2000-02-17,0.021704767906331,0.0135775491564795,0.9252369574412208,4.955940323356169,0.8527769600693854,False,0.0374058848696616,0.0325242080275775,0.952878510365121,0.8513198674630176,-4.738773425784232,0.8928795476577647,0.9499725280432111
2000-02-23,0.0301876883432102,0.0231601035139673,0.9461560926449188,4.768470003440363,0.8533946756222341,False,0.0368284291475455,0.0317750796664887,0.9523407169475048,0.8525647523585476,-4.741149151996723,1.0,0.9799890112172844
2000-02-28,0.0217530119770539,0.0159060323179042,0.9540615583780252,4.971865824611165,0.8485532461710336,False,0.0356223957739062,0.030505555878602,0.9533732218058172,0.8522438318635465,-4.759606485805879,1.0,0.9919956044869138
2000-03-02,0.0222737416252781,0.0162449966443828,0.9528783251944558,4.814569667625396,0.8345589663376258,True,0.0345545034420159,0.0293647111398644,0.9533336300769082,0.8508290426214729,-4.764003540351441,1.0,0.9967982417947655
2000-03-07,0.0462042957994688,0.0354928149110822,0.9441394005849688,4.471846604699464,0.844285779824095,True,0.0415443788564876,0.0330415734025951,0.952598091717553,0.8503055815976828,-4.588709378960255,0.9137991610774818,0.9901583153373829
2000-03-10,0.0294965254686255,0.0208682631280432,0.9415679148140512,4.646399318897301,0.8190068664376768,True,0.0405805505854587,0.0320677085806309,0.951715677565273,0.8478016843848823,-4.593324574155218,0.9719624556474443,0.9887026465621879
2000-03-15,0.0494129008832782,0.0426060089894641,0.9654168929993184,4.487195493393951,0.8471807997695082,True,0.0458799607641504,0.0383906888259309,0.9599364068257004,0.8477520136156524,-4.5296471256984585,1.0,0.9954810586248751
2000-03-20,0.0453942053828526,0.0410680720566582,0.9738719200742004,4.581446273850199,0.8301667058837991,True,0.0458411003336466,0.0399971187643673,0.9682977147748004,0.8463451889971042,-4.533791057550598,1.0,0.9981924234499501
2000-03-23,0.1050615945048368,0.0944481469092744,0.9609497070935468,4.408674903672044,0.8752946149202532,True,0.0813733968363607,0.0726677356513116,0.9677098741603,0.8637148445509937,-4.458721365223466,0.8191480507782607,0.983868873636215
2000-03-28,0.1026052175021382,0.0932352025121481,0.9703452335051812,4.413566586674556,0.8795814636947121,True,0.0941124892358272,0.0850082157678135,0.9692910897672288,0.8732348160372247,-4.4316284980941205,1.0,0.993547549454486
2000-03-31,0.1091021219214257,0.1001375940644197,0.9638564274820888,4.498145361081873,0.8625898565668808,True,0.1031062688471863,0.0940858427457772,0.9688563167844176,0.8723832192795973,-4.436949847133141,1.0,0.9974190197817944
2000-04-05,0.1097784930058209,0.096676641389287,0.9488734374307516,4.361849339430047,0.8549966136641298,True,0.1071096033423671,0.0956403219318831,0.9672576864361244,0.8709922908303599,-4.391889542511285,1.0,0.9989676079127178
2000-04-10,0.1912864526580961,0.1894491082162209,0.9938893115646518,4.225433500880632,0.845663100039816,True,0.1576157129318045,0.1519255937024858,0.9832366615132409,0.8689659555671164,-4.292015917532893,1.0,0.9995870431650871
2000-04-13,0.1793389701176805,0.1769279795585367,0.9904812714467218,4.112257143981834,0.8288486927295431,True,0.1706496672433301,0.1669270252161163,0.9875834274733296,0.8657565745401106,-4.184160653402258,1.0,0.9998348172660348
2000-04-18,0.4583850517421429,0.4572650402806478,0.998027910700451,3.5315920378055394,0.9296292025964052,True,0.3432908979426178,0.3411298342548352,0.9938501174096024,0.9040801513738874,-3.792619484044226,1.0,0.9999339269064139
2000-04-24,0.4750514129127957,0.4749738925346439,0.9998542967798296,3.3268044488271293,0.939124483883412,True,0.4223472069247246,0.4214362692227204,0.9974526250317388,0.925106750879602,-3.513130462913968,1.0,0.9999735707625655
2000-04-27,0.492482341388549,0.492482341388549,1.0,3.2399679683187284,0.9385441723369828,True,0.4644282876030192,0.4640639125222175,0.9989810500126955,0.9331692037540306,-3.349232966156824,1.0,0.9999894283050262
2000-05-02,0.543265185447411,0.543265185447411,1.0,3.276386442397432,0.947914843576372,True,0.5117304263096543,0.5115846762773336,0.9995924200050782,0.9420165876474356,-3.3055250519011885,1.0,0.9999957713220105
2000-05-05,0.3571022906762837,0.3396060636911139,0.960073035323247,3.4705186652919218,0.9410092221223616,True,0.4993601754589846,0.4978263872704361,0.9964308692305318,0.9419359984054296,-3.3187245409724477,1.0,0.9999983085288042
2000-05-10,0.329875970291183,0.3177231992510984,0.9731055385633214,3.690532761250567,0.9388396490641038,True,0.4858014390455605,0.4834181322288891,0.994564842777155,0.9416882904581236,-3.348469198594697,1.0,0.9999993234115216
2000-05-15,0.0200375067699994,0.017366851914083,0.9663462070341214,4.583676561084991,0.8926334552044307,True,0.4485403244635156,0.4461340298037046,0.9923073519177124,0.937763903637828,-3.4472857875939207,0.9458240688570954,0.9956653030471676
2000-05-18,0.0303259004679884,0.0241024174864311,0.9306839775211326,4.388079088578142,0.8810137950871711,True,0.4150831705438735,0.4123715008183227,0.987377481965986,0.9332238949537756,-3.5225492516726584,0.943624561980803,0.9915020437618585
2000-05-23,0.0199958822258521,0.0168997539063971,0.9560724346745428,4.530760364193879,0.8636420328298802,True,0.3834761874784317,0.3807337610653687,0.9848730781826706,0.927657345983864,-3.603206140674356,0.9447132153394615,0.9877589374880668
2000-05-26,0.0173208101033621,0.0146913813806287,0.964899862859969,4.731670900480832,0.8766162564053056,True,0.3541837572884262,0.3514503706905895,0.9832752209568544,0.9235740588175794,-3.6934833214588743,0.9447132153394615,0.9843152797161784
2000-06-01,0.0386838023779077,0.0342659818120071,0.973957022063394,4.7685642887185455,0.8720616472412721,True,0.3289437608955847,0.3260756195803029,0.9825297650453776,0.9194530658914748,-3.779489798839649,1.0,0.9937261118864713
2000-06-06,0.0150128359927101,0.0105331247347047,0.9519481121662942,4.871481843482887,0.8811151011458412,True,0.3038292869033548,0.3008322199926551,0.980083232815051,0.916386028711824,-3.866849162411108,1.0,0.9974904447545885
2000-06-09,0.0207360439705597,0.0155141190097188,0.9495354723233046,4.660115608553979,0.8706581645411999,True,0.2811818274687312,0.2780067719140202,0.9776394119757114,0.9127277995781742,-3.9303104781025375,1.0,0.9989961779018354
2000-06-14,0.0140210493346421,0.0106601137230798,0.9573552011705864,4.748028010692902,0.8810376678346823,True,0.2598089652180041,0.2566190392587449,0.9760166751113012,0.9101925890386948,-3.995727880709767,1.0,0.9995984711607342
2000-06-19,0.0039789766485,0.0016487944226298,0.9345349808575584,5.027131101769208,0.84332147473053,True,0.2393425661324437,0.2362214196718557,0.972698139571002,0.9048428998940417,-4.078240138394523,1.0,0.9998393884642937
2000-06-22,0.0054804436289091,0.0025328682642121,0.936348894493063,5.038020511258225,0.8343824136008007,True,0.220633596332161,0.2175263355592442,0.9697901999647668,0.8992060609905824,-4.155022568223619,1.0,0.9999357553857174
2000-06-27,0.0109697012318909,0.0059949935709374,0.900613274029137,4.797212437846594,0.8168565713266551,True,0.2038604847241394,0.2006038282001797,0.9642560458899164,0.8926181018174683,-4.206397757793457,0.6475987062844514,0.9717487914576162
2000-06-30,0.008140203915271,0.0029844609839961,0.9186886087526802,5.181866828468212,0.7656166217151431,True,0.1882028622594299,0.184794278822885,0.9606106509189376,0.8824579834092823,-4.284435283447437,0.7869568234158016,0.956965434014271
2000-07-06,0.0112050265281142,0.0048586369952125,0.9309890538195038,5.231205398782703,0.7222185631194818,True,0.1740430354009246,0.1703994274766712,0.958240923150983,0.8696388297860983,-4.360176892674259,1.0,0.9827861736057084
2000-07-11,0.0402258722224269,0.0254261530088565,0.9109087807620896,4.978442625743703,0.8032862988955417,True,0.1633376623466448,0.1588015655192461,0.9544543517598716,0.8643306273148538,-4.409638151319815,0.8943931649551449,0.9757147329136633
2000-07-14,0.0821357939840485,0.0579511652369531,0.8886799348735124,4.589598327099914,0.8040627087447424,True,0.1568415128776371,0.1507335334966626,0.9491923984089627,0.8595091938292448,-4.424034965382223,0.8101003033353679,0.9624655785473997
2000-07-19,0.0410428657383867,0.0225881858803835,0.8780567227348609,4.730920542702839,0.8052731131315285,True,0.1475776211064971,0.1404819056873603,0.9435015443550347,0.8551703073734276,-4.448585811567873,0.65469583722412,0.9378439992415374
2000-07-24,0.0141737406151588,0.0061531790297411,0.9067026096016348,4.955419741937763,0.7744383204080415,True,0.13690531066719,0.1297356075547508,0.9405576295747629,0.8487117484161967,-4.489132525997464,0.7193596912490247,0.9203652546021364
2000-07-27,0.0104060284677288,0.0043226202562469,0.8948124367082936,4.728288199547384,0.7975909727466763,True,0.1267853680912331,0.1197025685708705,0.9368980141454454,0.844622086362635,-4.508264979881457,0.7193596912490247,0.9042848095338875
2000-08-01,0.0178812352851967,0.010227455392997,0.9181756822502314,4.780895882998653,0.7962447029011948,True,0.1180730374667502,0.1109445595166406,0.9354002275938283,0.8407518956857198,-4.530075452130832,0.7764976566931161,0.8940618373066258
2000-08-04,0.0204392503902106,0.0127403042006588,0.926663412574175,4.754130101192957,0.7775218887286389,True,0.1102623345006271,0.1030882190913621,0.934701282392256,0.8356934951291534,-4.547999824055802,0.8208785034106174,0.8882071705949451
2000-08-09,0.0189310044317887,0.0121463358627921,0.943301823061074,4.867647058099243,0.7858174886108252,True,0.10295582809512,0.0958128684330765,0.9398616067935468,0.8317034146076872,-4.573571602779277,1.0,0.955282868237978
2000-08-14,0.0159409866611569,0.0097110650587546,0.9239035525559524,4.649956332743024,0.8204075642613383,True,0.095994640780403,0.0889247241631307,0.9385849624545394,0.8307997465799792,-4.579682381176377,1.0,0.9821131472951912
2000-08-17,0.0117288302189691,0.0071190265732635,0.9396969676942536,4.877983212585,0.8090912434615448,True,0.0892533759354883,0.0823802683559414,0.939252165598368,0.8290630663305045,-4.603546447689067,1.0,0.9928452589180765
2000-08-22,0.0273142215748902,0.0145583108131965,0.9078053370710536,4.892752414777603,0.8033534349281857,True,0.0842982435866404,0.0769545117525218,0.9367364193161828,0.8270062958183191,-4.62668292505615,0.7090299924956537,0.9701400376042827
2000-08-25,0.0141968655089303,0.0087777606429921,0.9290133239463928,5.036756807564402,0.763020162064717,True,0.0786901333404236,0.0715003716637594,0.9361185716865996,0.821887405118031,-4.65948883565681,0.7836585588643575,0.9552215193050887
2000-08-30,0.0018841330224432,0.0009990448202988,0.9547460015757986,5.002994948244755,0.7986302729053432,True,0.0725456533149852,0.0658602655162825,0.947295029620119,0.820026834541016,-4.6869693246638455,0.90015026686326,0.9508158191097424
2000-09-05,0.0045986753994075,0.0010146381182698,0.9297680278580336,5.133255752767924,0.7632463413713739,True,0.067109895081739,0.0606726153244415,0.9458928694791522,0.8154843950874446,-4.722672238912171,0.798971138471302,0.9386682446586673
2000-09-08,0.0169205756726674,0.0082912772229258,0.9286584728610148,5.052236982738013,0.7682142519847787,True,0.0630947495290133,0.0564821082763203,0.9445141177497012,0.8117027836392314,-4.749037418418238,0.9599272348973086,0.951423638801852
2000-09-13,0.0194467511110783,0.0106510207134154,0.9309677091692168,5.002187661871388,0.7825387022095587,True,0.0596029096555785,0.0528156212712879,0.9434304050632624,0.8093696571248576,-4.769289437894491,0.9164050481433046,0.9486221515491682
2000-09-18,0.0163425717489802,0.0110458516630988,0.9389203049595446,4.939309922764185,0.7813091196198833,True,0.0561420826230506,0.0494740397026328,0.9430695970549652,0.8071248141244597,-4.782891076684066,1.0,0.9794488606196673
2000-09-21,0.0184671490258819,0.011888221189854,0.9093940181498154,4.720999807303249,0.7792443336694582,True,0.0531280879352771,0.0464671742216105,0.9403755507425532,0.8048943756880597,-4.745756315055576,0.7586754864009199,0.9617869906821676
2000-09-26,0.0043492709816544,0.0023768202665785,0.9141874373515904,4.929751116503183,0.7548394590605713,True,0.0492257825789873,0.0429399459052079,0.9382805016712764,0.8008899823578607,-4.760475899171385,0.8381319532225099,0.9518945876853949
2000-09-29,0.0072127887665087,0.0030804437743923,0.901225773388062,4.834679531198937,0.7158758187396836,True,0.045864743073989,0.0397511857347427,0.9353161234086192,0.7940888492684065,-4.76641218973359,0.9410108309109162,0.9510238871434367
2000-10-04,0.0080049089938861,0.0033026054296903,0.888923038348303,4.857378546244051,0.7008817911081586,True,0.0428359563475808,0.0368352993103385,0.931604676603794,0.7866322846155867,-4.773689498254427,0.5827052426774084,0.9215583955861545
2000-10-09,0.0198709559985636,0.0116786383129996,0.925759865442918,4.940763579478254,0.8209024290337117,True,0.0409987563196594,0.0348227664305514,0.9311370917109238,0.8071943712664617,-4.787055424752333,0.8329977268462291,0.9144735420869605
2000-10-12,0.02716035042445,0.0248859884699305,0.9781346310424456,4.731953729871083,0.8519162257099364,True,0.0398916838480426,0.0340278241937017,0.9593356153098368,0.8340274839325466,-4.753994407823583,1.0,0.9657894168347843
2000-10-17,0.044152167449826,0.0361978074854907,0.961621858930352,4.672956093370193,0.8684514361203866,True,0.0424479740091126,0.0353298141687751,0.960707361482146,0.8546818552452506,-4.7053714191515486,1.0,0.9863157667339137
2000-10-20,0.1001999406280642,0.0885350399617754,0.954971654923728,4.364303637453832,0.888451186716902,True,0.0770991539804836,0.0672529496445753,0.9602485049574728,0.8749434541282415,-4.500730750132918,1.0,0.9945263066935655
2000-10-25,0.0764664995195299,0.0674228910019471,0.95695191101565,4.343920976266411,0.8971830606883902,True,0.0770485416236073,0.0673549144589984,0.9599847774421268,0.8882872180643306,-4.406644885813014,1.0,0.9978105226774262
2000-10-30,0.1447881839570965,0.1321154188428618,0.9552091278896372,4.233955968875083,0.8901801779294256,True,0.1176923270237008,0.1062112170893164,0.9596027254779278,0.8894229939833875,-4.303031535650256,0.9760547217193754,0.9960700586007822
2000-11-02,0.0901713930136525,0.0809679635380727,0.9623703022349273,4.457252241160557,0.880945628876692,True,0.1154906523028969,0.1041917568052169,0.9612632715321274,0.888744804774852,-4.31536919209108,1.0,0.9984280234403129
2000-11-07,0.0989877492114101,0.0891123819298611,0.963569912955322,4.432138219692128,0.8853381850966755,True,0.114170420055578,0.1029854068151884,0.9626472563860442,0.8884722752005978,-4.324710714299163,1.0,0.9993712093761251
2000-11-10,0.0372020628339058,0.0353182037216403,0.9888904733707384,4.764940259248528,0.845572677715969,True,0.1080129514778442,0.0975720305677046,0.9783931865768608,0.8850403074018276,-4.359929077895113,1.0,0.99974848375045
2000-11-15,0.0355703756754863,0.0318634403049956,0.9828426508798824,4.902323491607078,0.8416731796653665,True,0.1022175454136556,0.0923153433466879,0.9810628651586738,0.8815709371829108,-4.40332063099207,1.0,0.99989939350018
2000-11-20,0.0146642732834302,0.0102696633809976,0.9624236146565822,5.087638316275729,0.8108107066619064,True,0.0952132836432376,0.0857516889494327,0.9795717251185064,0.8759101187412305,-4.458066045814763,0.9418432165897493,0.9952548993473456
2000-11-24,0.0304272447815793,0.0222915808032915,0.9474920061469416,4.89761674647786,0.8459796115632517,True,0.0900304005343049,0.0806748802977414,0.9770053476007814,0.8735156781669923,-4.493230101867812,1.0,0.9981019597389382
2000-11-29,0.0486530595977902,0.0391217755312092,0.9407050329260868,4.76804005839201,0.864577317494635,True,0.0867202132593837,0.0773506319164188,0.974101322426806,0.8728006093132037,-4.515214898389748,0.9209991290839747,0.9919337332865411
2000-12-04,0.0853349129892494,0.0763133676064545,0.9665458483387108,4.714850795953415,0.8590365137042099,True,0.086609389237773,0.0772676507716217,0.9734968844997584,0.8716994816644843,-4.531185770194842,1.0,0.9967734933146164
2000-12-07,0.0460223436403084,0.0304050852103163,0.906936255981726,4.750332300863162,0.8565376589225497,True,0.0833624255899758,0.0735186455267172,0.9681720342183158,0.8704865358451296,-4.548717492648308,0.8347236420143593,0.9838095052105958
2000-12-12,0.0668998684358074,0.0414124498251436,0.8654533918561029,4.575147169978443,0.8785174933636715,True,0.0820454210176424,0.0709501498705914,0.9599545428293388,0.8753051103562547,-4.550831866834719,0.6060695798060367,0.9535903111782312
2000-12-15,0.0451816801563736,0.0261925917482597,0.8638131958577561,4.61201306354794,0.8656528055694253,True,0.0790963217487409,0.0673695452208048,0.952263235071612,0.8745329259733083,-4.555726362571777,0.4889697207526063,0.9164206639441813
2000-12-20,0.0756923532684249,0.0548073822511272,0.9055171188982548,4.691510567451179,0.872257641272081,True,0.0788240042703156,0.0663645721832306,0.9485235457777436,0.8743509031972102,-4.566589098962129,0.7543640656004021,0.903456136076679
2000-12-26,0.0231029517982994,0.0143333489683682,0.9237215667415068,4.967218943995292,0.9203881484006198,True,0.0743663200725543,0.0622020743260416,0.9465393874548448,0.901973250319256,-4.598639486564782,0.885075814686511,0.9019857103654656
2000-12-29,0.0117577585859192,0.0057652443706403,0.9138665994357518,5.023312983623978,0.9311367255921944,True,0.0693576351536235,0.0576871279296095,0.9439255644133172,0.919471335483019,-4.632613366329517,0.7787137143516286,0.8921239506843587
2001-01-04,0.1195372377298344,0.1019432361314865,0.9199329023587672,4.300142670355928,0.924780218589338,True,0.0994653966993501,0.0842407928507357,0.9420061514489532,0.9226566653468103,-4.433130948745363,0.976815399142559,0.9429388197592788
2001-01-09,0.1299646568633312,0.1201994151242038,0.9594707075678416,4.301194522377655,0.9311218595861698,True,0.1177649527977387,0.1058159662148166,0.9524848851202862,0.927735781890426,-4.353969092924738,1.0,0.9771755279037115
2001-01-12,0.1594133689599528,0.1448188622561431,0.949270029436048,4.154894603794425,0.925253208543426,True,0.1427540024950672,0.1292177038396125,0.9522276966655472,0.9275371760226662,-4.234524399446551,1.0,0.9908702111614847
2001-01-18,0.1343484091771803,0.1236515600002507,0.9646967368355518,4.324012995631361,0.9205447173786996,True,0.1420815550296362,0.1287724123324635,0.95970912076755,0.9269777793311488,-4.241683487141336,1.0,0.9963480844645939
2001-01-23,0.0976524112703022,0.0742440158903949,0.9111200753567696,4.491150210285266,0.9103807264227732,True,0.1385272235288895,0.124410140617098,0.9558219971346876,0.9256500150984788,-4.261640824992851,1.0,0.9985392337858375
2001-01-26,0.1889166531342766,0.157409740840481,0.9100941387043624,4.121422174029624,0.8971473517356097,True,0.1687608812921218,0.1442099007511278,0.9521637684602616,0.9233698020294494,-4.177509634414914,1.0,0.999415693514335
2001-01-31,0.0267070061616401,0.0158934714789379,0.9138589265748822,4.89734071887696,0.861971035505681,True,0.1573965712816832,0.1339445864093527,0.9490993811094312,0.918457900707548,-4.235096121171878,0.8596510961929004,0.9882345257286203
2001-02-05,0.0208988748640032,0.0154281057303805,0.9553648218614452,5.186729680827102,0.8261874066666591,True,0.1464767555682688,0.1244632679550349,0.9528586455606396,0.9110762611842768,-4.311226805944297,0.9591814539343847,0.9859102799850815
2001-02-08,0.0184029967751634,0.01135514593583,0.940081265151964,5.144581805213109,0.8175486465756586,True,0.1362308548648204,0.1154146181934985,0.9518364551279456,0.9035940520155874,-4.377895205885801,0.9222982647976158,0.9808213187700844
2001-02-13,0.0101077044466494,0.0064647203741597,0.9622130925165228,5.42050105023269,0.8177612246748929,True,0.1261410028313667,0.1066986263679514,0.958062437561092,0.8967274258283319,-4.461303673433553,0.84263082423731,0.9697660792074625
2001-02-16,0.0142853654260375,0.009720351526853,0.9079274882769712,4.813002125045705,0.8282195760726668,True,0.1171925518389404,0.0989403643806635,0.9540516416183624,0.8912467978478787,-4.489439549562526,0.6292192146244521,0.9425223300408216
2001-02-22,0.0208999901046382,0.0135733705211654,0.8852193068473461,4.719059785794376,0.7932236216595723,True,0.1094891469001962,0.0921110048719037,0.9485450548366812,0.8834049437528143,-4.507809168461074,0.5742071115026288,0.9130571125577662
2001-02-27,0.033751436023868,0.0253903581841892,0.8965986846639665,4.645175592381657,0.8113350707501384,True,0.10343013003009,0.0867733531368865,0.944389345222864,0.8776393539126003,-4.518798482374721,0.6030970429518516,0.888260306989293
2001-03-02,0.0514988644790995,0.0385271857483678,0.892429406389503,4.753149541047952,0.8391751633344187,True,0.0992756287860107,0.0829136597458051,0.9402325501161952,0.8745622186663458,-4.53754656706858,0.7506091986813923,0.877248218324661
2001-03-07,0.1049226978291765,0.0796887493288654,0.8993109922720084,4.758658083977511,0.8632030665864995,True,0.1026638702119102,0.0826556669124499,0.9369588254886604,0.8736534864999581,-4.555235488421294,0.7732468788054531,0.8689281111631244
2001-03-12,0.1388199857424457,0.1228964468833169,0.94064788052318,4.54800634092309,0.9207666521521768,True,0.1243575395302315,0.1068001348949701,0.939172258509372,0.9019213858912892,-4.550897999922372,0.8280986494866341,0.8656617542290053
2001-03-15,0.2715475294688066,0.2624310333380735,0.9786202200732944,4.060338411926004,0.945734824067548,True,0.2126715334933766,0.2001786739608322,0.9628410354477256,0.9282094487970444,-4.256562247124551,1.0,0.9462647016916022
2001-03-20,0.2887516467110944,0.2804240417832875,0.982945587281176,4.136794441991227,0.9453020355513198,True,0.2583196014240073,0.2483258946543054,0.9749037665477958,0.9384650008496096,-4.184701564044556,1.0,0.9785058806766409
2001-03-23,0.2836592624689645,0.2803742130629647,0.991413392884641,3.8430359575544086,0.9477322033805782,True,0.2735233980509816,0.267554885699501,0.9848095423499028,0.9440253223681908,-3.9797022001504674,1.0,0.9914023522706563
2001-03-28,0.2912058711224335,0.2876195573772055,0.9893602388814132,3.5919713711076486,0.951666740924441,True,0.2841328818938528,0.2795936887061237,0.9875399602688092,0.9486101735019408,-3.747063702724776,1.0,0.9965609409082625
2001-04-02,0.2183929185903486,0.2150740716605989,0.989059838880833,3.798601528965076,0.9476795731185312,True,0.2788736848295725,0.2744321193424817,0.9884518874360236,0.9485357254712682,-3.751186728824001,1.0,0.998624376363305
2001-04-05,0.2018900628261645,0.1963793784676646,0.9803423972728376,3.712934501004128,0.9528457836796737,True,0.2727149950692998,0.2681879000724964,0.9878031282229688,0.9511217603963114,-3.728235392132077,1.0,0.999449750545322
2001-04-10,0.3769411250835112,0.3639667781156005,0.975037240996118,3.740435849892249,0.9501960214179056,True,0.3352506730778267,0.3256552268983589,0.9867818572448208,0.951047701278039,-3.7292114287528912,1.0,0.9997799002181288
2001-04-16,0.2846731659865503,0.2768694985132149,0.981912844161162,3.910873525963774,0.9454913052777968,True,0.3312044725105246,0.3217523686275474,0.986392336198128,0.9506031895980196,-3.7437443965297614,1.0,0.9999119600872515
2001-04-19,0.1628874456857458,0.1531354755015977,0.969010931748405,4.230688672609053,0.9458611789409264,True,0.3177391103645423,0.3082630171774714,0.9850018238421504,0.9502238287454522,-3.7826999386161058,1.0,0.9999647840349006
2001-04-24,0.1186677831460341,0.1061410329527209,0.9492595794762474,4.327079208542972,0.9445922497323528,True,0.3018134041870616,0.2920932584394914,0.982142444292878,0.9497733024244044,-3.826250280210256,0.8146624561245819,0.9851405978020752
2001-04-27,0.1044765483001902,0.0953388958502214,0.9625493919703628,4.573775170441866,0.9301187685008884,True,0.2860264557161119,0.2763529094323498,0.980575000107077,0.9482009397105232,-3.8860522714287846,0.9644088360295614,0.9834820568602742
2001-05-02,0.0457883094125603,0.0386219403365578,0.953573011157226,4.847146239862711,0.8779376542618442,True,0.2668074040118278,0.2573344319046864,0.9784148409910888,0.9425798768746289,-3.962939788903499,1.0,0.9933928227441097
2001-05-07,0.0291501007375616,0.0203256764452406,0.925129358455308,4.943131891817546,0.8674130922889414,True,0.2477948197498865,0.2383737314679308,0.9741520023882264,0.936566534107774,-4.041355157136623,0.7973516797124691,0.9777095313015784
2001-05-10,0.0172929686495742,0.0103007530336175,0.9265980765170956,5.179145341074747,0.8667946768822195,True,0.2293546716618615,0.2201278931931857,0.970347688318536,0.9309847855297296,-4.132378371851673,1.0,0.9910838125206314
2001-05-15,0.0130932890712191,0.0104880995206515,0.971797194517578,5.361558013788101,0.8720116922261908,True,0.2120537610546101,0.203356709699383,0.9712173920379612,0.9262669380654466,-4.230712743206587,1.0,0.9964335250082526
2001-05-18,0.0093339771705025,0.0075026976927531,0.977635727972563,5.269321331218578,0.8027753811198363,True,0.1958361783438815,0.1876883887388526,0.9750683935987224,0.9163876135097976,-4.313801430247547,0.9612471867030977,0.9936186179438402
2001-05-23,0.0217281455871302,0.0175031027584636,0.9594970198134511,4.925111929376228,0.8250732731238246,True,0.1819075357233414,0.1740735658604215,0.9738226836959007,0.90908246627892,-4.362706270177841,0.9758217400812902,0.9921948677148362
2001-05-29,0.0127348304483736,0.0082334220210629,0.9264450714563176,4.959556711178311,0.8852771947895937,True,0.168373719301344,0.1608063543532728,0.970032474716734,0.9071780445597738,-4.410454305457879,1.0,0.9968779470859345
2001-06-01,0.0299721462950964,0.0221378342070451,0.9258554978787408,4.763380762171457,0.8864485260054936,True,0.1573015934608442,0.1497128727415746,0.9664983165696948,0.9055196830754316,-4.438688421994965,0.6521487958855356,0.9692996149899027
2001-06-06,0.0515130101615698,0.0425723199067748,0.9496018033131792,4.7410633714569,0.8736882902165126,True,0.1488385067969022,0.1411416285147906,0.9651465955091736,0.902973171646718,-4.46287841795192,0.8777562744448189,0.961976147746296
2001-06-11,0.0446029388942547,0.0367313014345925,0.9506757402663266,4.706336978870051,0.8944500081701058,True,0.1404996613646905,0.1327888023483748,0.963988927089746,0.902291318568589,-4.4823551028253705,0.884541963301476,0.9557814129907105
2001-06-14,0.0159551146173125,0.0125878814097936,0.9634051631966656,4.844863852767457,0.8210703885034092,True,0.1305360976249003,0.1231727286732883,0.9639422259782996,0.8957936441633746,-4.511355802820738,0.9599055224802272,0.9582558786844205
2001-06-19,0.0176775112982125,0.0165723342950325,0.9859428938844228,5.183150554381278,0.8194317095852829,True,0.1215074107187652,0.1146446971230278,0.9771426267219736,0.8896846893971273,-4.565099382945581,1.0,0.9833023514737682
2001-06-22,0.0191005964553407,0.018834010389533,0.9971690803488088,5.142706002442484,0.8491585989230628,True,0.1133148655776913,0.1069798421843482,0.9891584988980746,0.8864426021592021,-4.611307912505334,1.0,0.9933209405895073
2001-06-27,0.0168828792596249,0.0159206692627288,0.9923636997582708,5.153640202073441,0.8514727055685505,True,0.105600306672246,0.0996951083506187,0.9910816194141924,0.88364501043195,-4.654694495670782,1.0,0.997328376235803
2001-07-02,0.017713903554706,0.0134073420325201,0.9581561586702828,5.053291435262253,0.830865623031147,True,0.0985693944228428,0.0927920870451708,0.9884475825546796,0.8794226594398858,-4.6865822508381,1.0,0.9989313504943211
2001-07-06,0.0270170625197445,0.0233645562657368,0.9669327396695572,4.913647000368113,0.8349187999055023,True,0.0928452078705949,0.0872378845828161,0.9867263951238698,0.8758623506771352,-4.704747430800501,0.896864552758352,0.9907660066754436
2001-07-11,0.0374165673490375,0.0320010868912508,0.9543307881500882,4.591182937057236,0.844138143596204,True,0.0884109166288703,0.0828189407674909,0.9841347465659672,0.8733244141106608,-4.636608734554542,0.9175270076589354,0.984906886754123
2001-07-16,0.0263977479954872,0.0209299944210951,0.9490692907248722,4.704836614940852,0.8485577376470785,True,0.0834498631381997,0.0778678250597792,0.98132951009868,0.8713430799935742,-4.642066964985448,0.9081497421048486,0.978766315182181
2001-07-19,0.0474817349182703,0.0437699554093506,0.9819955657478332,4.810039691073543,0.8308466311868916,True,0.0805724128806054,0.0751399954877449,0.9817291434881718,0.8681033640890397,-4.655504783072495,1.0,0.9915065260728724
2001-07-24,0.0504820386927521,0.0464656743791255,0.9803348592488248,4.653800052658948,0.837463452763026,True,0.0781651829455771,0.0728460497990554,0.981617600749024,0.8656521711829587,-4.654481944824367,1.0,0.996602610429149
2001-07-27,0.0539030506231262,0.0418584219251634,0.9328258981599212,4.505513513277824,0.8814701282103102,True,0.076224212359781,0.070367039569144,0.9777142645418958,0.8751429453993697,-4.565100885896441,0.7888297073860747,0.9799807781857032
2001-08-01,0.0625786230604517,0.0512571193703785,0.9328073270835896,4.427113448925728,0.887808438883891,True,0.0751325652158347,0.0688382459532428,0.9741217095452314,0.8827422414900825,-4.482308423714013,0.6906313305649614,0.9568328223760438
2001-08-06,0.0282802585560005,0.0209399459133059,0.9281691157469464,4.526881386898939,0.8521679168466325,True,0.071384380683048,0.0650063819500478,0.9704455020413686,0.8802962955186066,-4.485874260768807,0.8286292079972057,0.9465765332257369
2001-08-09,0.0138613179957518,0.0106999228587825,0.955666868675694,4.699208383829931,0.810764757583644,True,0.0667825356680643,0.0606618652227466,0.9692632113721148,0.8747337724838096,-4.5029409906136975,0.8859971458641739,0.9417301822368119
2001-08-14,0.0187948704831501,0.0132324878798188,0.9291691591340748,4.705542123594856,0.7937461501446983,True,0.0629435224532711,0.0568675150353124,0.9660556871930716,0.8682547626966808,-4.51914908125219,0.958253764920386,0.9516443318469563
2001-08-17,0.0250796664089664,0.0177914005310784,0.9201485056011226,4.727824915106494,0.8153879894149526,True,0.0599144139697268,0.0537414258749737,0.9623831126657156,0.8640254208341426,-4.535843147960535,0.7625779273622204,0.9365190194881775
2001-08-22,0.0430107253016432,0.0346831495071533,0.9277257289887066,4.638975043343408,0.8538981944135448,True,0.0585621188762801,0.052216763765548,0.9596105219715548,0.8632152427204948,-4.544093699591166,0.6999118762630597,0.9175904480301681
2001-08-27,0.0448236391851677,0.0390649261434394,0.9647347526306318,4.896031585078188,0.8816118341178403,True,0.0574630405009911,0.0511646167557793,0.9626850603670012,0.8742531975589021,-4.572248730430127,1.0,0.9670361792120672
2001-08-30,0.0407006565092223,0.0360328092734297,0.9788352744354848,5.022676614689887,0.9038052353955074,True,0.0561220497816496,0.0499540721571914,0.9723751888080914,0.8919844202608652,-4.608282961170908,0.8915115540868352,0.9609942092020487
2001-09-05,0.0469336563357544,0.0435372402126248,0.9804628287174104,4.884567529904279,0.883515735375036,True,0.055386978305978,0.0494407256016261,0.9772277727536828,0.8913069254699989,-4.630385726669578,1.0,0.9843976836808195
2001-09-10,0.2277001280514246,0.2195952873298012,0.9785629536909128,3.946167849414589,0.907309595685004,True,0.1587748681532459,0.1515334626385312,0.9780288813160208,0.900908527599002,-4.219855000316585,1.0,0.9937590734723278
2001-09-19,1.1765745386389197,1.1696292922734706,0.9917636174303892,2.355972277253119,0.9826611063861328,True,0.7694546704446501,0.7623909604194948,0.9862697229846418,0.9499600748712804,-3.1015253664785054,1.0,0.9975036293889311
2001-09-24,0.830390648226275,0.7877508478954496,0.9481647532408224,3.0952229292742106,0.9637908697741324,True,0.806016257113625,0.7776068929050677,0.9832213254051364,0.9582585518129916,-3.0977439041559287,0.884953173462382,0.9884995929148073
2001-09-27,0.88644095940792,0.8454327457904838,0.95325706565845,3.148608640534207,0.9599017459928596,True,0.854271078490202,0.8183024046363173,0.9808241846254014,0.9592444683209124,-3.101813083066191,0.8827439130539422,0.980039138525938
2001-10-02,0.877441075274454,0.8398346824192467,0.9553098698521448,3.10023253965263,0.9613447994663294,True,0.8681730765607532,0.831221771306075,0.978783039443541,0.9605046670081626,-3.1008647570180545,0.8909872631269334,0.9729149884940178
2001-10-05,0.8644582825149466,0.8314774916589674,0.9598244979385911,3.1140439909405377,0.9627050931195,True,0.8678758930370887,0.8313752035178105,0.977266356123145,0.961824922674965,-3.1019190957318536,0.8153024729002124,0.9603059872465134
2001-10-10,0.839684126033184,0.8087547135794619,0.960154434975562,3.066055761543132,0.9627131503352716,True,0.8656205516767763,0.8295655643227426,0.9758974024313384,0.962357859271149,-3.0804010952186207,0.8153024729002124,0.9487057060988093
2001-10-15,0.0873577796154933,0.0728553809007925,0.9112667001495964,4.546547799311472,0.829712907097455,True,0.8033595299118738,0.7690287496489866,0.9707269462487992,0.9517462630972536,-3.197692831546049,0.6131754936758342,0.9218632891049714
2001-10-18,0.0477564782355299,0.0397416060378311,0.934867046706004,4.724175774125808,0.8346829581755066,True,0.7429112857777663,0.7106857781600942,0.9678581542853756,0.9423811987035138,-3.31981146695243,0.8801555872982484,0.9185266729604336
2001-10-23,0.0364040019009994,0.0303705865954319,0.9557862015771222,4.925305796196434,0.8773466761441351,True,0.6863907030676251,0.6562605628349212,0.9668923980687152,0.9371784368987636,-3.4482510132919506,0.8524555072792606,0.9132409797059398
2001-10-26,0.0549761439037858,0.0419588722142893,0.9275337373287093,4.573181855347225,0.85441631522005,True,0.635877538334518,0.6071164275852707,0.9637437052095148,0.9305574671644664,-3.538245480656373,0.9029412441122038,0.9124170008584409
2001-10-31,0.1600092131278085,0.1380518922830205,0.9276009853015484,4.216451518015516,0.8929004454178645,True,0.5978080723179813,0.5695912647610907,0.9608522876168776,0.9275449054247384,-3.5925019636451045,0.8740399776890652,0.9093468390048909
2001-11-05,0.1424523919016697,0.1222695247827003,0.93086166197827,4.275995827113763,0.897999798935381,True,0.5613796178846764,0.5338055255628195,0.9584530375657888,0.9251812969055898,-3.6471814727225977,0.8720409442981709,0.9063623674283533
2001-11-08,0.0957913538230174,0.0783267155572866,0.9240221592094652,4.458191093309443,0.8927107453059278,True,0.5241325567597437,0.4973672207623768,0.9556985672972832,0.9225836527776168,-3.7120622423695457,0.7097039078824242,0.890629690664679
2001-11-13,0.0932592698892839,0.0759814392671422,0.9235234836503348,4.386858357928009,0.8776368763663766,True,0.4896626938101069,0.4636563582427581,0.9531245606055272,0.9189879106647176,-3.766045931614223,0.8166656375522668,0.8847125664156861
2001-11-16,0.0820896521327149,0.0609019877061531,0.8816374274892856,4.145959009143199,0.8530924956107632,True,0.4570568504759156,0.4314360085998296,0.947405589956228,0.9137162774604012,-3.796438977816541,0.7843268902824613,0.8766817123250281
2001-11-21,0.1014218509945787,0.0759952988694114,0.8764376292631778,4.122962085668068,0.857483295212515,True,0.4286060505174087,0.4030007518213962,0.941728153100784,0.9092176388805704,-3.822560826444663,0.6045072111606877,0.8549077522318809
2001-11-27,0.043501004563863,0.0329329958098244,0.9134402406520084,4.468051685821389,0.8125349424330428,True,0.397797646841125,0.3733953313404705,0.939465120104882,0.901483023164768,-3.8742000951948015,0.7853933986907583,0.8493466039485911
2001-11-30,0.0435005286043332,0.0317649350887111,0.9180685734582786,4.564850833266675,0.8611189213855451,True,0.3694538773821817,0.3460648996403297,0.9377533963731538,0.8982538950224304,-3.929452154240552,0.9372272943554677,0.9020750181927171
2001-12-05,0.024458383001772,0.0171987528596245,0.9416858978506046,4.887994045465785,0.8555952972535543,True,0.3418542378317489,0.3197556078978734,0.9401128972596244,0.8948412072009203,-4.006135505538571,0.8942420984511202,0.9014483846133894
2001-12-10,0.0292359589276272,0.022080627208235,0.942442671192736,4.798553251145892,0.8733205825744801,True,0.3168447755194192,0.2959416094427023,0.9415107616194912,0.8931195572308052,-4.069528925187156,0.9418432165897496,0.9256852837992054
2001-12-13,0.0233747987355047,0.0170422654954044,0.9410026282015306,4.7381872975428525,0.8816023624156107,True,0.2933671773767061,0.2736296619269185,0.9414701109460544,0.8921981816455896,-4.123021594975612,0.7514637420962873,0.9117475604629721
2001-12-18,0.01401692593207,0.0096501055041702,0.9555090891530515,5.163302701140119,0.8703059256962663,True,0.2710191572611352,0.2525112974130987,0.9498934978702528,0.8904468011696437,-4.206244083468773,0.9465474706279634,0.9326275065619669
2001-12-21,0.0157124990326639,0.0109116056512434,0.951599323638076,5.136495864047465,0.871721024454805,True,0.2505946246028575,0.2331833220721502,0.9509169933309466,0.8889487390324566,-4.280664225915069,0.7819172008418127,0.9205706821043546
2001-12-27,0.0180107482042183,0.0079541480362576,0.925292179228424,5.201744425796242,0.8437098082188552,True,0.2319879144909664,0.2151649881492788,0.9488670082027448,0.8853296245673685,-4.354350641905563,0.7794277242080273,0.9092792454726484
2002-01-02,0.0154154111951501,0.0103178724682037,0.9420540996072736,5.136796679735463,0.8382644538981144,True,0.214662114227301,0.1987772188947928,0.9483219755151072,0.8815644109138282,-4.416946324931955,0.6565571061336732,0.8890614743255304
2002-01-07,0.0140896057407604,0.0062576121602141,0.9346772164949002,5.4757641991562505,0.7948223260711034,True,0.1986163135483778,0.1833756503560265,0.9472303947934908,0.8746250441264103,-4.501651754869899,0.939915386151247,0.9195738214209603
2002-01-10,0.0097284106654282,0.0039392043458827,0.9429735543113068,5.542071655036923,0.7742497159432389,True,0.1835052813177418,0.169020734675215,0.946889847554916,0.8665950178717566,-4.5848853468832615,0.9411768646435679,0.9325356473545249
2002-01-15,0.0145733347644551,0.0078081729681877,0.9309964616813332,5.365053949528189,0.7578802156914802,True,0.1699907255934789,0.1561237297386528,0.9456183766850296,0.8578978336973345,-4.647298835094856,0.7846806386486712,0.9207072466580567
2002-01-18,0.0118425541327909,0.0057157440439196,0.9181466656414884,5.14512043771976,0.7392645173708732,True,0.1573388718766239,0.1440910908830742,0.9434206398015462,0.8484071683912177,-4.687124563304849,0.9872482089997281,0.9606318240630596
2002-01-24,0.0169900430529506,0.0115862168226129,0.95069824599018,5.1924618916158485,0.7935976897224414,True,0.14611096557073,0.1334907009582373,0.9477872035147266,0.8440224100977156,-4.727551549569729,0.952085144307173,0.9599480896825887
2002-01-29,0.0347030294429897,0.0289765168632893,0.9604848151903992,4.886396496190352,0.8641725254166543,True,0.1371983306805108,0.1251295662306415,0.95540577052013,0.8561124792890789,-4.740259145299379,0.9119718053419101,0.9561099869353344
2002-02-01,0.0669841257674756,0.0590843007924378,0.9647330624890856,4.9354281251289285,0.8634362961547111,True,0.131581194287468,0.1198459449955852,0.9610021457015034,0.8605067694084582,-4.755872663685743,1.0,0.9824439947741338
2002-02-06,0.1430964779013652,0.1345528555943021,0.966837569608017,4.5010512951111465,0.88924007761195,True,0.1384903644558063,0.1286700913548153,0.9645034000454116,0.8777467543305533,-4.602979842540985,0.9097504474404762,0.9766285109874412
2002-02-11,0.0945133997740578,0.0764621733864637,0.938315564340612,4.691735682538099,0.8697637777295201,True,0.1349722072812665,0.1244934579173472,0.9624083731890276,0.8771081162024708,-4.610080309740755,1.0,0.9906514043949765
2002-02-14,0.1099342432851356,0.0873534890018338,0.923162178735752,4.502914208575765,0.8764948083367855,True,0.132969170161576,0.1215222604041061,0.9592686776327656,0.877059051573216,-4.545780649041761,0.7190722545514902,0.9689250724074976
2002-02-20,0.1561854560078483,0.1260497341323664,0.915130439145032,4.360556537132108,0.890436360393309,True,0.1468989416693394,0.1242387446410623,0.955737618553747,0.8850854368652717,-4.434646181895969,0.8223731652989913,0.957200919838817
2002-02-25,0.1507257211402861,0.1151622175507251,0.8963666681164904,4.359162718862508,0.920128092573558,True,0.1491950093519074,0.1235126224738353,0.9509879425187664,0.9061110302902436,-4.389356104075892,0.8588077761603506,0.9493294683445398
2002-02-28,0.0741603445707352,0.0564259924903879,0.894285823917071,4.429020337218945,0.8942639507017909,True,0.1431922361694136,0.1181456920751595,0.9464517730306308,0.9051632639231671,-4.392529242727337,0.6845379040433666,0.928146143200446
2002-03-05,0.047023237889418,0.0321178948023212,0.8938237058215172,4.718297048015608,0.8254492177488485,True,0.135498716307014,0.1112634682933324,0.9422415276539016,0.8987861402292218,-4.418590667150398,0.7700586609867451,0.91549914462335
2002-03-08,0.0397017980354787,0.0277037991892946,0.9138897558118853,4.682669633892929,0.8058884568344683,True,0.1278349628452912,0.1045786947650094,0.9399733859065404,0.8913543255576415,-4.4397169844898015,0.8744550075390166,0.9122156136566034
2002-03-13,0.0629197014234777,0.0463721157438694,0.9080370090564128,4.5314327771109255,0.820052259826032,True,0.1226417419315461,0.0999221684433182,0.9374184757585302,0.8856501602991127,-4.447054247899492,0.711018772370304,0.8961198663536996
2002-03-18,0.0448077633695845,0.0294299262800271,0.9046099712760576,4.76659315875431,0.7848225545990858,True,0.1164150236465892,0.0942827890702549,0.9347937953999323,0.8775839518431107,-4.472617360767877,0.8554291679735491,0.8928646104832876
2002-03-21,0.0112983491927578,0.0063075611522663,0.9112891990458168,4.935885068893261,0.7246797655746375,True,0.1080056896902827,0.0872447708368159,0.9329134276916032,0.8653516169416329,-4.509678777417909,0.8805043586438269,0.8918757903361307
2002-03-26,0.0036822117228921,0.0018410662491132,0.9253432275054484,5.12476179817256,0.7016287670115188,True,0.0996598114528914,0.0804124744697997,0.9323078116767108,0.8522537889472237,-4.5588854190782815,0.875460113376275,0.8905625361793423
2002-04-01,0.007296498655478,0.0021014189071549,0.9069089071177374,5.298367679543542,0.6715367990250114,True,0.0922707464290984,0.0741475900247881,0.930275899311993,0.8377964297534468,-4.618043999915502,0.5893098223738229,0.8664623190749008
2002-04-04,0.0099974899755919,0.005332912849612,0.9485738666344232,5.251674829700463,0.6552797179099005,True,0.0856888859128179,0.068642415850774,0.9412546797054512,0.8231950928059631,-4.668734466298298,0.7255866260341114,0.8551922636316376
2002-04-09,0.0182854235507348,0.0128578094277586,0.954141766042597,5.087649981011979,0.7157146109126081,True,0.0802966089238512,0.0641796473369328,0.9489869315077386,0.8145966542544948,-4.702247707475393,1.0,0.942076905452655
2002-04-12,0.0483449148171841,0.0428944841636636,0.9708304682555712,4.899764934518044,0.8184977693074859,True,0.0777404733953178,0.0624768342830712,0.962093053556438,0.8169373232862894,-4.718049085638805,1.0,0.976830762181062
2002-04-17,0.0804769426863968,0.0777674028861385,0.9861242515449388,4.516529077420602,0.8325442067436867,True,0.0793823549699652,0.0716511754449116,0.9765117723495385,0.8263014533607278,-4.597137080707883,1.0,0.9907323048724248
2002-04-22,0.1332101996869513,0.1278105999763133,0.9760682826176648,4.219793272300238,0.862048180883956,True,0.1116790618001569,0.1053468301637526,0.9764762931709886,0.8477494898746647,-4.370730795663296,1.0,0.9962929219489699
2002-04-25,0.1744936044509538,0.1620525407525795,0.9591642617778032,4.2674069477838605,0.8631644307236971,True,0.149367787390635,0.1393702565170488,0.9750913306595338,0.8569984543840841,-4.308736486935635,1.0,0.998517168779588
2002-04-30,0.2000485480260223,0.17442322682337,0.931352726544615,4.278817633255386,0.8998656901063861,True,0.1797762437718674,0.1604020387008415,0.9715922423303404,0.8827187958174653,-4.290785174727485,1.0,0.9994068675118352
2002-05-03,0.1033574423515011,0.0963714382539196,0.9728692060255324,4.874569356806774,0.8565845279213631,True,0.1736627396582381,0.1552795906650877,0.9723584205474556,0.8806280543857771,-4.337487909293829,1.0,0.9997627470047341
2002-05-08,0.1057202416730718,0.0979073469520972,0.9684882983667152,4.740958529404224,0.8767473733606698,True,0.1682273398194248,0.1506898111680485,0.9720488107729964,0.8803175999037686,-4.369765558902661,0.9496131434355053,0.9957507787191959
2002-05-13,0.064382994165436,0.0560711335050995,0.953790843921796,4.812816068550929,0.8728404112816504,True,0.1599197921671057,0.1431203169550126,0.9705881734249004,0.8797194248139991,-4.405209599674523,0.9496131434355053,0.9920597678965007
2002-05-16,0.0746592727822871,0.0658565534619996,0.9595122542387248,4.703624926597017,0.8762237574059113,True,0.1530989506163203,0.1369392158755716,0.9697020998900064,0.8794397714213521,-4.429082825828322,1.0,0.9968239071586003
2002-05-21,0.0577727237902046,0.0515009850990507,0.968805856187642,4.750198676166217,0.871269980730111,True,0.145472852470231,0.1301041574134499,0.9696304003938172,0.8787861881660528,-4.454772093855354,1.0,0.9987295628634401
2002-05-24,0.0339981256496373,0.0316436059956416,0.985679475801922,4.925430585542482,0.8687813920470516,True,0.1365548743245835,0.1222273133000252,0.97925984563868,0.8779858044765327,-4.492424773190324,1.0,0.999491825145376
2002-05-30,0.0668075307077036,0.0621182152081604,0.9792211333569464,4.498646492780946,0.8669426793167762,True,0.1309750868352332,0.1174185854526761,0.9792567486561414,0.8771023544637523,-4.492922510757574,0.9324626072849906,0.9941294877165453
2002-06-04,0.08247513786418,0.0780564012421205,0.9806926886884902,4.503891381855716,0.8941807801579471,True,0.1270950909175489,0.1142696107158316,0.9801183126755508,0.8873494098802692,-4.493800020445426,1.0,0.9976517950866182
2002-06-07,0.0760398030161016,0.0751853072682584,0.996274760401456,4.392295623948562,0.8934289636693508,True,0.1230106678854331,0.1111428664400258,0.989812181311094,0.8909971421537182,-4.432897382547308,1.0,0.9990607180346472
2002-06-12,0.0338087603165782,0.0330064057043443,0.9953042465369892,4.713945522346241,0.8681458923257345,True,0.1158745152799247,0.1048919495811712,0.993107420446631,0.8891690421674795,-4.455381233731223,1.0,0.9996242872138589
2002-06-17,0.1809276908219714,0.1739292513536403,0.973202903923266,4.155950913493603,0.8998472592495609,True,0.1549064206051528,0.1463143306446527,0.991515059124762,0.8955759724167283,-4.275723041588651,0.9113075886194355,0.992558951326305
2002-06-20,0.206767986195021,0.1994549024382316,0.977381724436044,4.183234921817261,0.90215490154496,True,0.1860233599590737,0.1781986737208,0.9903843923496644,0.8995233298936675,-4.220230169725817,1.0,0.997023580530522
2002-06-25,0.1752478606678532,0.1540794230853131,0.9320167178386842,4.19295417580678,0.897414752321086,True,0.1851613200157761,0.1762691336699611,0.985714978388786,0.899354643687861,-4.203864573374395,1.0,0.9988094322122087
2002-06-28,0.15851286490243,0.142778784829997,0.9337093608788596,4.096801503105344,0.9302813515710012,True,0.1830294436067084,0.173589905762764,0.981554528987992,0.9179106684177452,-4.139626731212965,0.8508707258637664,0.9869743357043335
2002-07-03,0.2226498917015773,0.2147955116237343,0.9801279512936534,4.088289686013943,0.9241837301051856,True,0.2068017124636297,0.1983132692793462,0.9814404027724448,0.9216745054302092,-4.108824504093552,0.9423344794540981,0.9834031472043148
2002-07-09,0.2442409859836244,0.2310542388857381,0.9618124448041528,3.7615116748606,0.9416449071016186,True,0.2292652765756265,0.2179578510431813,0.9798701661349816,0.933656746433055,-3.9004368065537807,0.9556593016472117,0.9811836395597465
2002-07-12,0.1971793278808533,0.1828276208812629,0.9489196742412418,3.806435828760169,0.9447298874144432,True,0.2266984006800447,0.2151474326302279,0.9773941267834824,0.940300631021888,-3.8440362198776135,0.9565731297112992,0.9792147987718708
2002-07-17,0.1309028765729668,0.1208590245369392,0.959090211801165,4.080337726476558,0.9264166668409718,True,0.2190347587514785,0.2076043599827648,0.975929813584897,0.9391899138874148,-3.862940340405529,1.0,0.9916859195087483
2002-07-22,0.2128143913796413,0.2060070183172153,0.981652359891551,4.090497092390467,0.9244142840653726,True,0.2185371293617315,0.2074765726495208,0.9793633413688894,0.9380078635016512,-3.881144880564324,1.0,0.9966743678034993
2002-07-25,0.0791022322765182,0.0556937308816988,0.8702543315007986,4.114514943280784,0.9049025648736618,True,0.2073823375949144,0.1953339453080951,0.9706346205794422,0.9353594396114122,-3.899814485581641,0.6995877641205658,0.9729074395088646
2002-07-30,0.0821248278992775,0.062898650618102,0.90196270245712,3.921151207096345,0.9124179103173324,True,0.1973617368192635,0.1847391217328957,0.9651408671296564,0.933524117267886,-3.9015214233028175,0.8050260901965026,0.9594769315638756
2002-08-02,0.1021969342956936,0.0830501663485086,0.914873362126915,4.157597877614712,0.8917231935888927,True,0.189748552617378,0.1766040053021447,0.9611194667294372,0.9301800433735664,-3.922007539647769,0.8538665934991306,0.951028104518696
2002-08-07,0.0774965712379767,0.0658908206701031,0.945052006799138,4.37011067640487,0.8818228749099828,True,0.1807683941070259,0.1677469505315814,0.9598340699350132,0.9263114698964798,-3.957855790588338,1.0,0.9804112418074784
2002-08-12,0.1022452969891795,0.0877585190182676,0.9417631104372792,4.220573358310953,0.8951040959138443,True,0.1744865463375982,0.1613478760105163,0.9583883931751946,0.923814879977869,-3.978873196006147,1.0,0.9921644967229913
2002-08-15,0.1099191799520691,0.0903659422304754,0.9201432203871291,4.01679086871673,0.8975074694247085,True,0.1693211570267559,0.155669321308113,0.9553287793521494,0.9217102871336162,-3.981906609822994,1.0,0.9968657986891966
2002-08-20,0.1003165814479333,0.0849125034438003,0.9239800275059846,4.118801006097467,0.8733268396592527,True,0.1638007909804501,0.150008775878968,0.9528208792044562,0.9178396113356672,-3.992858161524952,0.8016879769403998,0.9812515729492929
2002-08-23,0.1667805870686016,0.1620338059725271,0.9844544322696532,4.149579111343779,0.8849842746456877,True,0.165588668633341,0.1572237939351035,0.9718010110435744,0.9152111844004688,-4.005395837510458,1.0,0.9925006291797172
2002-08-28,0.1975370614611069,0.1746461768319069,0.932817465633882,4.086290793273544,0.8739584245871116,True,0.1847577043300005,0.1676772236731855,0.9686823274107992,0.9119109636154004,-4.0118674339715055,1.0,0.9970002516718869
2002-09-03,0.3877793679745526,0.3877793679745526,1.0,3.5578550448375044,0.9126402687873266,True,0.3065707025167318,0.2997385102540058,0.9874729309643197,0.912348546718556,-3.7394600004911047,1.0,0.9988001006687548
2002-09-06,0.5837202815598604,0.5837202815598604,1.0,3.422894693487778,0.921319377070554,True,0.4728604499426089,0.4701275730375185,0.9949891723857278,0.9177310449297548,-3.549520816289109,1.0,0.999520040267502
2002-09-11,0.6118066229744631,0.6118066229744631,1.0,3.2833955458362083,0.9300605093786272,True,0.5562281537617214,0.5551350029996853,0.9979956689542911,0.9251287235990784,-3.3898456540173685,1.0,0.9998080161070008
2002-09-16,0.6946309548133194,0.6946309548133194,1.0,3.1155895275943117,0.9309405051010434,True,0.6392698343926801,0.6388325740878658,0.9991982675817164,0.9286157925002574,-3.2252919781635345,1.0,0.9999232064428003
2002-09-19,0.5336899995176017,0.5306504198243682,0.9942864166541628,3.099892944412135,0.937501407867769,True,0.630823447602674,0.630178001746786,0.9988053195075122,0.9339471617207644,-3.150052557912695,1.0,0.9999692825771201
2002-09-24,0.4881787970262062,0.4843511854192415,0.9922975031724748,3.144500940222846,0.9341539171589668,True,0.6194118755565565,0.6185118564405825,0.9982846942007092,0.9340712149836858,-3.146721587298785,1.0,0.9999877130308481
2002-09-27,0.9182207502788275,0.9182207502788275,1.0,2.8127739998148003,0.9563506673507488,True,0.7986972003899191,0.7983371927435295,0.9993138776802836,0.9474388864039236,-2.9463530348083946,1.0,0.9999950852123393
2002-10-02,0.7962498773323289,0.7962498773323289,1.0,2.9139372949548608,0.9508030926409916,False,0.798501414545312,0.7981702075106335,0.9997255510721136,0.9494574101461644,-2.9269035908962744,1.0,0.9999980340849357
2002-10-07,0.7470294870920655,0.7470294870920655,1.0,3.0647785273920367,0.9484540267383192,False,0.7943836603490523,0.7940789498771481,0.9998902204288452,0.9493771394735367,-2.9379335858159354,1.0,0.9999992136339743
2002-10-10,0.6420192019263558,0.6420192019263558,1.0,3.112363460512474,0.9296058758977822,False,0.7821945036752366,0.7819141700410848,0.999956088171538,0.9477954383874764,-2.9518879757916587,1.0,0.9999996854535897
2002-10-15,0.6066836056030572,0.6066836056030572,1.0,2.8064330625573577,0.9404140203598136,False,0.7681536318294623,0.7678957248860426,0.9999824352686152,0.9472049249452634,-2.864615027851078,1.0,0.9999998741814359
2002-10-18,0.6356534596953959,0.6356534596953959,1.0,3.004089112558165,0.9458222502658936,False,0.757553618058737,0.7573163436707909,0.999992974107446,0.9470943109709138,-2.8757729546276454,1.0,0.9999999496725743
2002-10-23,0.5811350367425161,0.5811350367425161,1.0,3.2689945459872765,0.9391306897618804,False,0.7434401315534394,0.7432218391165291,0.9999971896429783,0.9464572212741912,-2.907230681936416,1.0,0.9999999798690298
2002-10-28,0.4715759637092659,0.4715759637092659,1.0,3.582307158680888,0.934803479983118,False,0.7216909981259055,0.721490169083948,0.9999988758571914,0.9455249219709052,-2.961236800075974,1.0,0.9999999919476119
2002-10-31,0.452567560335128,0.452567560335128,1.0,3.665617064710034,0.9192515877614296,False,0.7001611231026433,0.6999763603840424,0.9999995503428766,0.9434230552341474,-3.017587221246699,1.0,0.9999999967790447
2002-11-05,0.4613796261920155,0.4613796261920155,1.0,3.6008745107875337,0.910145137425695,False,0.6810586033497932,0.6808886216486804,0.9999998201371506,0.9407608218094712,-3.0642502044099658,1.0,0.9999999987116179
2002-11-08,0.3338872351982898,0.332254999791061,0.9957078524853464,3.71343009559082,0.893549228684328,False,0.6532848938976729,0.6529979319000708,0.9996564627250064,0.9369838943594598,-3.1161845957044343,1.0,0.9999999994846471
2002-11-13,0.0607319139129067,0.0515868114112163,0.9377870824822776,4.491881738047454,0.81499811662893,False,0.6058806554988916,0.6048850422609625,0.994706912305588,0.9272250321410176,-3.226240367091876,1.0,0.9999999997938589
2002-11-18,0.050757629418838,0.0439660860715188,0.9458345203780129,4.516809865269476,0.8293503981932183,False,0.5614708134124873,0.560011525765807,0.990797120951382,0.9193950614251936,-3.329485926946084,1.0,0.9999999999175435
2002-11-21,0.0718906934931244,0.0633500187650853,0.9436509627227496,4.345477008509374,0.8405929094381206,False,0.5223044038189383,0.5202786052057493,0.9870254282930916,0.9130908892662276,-3.4107652134711475,0.9326315937172569,0.9946105274215206
2002-11-26,0.0693464568290373,0.0611459831459331,0.938297263765599,4.1949185384176895,0.8468136866021629,False,0.4860677680597462,0.483547995440964,0.9831271751308922,0.9077887130531026,-3.473497479466871,0.7990018615654076,0.9789618341530315
2002-12-02,0.1212686397490485,0.1039728076075658,0.9256689801174948,4.119616548543576,0.8488442003099572,False,0.4568838377948904,0.4531819804142922,0.9785305195298204,0.903073152033651,-3.525187004993008,0.9014074968570991,0.972757487169357
2002-12-05,0.156851414116927,0.1524404076711694,0.9817956272156908,3.871185472317744,0.8845484080326835,False,0.4328812439006533,0.4291226545948424,0.9804895841413428,0.9015911725135736,-3.552866882378986,1.0,0.9891029948677428
2002-12-10,0.2208947453757898,0.2162540159063311,0.9805670440707186,3.7330205032565447,0.8792176015168867,False,0.4159223240186642,0.4120931634997615,0.9805360600989682,0.8998012868338388,-3.5672791720491914,1.0,0.9956411979470972
2002-12-13,0.2626305803396574,0.251453893261489,0.9684119148367504,3.784984142677819,0.8759879784230674,False,0.4036589845243437,0.3992420218806997,0.9795661284779908,0.8978962221609771,-3.584695569699482,1.0,0.9982564791788389
2002-12-18,0.3028119674786309,0.2978179444822027,0.9850638385579584,3.524789985491738,0.9016683156188244,False,0.3955912231606867,0.39112809568882,0.9828647545259714,0.9001594782356854,-3.548752219174836,1.0,0.9993025916715356
2002-12-23,0.2854926841942647,0.2761681380276162,0.9728872164819284,3.643859352367126,0.8918532547482383,False,0.386783340043373,0.3819312990759237,0.982066551482448,0.8994949803566897,-3.55636078983022,1.0,0.9997210366686142
2002-12-27,0.3864241687611803,0.3646113796008651,0.9586138238870856,3.670128743992034,0.908500983096299,False,0.3867546063407976,0.380545705517919,0.9801903332748192,0.9048985820004554,-3.565462226163165,1.0,0.9998884146674457
2003-01-02,0.386666285021257,0.3735052651130747,0.9698882188236922,3.2581948050824696,0.9199585777882509,False,0.3867475406352344,0.3799824702855315,0.9793661641187288,0.9139345794731326,-3.3811017735147475,1.0,0.9999553658669783
2003-01-07,0.3057971654290611,0.298867357517901,0.9802339101433944,3.3819837268201884,0.9202395635424572,False,0.3802715106187406,0.3734932612641211,0.9798868117335282,0.9177175699147272,-3.381172329779183,1.0,0.9999821463467913
2003-01-10,0.328176051928956,0.328176051928956,1.0,3.4941491952710497,0.9047798890980964,False,0.3761038739235578,0.3698678845173079,0.9919547246934112,0.9166825554493968,-3.390210479018533,1.0,0.9999928585387166
2003-01-15,0.2664610364298713,0.2664610364298713,1.0,3.5561942142905534,0.8998177642743426,False,0.3673324469240629,0.361595336670313,0.9967818898773644,0.9153333721553926,-3.4034891778402945,1.0,0.9999971434154866
2003-01-21,0.2252981269011866,0.2240837236801948,0.9959103276543768,3.6196080230144,0.896713041878229,False,0.3559697013222328,0.3505944076311035,0.9967121648995256,0.9138437457332196,-3.420778685454223,1.0,0.9999988573661946
2003-01-24,0.1968724373434574,0.1955481976037046,0.9948954786319572,3.583650753754955,0.9019480589941962,False,0.3432419202039308,0.3381907108289116,0.99656682999812,0.9128920907940976,-3.4338084509182814,1.0,0.9999995429464779
2003-01-29,0.378771597507925,0.378771597507925,1.0,3.57838366643778,0.892956578065205,False,0.3645597265863273,0.3625392428363196,0.998626731999248,0.9112972497757864,-3.4453744681598413,1.0,0.9999998171785911
2003-02-03,0.356974985617345,0.356974985617345,1.0,3.557451435191417,0.8812454219421226,False,0.3639529473088088,0.3620941022588017,0.9994506927996992,0.9088931035490933,-3.4543406255223674,1.0,0.9999999268714365
2003-02-06,0.4365282479107844,0.4221622550796203,0.963853096618401,3.189471152151508,0.903051258520678,False,0.4074981276699941,0.3981349939512928,0.9966028851051956,0.90842575594682,-3.295418941499852,1.0,0.9999999707485746
2003-02-11,0.456673174724121,0.4429134481286957,0.9670909785113804,3.138488106896376,0.915256575278453,False,0.4370031559024702,0.4250020664577345,0.9942419325776904,0.9125242475458,-3.2012604407377663,1.0,0.9999999882994298
2003-02-14,0.4429552712329397,0.4308536953634239,0.9673353372845952,3.1561311003656742,0.9167939791361692,False,0.4405744251007519,0.4285130438011482,0.9920894049542428,0.9150860865000214,-3.174182836514511,1.0,0.9999999953197719
2003-02-20,0.5821406109383354,0.5821406109383354,1.0,3.065644157593426,0.9225673260657076,False,0.525514136603302,0.5206895840834604,0.9968357619816972,0.9195748302394332,-3.10905962916186,1.0,0.9999999981279087
2003-02-25,0.5792228525589127,0.5792228525589127,1.0,3.0387388000244355,0.9191576344404456,False,0.5577393661766684,0.5558095451687318,0.9987343047926788,0.9195414545755144,-3.0668671316794054,1.0,0.9999999992511635
2003-02-28,0.7365219996048968,0.7365219996048968,1.0,2.793247329313111,0.945934117665573,False,0.6650089462336055,0.6642370178304309,0.9994937219170716,0.9353770524295496,-2.9026952502596286,1.0,0.9999999997004654
2003-03-05,0.4686173550702579,0.4686173550702579,1.0,2.9682757781229148,0.928364803390466,False,0.6492976189405377,0.648587444809617,0.9997974887668286,0.9348160725064228,-2.9079416924886914,1.0,0.9999999998801862
2003-03-10,0.5001955674452239,0.5001955674452239,1.0,3.15396024797236,0.91841580002056,False,0.6373694548209126,0.6367160946204655,0.9999189955067316,0.9335040507075538,-2.927623176927385,1.0,0.9999999999520744
2003-03-13,0.7833589292235072,0.7833589292235072,1.0,2.8898552789147995,0.9435744474761296,False,0.7249631394624694,0.7247017953822905,0.9999675982026924,0.9395462887686994,-2.9049624381198336,1.0,0.9999999999808298
2003-03-18,0.3144688547220627,0.3129343283350765,0.9962034250693882,3.606118229817652,0.8939161330056475,False,0.6921235966832369,0.6917603980185134,0.9996664643520282,0.9358958763076553,-2.961054901455659,1.0,0.9999999999923319
2003-03-21,0.3349596592696239,0.3304150002250223,0.9875659593595624,3.4294607406694144,0.8974442368665145,False,0.6635504816901479,0.6628527661950341,0.998698423952631,0.932819745152364,-2.99852736859276,1.0,0.9999999999969328
2003-03-26,0.3937735034626188,0.3858581509586589,0.9799167167121604,3.3345160108060123,0.9029271360632805,False,0.6419683234319455,0.6406931969761241,0.9971958873733934,0.9304283364252376,-3.02540645996982,1.0,0.9999999999987731
2003-03-31,0.5211498081783597,0.509767078737901,0.9756609618733268,3.163379163016453,0.9140414284544868,False,0.6323028422116588,0.6302191075170663,0.995473093333388,0.9291173837875776,-3.0364442762135506,0.9003901008146251,0.9920312080640413
2003-04-03,0.4051368831963696,0.3923924383108585,0.969812567225824,3.5030997339552283,0.8917074117319314,False,0.6141295654904356,0.6111929739805697,0.993420251244783,0.926124586023126,-3.073776712832885,1.0,0.9968124832256166
2003-04-08,0.4413590219564531,0.4353329977390585,0.9861277706913848,3.4953638630047643,0.89289593949381,False,0.600307922007717,0.5971241758812489,0.9928368528005111,0.9234662943007806,-3.1075036848466357,1.0,0.9987249932902467
2003-04-11,0.565563210321149,0.5602189742180347,0.9901456068600402,3.3739424796241027,0.8898133144298339,False,0.5975283450727915,0.5941717597481918,0.9926215531252736,0.920774055911105,-3.1288187884288328,1.0,0.9994899973160987
2003-04-16,0.7167955414273103,0.7167955414273103,1.0,3.0207438464568126,0.9027826572386431,False,0.6690886628855028,0.6677460287556629,0.9970486212501094,0.919334744017308,-3.063973823245621,1.0,0.9997959989264394
2003-04-22,0.311069326140085,0.311069326140085,1.0,3.7774450301569305,0.8273085933295719,False,0.6404471159458694,0.6392118925464167,0.9988194485000438,0.9119726519622892,-3.1210515197985256,1.0,0.9999183995705758
2003-04-25,0.3333817219047714,0.3333817219047714,1.0,3.662179548928316,0.8198334498902976,False,0.6158818844225816,0.6147454788950851,0.9995277794000176,0.90460151579653,-3.164341762128909,1.0,0.9999673598282304
2003-04-30,0.1087940338999444,0.1056831310334323,0.9870216042999176,4.457974786496207,0.7884800024290842,False,0.5753148563807707,0.5740204910661529,0.9985272853920096,0.8953117947271343,-3.267832404078293,1.0,0.9999869439312922
2003-05-05,0.0573283633592788,0.0536851577310176,0.9745491878697206,4.4821190036314285,0.7507146539649883,False,0.5338759369390513,0.5323936643993421,0.9966090375902265,0.8837440234661627,-3.364975332042544,1.0,0.9999947775725169
2003-05-08,0.1281324924340906,0.1183951664017596,0.9578460526393936,4.298954715609348,0.8007008655934853,False,0.5014164613786545,0.4992737845595355,0.99350799879416,0.8771005708363485,-3.439693682727889,0.7215507874902993,0.9777192583659395
2003-05-13,0.099289608934723,0.0854656832293873,0.9434439944985792,4.61136718983481,0.7547489546201266,False,0.46924631318314,0.4661691364531237,0.9895028784505135,0.8673124415390508,-3.5334275632964425,0.9372001822251265,0.9744777322746745
2003-05-16,0.0694624007783986,0.0600921808682434,0.9580844837702046,4.9708824483306655,0.7375114329864619,False,0.4372636001907606,0.4336829800063333,0.9869894068760888,0.8569283608548438,-3.64842395409918,1.0,0.9897910929098698
2003-05-21,0.3177984353896815,0.3019775698827577,0.9662516758317612,4.028661441817329,0.8323336330419383,False,0.4277063870066743,0.4231465471964473,0.9853303883925428,0.8549607826298115,-3.678842953116632,1.0,0.995916437163948
2003-05-27,0.3771987407552235,0.3638099199888352,0.9715529475234488,3.765084037985272,0.8540016459472861,False,0.4236657753065583,0.4183996170198383,0.9842281931230152,0.8548840516952094,-3.685742239906124,1.0,0.9983665748655792
2003-05-30,0.6646481638449948,0.641439630880321,0.9642574670303208,3.343361187617984,0.891804449234626,False,0.5682552084296202,0.5522236253361279,0.9826305350355996,0.8770362902188593,-3.48031360853324,1.0,0.9993466299462317
2003-06-04,0.8180782522510817,0.7890276444895362,0.9619723330083012,3.182880990159135,0.9035585502690936,False,0.718149034722497,0.6943060368281728,0.980977878873416,0.8929496462489999,-3.301854037508777,1.0,0.9997386519784927
2003-06-09,0.6377010796353727,0.6229714589783181,0.9757873516824976,3.246866056742792,0.9034208298975888,False,0.711713198315527,0.6885992706001844,0.9805626366981424,0.8992323564381531,-3.268861249049186,0.911896359903427,0.9927112686124875
2003-06-12,0.7442151148523406,0.7335686064976888,0.9842769441164816,3.181124456839737,0.919472659486044,False,0.7312143482376152,0.7155808721386872,0.982791221149146,0.9113765382668876,-3.216219173723517,1.0,0.997084507444995
2003-06-17,0.2621916057137012,0.2551255651870786,0.975481744819138,3.7991216006538338,0.8664159446632559,False,0.6936925288357022,0.6787444475825585,0.9822064630427452,0.9077796907785972,-3.2628513678779423,1.0,0.998833802977998
2003-06-20,0.2854297700518688,0.2809016294199888,0.9867407834045973,3.730232242505342,0.8609368538965083,False,0.6610315081329956,0.6469170221295529,0.9849270552598564,0.90403226382803,-3.300241837848134,1.0,0.9995335211911992
2003-06-25,0.2066142713944566,0.1974471727001648,0.9719892577428528,3.951513141182748,0.8181502250080595,False,0.6246781291939125,0.6109594341752019,0.983892031458496,0.8971617007224324,-3.352343542114904,0.8918957224005353,0.9909224972879461
2003-06-30,0.2152309882204292,0.201517940668717,0.9619810934491094,4.055194797594899,0.7801689800635476,False,0.5919223579160339,0.5782041146946832,0.9821391564177452,0.8878022830697216,-3.408571642553304,1.0,0.9963689989151785
2003-07-03,0.182139077388659,0.1679453132073631,0.9594494329312316,4.233737899451479,0.7607773327844238,False,0.5591396954738439,0.5453834105756976,0.9803239785388242,0.8776402870468978,-3.4745849431051576,0.8703570794580712,0.9862880453586099
2003-07-09,0.1123277188743579,0.089493587708733,0.925794742107185,4.678483853508657,0.7422678126623867,False,0.523394737345885,0.5089122247463405,0.9759616396242932,0.8668104890961369,-3.5708968559374377,0.8725311633869347,0.977187494800876
2003-07-14,0.1551170137777916,0.1272904076991361,0.9237767406372104,4.558735187255377,0.7695262541402028,False,0.4939325194604376,0.4783824793825641,0.9717868477053266,0.8590277502996622,-3.649923922442873,0.8725311633869347,0.9688149882877607
2003-07-17,0.1647852675468246,0.1481230815843364,0.951043613083449,4.484462769685037,0.7795519580155392,False,0.4676007393073486,0.4519617275587059,0.9701273889355764,0.8526696869169323,-3.7166870302222463,1.0,0.9875259953151043
2003-07-22,0.1437369932274405,0.1201307995022324,0.9204287984984324,4.551710146422582,0.7823584159105218,False,0.4416916396209559,0.4254152533141881,0.9661515017006048,0.8470447852364196,-3.7834888795182735,0.8079751261478615,0.9731619257817249
2003-07-25,0.0584713756628958,0.0412887660549964,0.8711743891457187,4.455579741260595,0.8022103336756161,False,0.4110340185043111,0.3946851343334527,0.958553332696214,0.8434580291115554,-3.83725614845766,0.5296848752573129,0.937683761739772
2003-07-30,0.0402495629761821,0.0194479210200369,0.8571395988761338,4.845531663846227,0.8107490782194207,False,0.3813712620620608,0.3646661572683795,0.9504402339906076,0.8408413130401847,-3.917918189688745,0.4737919926514452,0.9005724202127059
2003-08-04,0.0229924687677999,0.011693629340308,0.8995751921043758,5.071100807463317,0.7865816428955791,False,0.3527009585985199,0.3364283550341337,0.9463710306397092,0.8365005394286162,-4.010172799110711,0.6842527475172496,0.8832668463970694
2003-08-07,0.0238926143753184,0.0161569409641883,0.9259778302038096,4.969682868830996,0.808606359531648,False,0.3263962910606638,0.3108066419085381,0.9447395746048374,0.8342690050368589,-4.086933604688334,0.8254521830675345,0.8786416733307068
2003-08-12,0.0181008294935117,0.0121188330464256,0.9361025947260526,4.947118676409049,0.7919669273489077,False,0.3017326541352917,0.2869116171995691,0.9440486162145346,0.8308848388218228,-4.155748410425992,0.9032494209142395,0.8934063218808264
2003-08-15,0.0180183433549733,0.0106974621798368,0.9242851370874288,4.856836220373419,0.7904508611459802,False,0.2790355092728662,0.2648144847979905,0.9424675378843662,0.8276501206077554,-4.211835435221786,0.8576752402682739,0.8905478353518222
2003-08-20,0.0193751358270392,0.0128528269699272,0.9377665670487508,4.897280220086498,0.7838684353003181,False,0.2582626793972001,0.2446575521717454,0.942091460217517,0.8241475857831605,-4.266671018010964,1.0,0.9562191341407289
2003-08-25,0.0412573957971269,0.0344828448341815,0.9512205208108911,4.688310524201985,0.8045010914081815,False,0.2409022567091942,0.2278435755847404,0.9475688965735416,0.8225758662331623,-4.300402178506246,1.0,0.9824876536562915
2003-08-28,0.0653999844714345,0.0616501334921556,0.982676409311136,4.547032996385008,0.7864230806317358,False,0.2268620749301735,0.2145481002173336,0.9686334042160982,0.8196836433850482,-4.320132643936547,1.0,0.9929950614625166
2003-09-03,0.1007779587943425,0.08655564850318,0.9345612148119332,4.456152990675736,0.7992156356621534,False,0.216775345639307,0.2043087040802013,0.965907629063765,0.8180462027672166,-4.331014271675682,0.9257276961035283,0.9876136722337976
2003-09-08,0.2490300603413539,0.2317548191716002,0.953200456975656,4.079798072551661,0.8520034381092294,False,0.2361281744605351,0.2207763731350407,0.9648910552967164,0.8384205439724243,-4.180284552201269,0.9168339330214671,0.9819512930968112
2003-09-11,0.3715293082292575,0.3465280189038021,0.9522952683240824,3.880406526436102,0.8525405095182753,False,0.3173688547217685,0.2962273605962975,0.9638833923389056,0.8468925232999349,-4.000357736742169,1.0,0.9927805172387245
2003-09-16,0.2943636579385962,0.2796382957916465,0.9654966438250784,3.895928881851725,0.8512222882644717,False,0.3155284389791148,0.2949002354119254,0.9648513432306092,0.8494903822786569,-3.937700423807902,1.0,0.9971122068954898
2003-09-19,0.3210951043185913,0.3150680331905832,0.9870896197183922,3.7698467988991142,0.8726064465521394,False,0.3188684381828007,0.3070009140791201,0.978194309123279,0.8633600208427464,-3.83698824886263,1.0,0.9988448827581959
2003-09-24,0.4858590289084522,0.4835317171050969,0.9961616041267716,3.389580070987221,0.9076587593000152,False,0.4190627926181915,0.4129193958947061,0.9889746861253744,0.8899392639171078,-3.568543342137384,1.0,0.9995379531032784
2003-09-29,0.4640812387380497,0.4570780607470504,0.9881735215483975,3.6190139646431017,0.8928883946043756,False,0.4460738602901064,0.4394145948061126,0.9889105929592164,0.8917087423294685,-3.572580991937842,1.0,0.9998151812413114
2003-10-02,0.413247670332695,0.413247670332695,1.0,3.6853058364534936,0.8692907004408865,False,0.4434477650935135,0.4373212408482392,0.9955642371836866,0.889915298978382,-3.5815989794990943,1.0,0.9999260724965245
2003-10-07,0.4585320474138402,0.4585320474138402,1.0,3.5224626439751536,0.8890437588308239,False,0.4524983344857095,0.4500477247875998,0.9982256948734748,0.8898455757665773,-3.54611717818473,1.0,0.9999704289986098
2003-10-10,0.5476849061602044,0.5476849061602044,1.0,3.2838578634908435,0.9021453674725894,False,0.5096102774904064,0.5086300336111625,0.9992902779493898,0.8972254507901846,-3.388761589368398,1.0,0.9999881715994439
2003-10-15,0.5167941809243077,0.5167941809243077,1.0,3.317468452731695,0.9022934797422272,False,0.5139206195507472,0.5135285219990496,0.999716111179756,0.90026626816141,-3.3459857073863764,1.0,0.9999952686397775
2003-10-20,0.275403794214857,0.2728867806988861,0.9921352910556216,3.570002486994181,0.9068547824241572,False,0.4948392735238759,0.4942771826950365,0.9991096455698252,0.9042193767190584,-3.363907049755001,1.0,0.999998107455911
2003-10-23,0.3508681375207369,0.3451837905342844,0.9837656702790192,3.3243791272871723,0.9173912382893904,False,0.4833215826436249,0.4823497113221764,0.9978821275465608,0.9121224936612576,-3.340190296274304,1.0,0.9999992429823644
2003-10-28,0.462632702688574,0.4348493787269384,0.9482127111088988,3.436714887985041,0.9050637802079834,False,0.4816664722472208,0.4785496847145574,0.993908574231548,0.9115577965849956,-3.347912263611163,1.0,0.9999996971929458
2003-10-31,0.3567808617021413,0.3380700367169469,0.9591842545390612,3.7371698467337495,0.8731449533142297,False,0.4716756234036145,0.4673113128747486,0.991130628656149,0.9084847691233344,-3.37905287026097,1.0,0.9999998788771783
2003-11-05,0.7120598705353401,0.692055223362635,0.9723483601764542,3.2243229269748754,0.9159984568035482,False,0.6159061716826499,0.6021576591674804,0.9896280471777734,0.9129929817314628,-3.286214904289313,1.0,0.9999999515508713
2003-11-10,0.6426686453162651,0.6157574815345154,0.9605325083766606,3.316605035075697,0.9028975558820904,False,0.631963655862819,0.6103175525877014,0.9873004040736844,0.9121853476635128,-3.288646114752224,1.0,0.9999999806203486
2003-11-13,0.5622924442863723,0.5443156554247369,0.9717097835853356,3.398005708010702,0.9111643158479744,False,0.6263899589367032,0.6050374008146643,0.9860531544346164,0.91210366511827,-3.2973948822129024,1.0,0.9999999922481394
2003-11-18,0.4375815375940192,0.4224876530690352,0.9714484198732484,3.445367324492263,0.927434577566288,False,0.6112852852292885,0.5904334209950141,0.9848847756697072,0.9213022125870808,-3.309232677595252,1.0,0.9999999968992558
2003-11-21,0.3439067388054284,0.3337925075672242,0.9767163152665868,3.536960486347349,0.927482987357458,False,0.5898950015153798,0.5699021479207909,0.9842312988374576,0.9250106774493072,-3.32745090229542,1.0,0.9999999987597024
2003-11-26,0.3999928196942686,0.3963108589192212,0.9917516444988128,3.295949124999784,0.9423392231828556,False,0.5747028269696909,0.5560148448006653,0.9887435062342708,0.9354078048894364,-3.3085498359180385,1.0,0.999999999503881
2003-12-02,0.3210511163586154,0.3194549011297065,0.9958063757468096,3.636092656945922,0.9257927365439714,False,0.5544106901208049,0.5370900493069887,0.9929812279417942,0.9346385994217992,-3.334753261600269,1.0,0.9999999998015524
2003-12-05,0.3720628986370192,0.366015777084679,0.9860180786263928,3.570783598768877,0.9219773825709806,False,0.5398228668021021,0.523404107529204,0.992424175996562,0.9336257020737336,-3.3536356885737586,1.0,0.9999999999206209
2003-12-10,0.2685604156386647,0.2618683849165999,0.98079845425337,3.781746464230231,0.9020994641494222,False,0.5181218707090272,0.5024812497201957,0.9914941182571068,0.9311036030397888,-3.387884550626276,1.0,0.9999999999682484
2003-12-15,0.2612146844883393,0.2572040734452051,0.9887568888036116,3.798678881498709,0.902933539702341,False,0.4975692958113721,0.4828590756181964,0.9912751399008272,0.9288499979727932,-3.420748097096071,1.0,0.9999999999872994
2003-12-18,0.2928607774775344,0.2928607774775344,1.0,4.225366438440963,0.8439156760991982,False,0.4811926143446652,0.4676592117669435,0.9965100559603308,0.9220552522229056,-3.4851175644036623,1.0,0.9999999999949197
2003-12-23,0.0541300501389334,0.0453701354722633,0.9564566773126996,5.1794665036926535,0.7238083723732485,False,0.4470276092082066,0.4338760856633691,0.9933057856685203,0.906195501834933,-3.6206654795467816,0.7686525352148432,0.9814922028125137
2003-12-29,0.0337477933804437,0.0263422291231873,0.9452171298450258,5.355657654969757,0.7118085500615012,False,0.4139652239419856,0.4012733771401545,0.9894586932026408,0.8906445456930585,-3.75946485358062,0.778356881764132,0.9652413771286432
2004-01-02,0.0809388244908059,0.0768699826270564,0.9817872496820496,4.741011554292333,0.7622077539240785,False,0.3873231119858913,0.3753211055791067,0.9888449777209936,0.8803696023515402,-3.837988589637557,1.0,0.9860965508514573
2004-01-07,0.0576173529169515,0.0503674319123335,0.9585782905862188,4.704106819697402,0.7646409688127377,False,0.3609466512603761,0.3493248116857648,0.9864236427502115,0.871111311668436,-3.907278048042345,1.0,0.994438620340583
2004-01-12,0.0975569828236995,0.0897856476089225,0.969543897369876,4.584925440775742,0.7781500688977161,False,0.339875477785442,0.3285616785596175,0.9850732631197848,0.8636744122467785,-3.961489839461017,1.0,0.9977754481362332
2004-01-15,0.0986848591383153,0.092916198745415,0.9772246055775626,4.388044965790462,0.8027061501946918,False,0.3205802282936719,0.3097100401744813,0.9844453705164072,0.8587969512826116,-3.9956142495673728,1.0,0.9991101792544933
2004-01-21,0.1088602731905185,0.1055871803635738,0.988443081525105,4.215239723114856,0.8264485094340913,False,0.3036426318854197,0.2933802113896087,0.9868439971216258,0.85620907593473,-4.013184287451171,1.0,0.9996440717017974
2004-01-26,0.0940613898891191,0.0918462319736526,0.9915332878044474,4.328996801457777,0.8054395991922289,False,0.2868761325257156,0.2772574930363322,0.9896575715313188,0.8521475177953298,-4.0384492885717,1.0,0.9998576286807189
2004-01-29,0.1106295499711469,0.1106295499711469,1.0,4.099520882050544,0.7739588603525527,False,0.2727764059213501,0.2639272575911174,0.9958630286125276,0.8458924251999077,-4.043335016050008,1.0,0.9999430514722876
2004-02-03,0.1118412646613,0.0957570422363521,0.91209882481029,4.172845553385473,0.8624738884374412,False,0.2599015946205461,0.2504736403627362,0.9891618923083484,0.8558413031424278,-4.053695859036845,0.488264860504447,0.9590087961948605
2004-02-06,0.0444672146285363,0.0380700442875012,0.9112490453741764,4.194463416216101,0.8593734681881111,False,0.2426668442211853,0.2334813526767174,0.9829288645536148,0.8579606021698377,-4.064957263611185,0.7918747005482519,0.9456380685431318
2004-02-11,0.0264156665765532,0.0197906719995438,0.9023928115251266,4.45072657369334,0.8343477036890901,False,0.2253667500096147,0.2163860982225435,0.9764859803113358,0.8560715702913779,-4.095818808417757,0.763872982459219,0.9310968616564188
2004-02-17,0.0068804588350105,0.0036738674075998,0.9054814994209788,4.919701464561737,0.7698476081866451,False,0.2078878467156464,0.199369119757348,0.9708056218401072,0.8491736533229993,-4.161729420909276,0.7228299179443358,0.9144355061594522
2004-02-20,0.01338050414751,0.0075862258995974,0.9029447917748232,4.901415575402663,0.7816848854865024,False,0.1923272593101955,0.184026488248728,0.9653767554348848,0.8437745518960796,-4.220904313268747,0.48235968443329874,0.8798694404213601
2004-02-25,0.0140926360975372,0.0084225499488448,0.8968561411156933,4.826419774681456,0.8113698465200577,False,0.1780684894531829,0.1699781731847373,0.9598951062893494,0.8411821754659979,-4.269345550181764,0.7228299179443358,0.8673062786231981
2004-03-01,0.0295526740217972,0.0165266845191159,0.8457641943539235,4.684602448281916,0.8329482848022246,False,0.1661872242186721,0.1577020540914877,0.9507646333345152,0.8405234642128961,-4.302566102029775,0.3716373939814103,0.827652767851855
2004-03-04,0.0538393555164821,0.0351249018385362,0.851375576763081,4.508642556458228,0.8567808133983835,False,0.1571993947224969,0.1478958819112515,0.9428135088088004,0.8502778737241885,-4.319052218384051,0.5499423259130667,0.8054359324967519
2004-03-09,0.0857629914949047,0.0582812591505144,0.838452690662165,4.220293932879498,0.8576177662337181,False,0.1514844824642895,0.1407267120903925,0.9344646433570698,0.8546818092299062,-4.25979724708132,0.5926530108665184,0.7884132987663333
2004-03-12,0.1233698944580278,0.1159111363036922,0.9651575661337928,4.0834831152530215,0.8047939042550553,False,0.1492353154237886,0.1387414660274565,0.9528803970231036,0.8506907768319182,-4.154008767984341,1.0,0.9153653195065333
2004-03-17,0.1341291182447751,0.1288604869014314,0.9753634470940296,3.883694001088045,0.8327852367020419,False,0.1480268196494675,0.1379509876973745,0.9663702270656592,0.8492583336215281,-3.991819907846563,1.0,0.9661461278026133
2004-03-22,0.1593706798720955,0.155536701722509,0.9817021728353555,3.747489613445182,0.8480295107523743,False,0.1548331357830443,0.1485024161124552,0.975569394527477,0.8491600277919958,-3.845221731205735,1.0,0.9864584511210454
2004-03-25,0.1135242118599637,0.1120987901060421,0.9911368270481244,3.81571589126722,0.84849211665458,False,0.1515284218691979,0.1455901260319421,0.9849098540398656,0.8491065949010026,-3.8275182272426256,1.0,0.9945833804484181
2004-03-30,0.1003834920611995,0.0997545048034528,0.9965189086888192,3.7952919539560055,0.8440046110739063,False,0.147436827484558,0.141923276333663,0.9918752868292378,0.848698436194835,-3.808182463270653,1.0,0.9978333521793672
2004-04-02,0.1557783555894689,0.153595569372038,0.9900434212277056,3.784000301022542,0.8177683818058299,False,0.1524417443475045,0.148926652156688,0.9917287375811152,0.8462240318437146,-3.7936731659217866,1.0,0.9991333408717469
2004-04-07,0.2179433261544704,0.2165848499346109,0.9943861740923418,3.6191393837835135,0.8367799812849968,False,0.1917426934316841,0.1895215708234417,0.9933231994878512,0.8454685077990172,-3.688952896638823,1.0,0.9996533363486988
2004-04-13,0.1203401979098186,0.1182467707556809,0.9895531045083074,4.145761150553932,0.8236583992193047,False,0.1860304937899349,0.1838195868180208,0.9930215918894876,0.8437236991126401,-3.725497556952032,1.0,0.9998613345394796
2004-04-16,0.1853791718145772,0.1813539894134069,0.9851793759770164,4.070753550199868,0.796552738361083,False,0.1859783880319062,0.1836223390256517,0.99239421461649,0.8399500222525156,-3.75311803641186,1.0,0.9999445338157918
2004-04-21,0.0832431660177701,0.0769644772883369,0.9737429525774391,4.498979241918764,0.7465111938624375,False,0.1777595702707754,0.1750897100866665,0.990902113653366,0.8324749159813093,-3.812786932852412,1.0,0.9999778135263168
2004-04-26,0.0934905839617087,0.0833930109190966,0.9550147673208296,4.419685209968609,0.7501907677053318,False,0.17101805136605,0.167753974153261,0.9880311259467632,0.8258921841192312,-3.861338795021709,1.0,0.9999911254105267
2004-04-29,0.1285818210519724,0.1017358534837862,0.8880508953694044,4.182792655325752,0.7777855132332201,False,0.1676231529409238,0.162472524499703,0.9800327075005744,0.8220436504483503,-3.887055103846032,0.5785955087538105,0.9662794760779895
2004-05-04,0.0392714183656308,0.0272725080290885,0.8667131229250191,4.501054309860628,0.7631223689901626,False,0.1573550141749004,0.1516565231820538,0.9709671407345302,0.8173299479316953,-3.9361750403272,0.6178423543922196,0.938404506343128
2004-05-07,0.0564312199737217,0.0392263703982547,0.8361573828111173,4.25401431102414,0.7638286658687504,False,0.1492811106388061,0.1426621109593499,0.9601823601006572,0.8130498453666597,-3.961602181982955,0.5238030169837875,0.9052363871943807
2004-05-12,0.4565162609901165,0.4360501407124441,0.9517371568660544,3.309428257574655,0.8505594123309124,False,0.3336222008495924,0.3186949288112064,0.9595067438418888,0.8355555855452113,-3.570297827337975,0.8483143245697828,0.9006826221844129
2004-05-17,0.4528691052374716,0.4280727296570583,0.9476037440781636,3.393339112088193,0.8542901470764319,False,0.4051703434823199,0.3843216093187175,0.958554503860791,0.8467963224639437,-3.464122598188106,0.7043118665141196,0.8849729617307894
2004-05-20,0.649532146347105,0.6134532434984075,0.9394989434185606,3.0728484486822354,0.8911969312561214,False,0.551787425201191,0.5218005898265314,0.9570300590254126,0.8734366877392503,-3.2293581084845835,0.848314324569783,0.882040270757909
2004-05-25,0.7758276513568667,0.7357193331780828,0.9418893428385982,3.048543511953258,0.8976640584943066,False,0.6862115608945963,0.6501518358374623,0.9558188017304674,0.8879731101922841,-3.120869350565788,0.5327474620768616,0.8540968460634253
2004-05-28,0.6536245988333829,0.6275245292982987,0.957935716252092,3.117021744281631,0.8853837338081932,False,0.6836046039296992,0.6483416513143292,0.957088950443442,0.8877659600815568,-3.1185607867952934,0.8312737430274101,0.852270997820544
2004-06-03,0.7069249970365215,0.6827547297796924,0.9621404419911532,3.0347838811369336,0.8878241984269556,False,0.6975968397937926,0.6689894983935472,0.9601198453720688,0.8878009030887961,-3.068294643400278,1.0,0.9409083991282177
2004-06-08,0.3325073394756511,0.3129109982502568,0.9598740263156288,3.839147166817136,0.8353053607148128,False,0.6683896797683414,0.640503218382084,0.9601001798475536,0.8836012596988775,-3.1299628452736266,1.0,0.9763633596512871
2004-06-14,0.2927056771640293,0.2807522938989417,0.973128353807012,3.789131377655835,0.8456075543896135,False,0.6383349595599964,0.6117231444234327,0.9679170842232284,0.8805617632741364,-3.1826963278642038,1.0,0.9905453438605148
2004-06-17,0.1259251040342488,0.112134683929509,0.9226286849122164,3.9397071939813673,0.781811028522333,False,0.5973421711179366,0.5717560675839188,0.9642940122783475,0.8726617044939922,-3.2432571971535764,0.87179371486317,0.9810452135407273
2004-06-22,0.1445007042131662,0.1230738249318183,0.8931451477846521,3.855520194957324,0.7981147805151075,False,0.561114853765555,0.5358614881717508,0.958602103118852,0.8666979505756814,-3.292238236977876,0.5892785779078441,0.9497038826900966
2004-06-25,0.1895923824458172,0.1599819062670103,0.8888923771064837,3.8575120861308414,0.7970533351857781,False,0.5313930560599761,0.5057911216193717,0.9530253250378626,0.8611263813444892,-3.337460144910114,0.5105848800411672,0.9145743624781824
2004-06-30,0.2697506016745298,0.229897999902936,0.8862737242558694,3.8617744485551233,0.7925942093978712,False,0.5104616597091405,0.4837196718820568,0.9476851969753032,0.8556438075887598,-3.379405289201715,0.7739328791574382,0.9033230438125228
2004-07-06,0.1876746175942266,0.1590704270733607,0.8859816476944535,3.929966124606607,0.769282360970301,False,0.4846386963399474,0.4577477322973611,0.9427489130328351,0.8487348918592832,-3.4234501560341064,0.87179371486317,0.9008006974965747
2004-07-09,0.1713508096161875,0.1499281524425514,0.9109075577559284,4.049458677150148,0.7500547206160152,False,0.4595756654020466,0.4331221659089764,0.9402016046106828,0.8408404781598218,-3.47353083772339,0.5823052950463046,0.8753210653005531
2004-07-14,0.2126888738161619,0.1995607680070774,0.9567695533076054,4.100472659622712,0.7627920277824443,False,0.4398247220751758,0.4144372540768244,0.9501423738288364,0.8345966021296316,-3.523686183475336,0.8909872631269325,0.8847207839963809
2004-07-19,0.175441874092231,0.1600764323085916,0.9461320545242315,4.28060042239785,0.7497737369049139,False,0.4186740942365403,0.3940883883353658,0.949821548284468,0.8278107729116543,-3.5842393225891374,0.7801895791104025,0.8763582876055027
2004-07-22,0.1259186752448371,0.1181808742957801,0.9693808181395536,4.556771712103096,0.7115521091181943,False,0.395253660717204,0.372015787212199,0.9615571101975192,0.8185100798081775,-3.6620419137502553,1.0,0.9505433150422011
2004-07-27,0.141090901387845,0.1316490663331569,0.9620380639712816,4.369939066116172,0.7299245574419161,False,0.3749206399708553,0.3527864495418756,0.9618456824617768,0.8114232380188766,-3.718673685939528,1.0,0.9802173260168805
2004-07-30,0.0147276807130143,0.012478870729257,0.9417196499107456,4.456301688237458,0.714631456809323,False,0.346105203230228,0.3255618432368662,0.9602355998576942,0.8036798955221123,-3.7776839261233626,0.7869218846659259,0.9647536907088041
2004-08-04,0.0297527417177897,0.028637586658067,0.9825442509019616,4.232612354316267,0.7559603270277298,False,0.3207970063092329,0.3018079027105623,0.9736207904842548,0.7998623300425617,-3.814078200378795,1.0,0.9859014762835216
2004-08-09,0.108953400007852,0.108953400007852,1.0,3.505791430781457,0.8078440564725633,False,0.3038495178051225,0.2863795424943455,0.989448316193702,0.8046513659005626,-3.629106138620392,1.0,0.9943605905134086
2004-08-12,0.1651849874456545,0.1651849874456545,1.0,3.424665784883513,0.8235189487360581,False,0.2927563553763651,0.2766839780904502,0.9957793264774808,0.8159719156018599,-3.506441926378265,1.0,0.9977442362053635
2004-08-17,0.1776078985582851,0.1776078985582851,1.0,3.5649772197842817,0.7968820989850133,False,0.2835444788309187,0.268757891727877,0.9983117305909924,0.8144447302725122,-3.5111247498507465,1.0,0.9990976944821454
2004-08-20,0.2861521168933311,0.2861521168933311,1.0,3.232217944171643,0.848116058387445,False,0.2851090616683662,0.2791944268271495,0.999324692236397,0.8346475271414718,-3.3437806664432843,1.0,0.9996390777928581
2004-08-25,0.2699540792691173,0.2699540792691173,1.0,3.3049876233874294,0.83826690850634,False,0.2838966630764262,0.2784551990225069,0.9997298768945588,0.8368191559603927,-3.3205048406097712,1.0,0.9998556311171433
2004-08-30,0.229619988218123,0.229619988218123,1.0,2.9781411379371807,0.8725295659294051,False,0.279554529087762,0.2745483821581562,0.9998919507578236,0.8582454019418001,-3.1150866190062168,1.0,0.9999422524468573
2004-09-02,0.2247520228158323,0.2247520228158323,1.0,2.8473450393077675,0.889952610792567,False,0.2751703285860076,0.2705646734107703,0.9999567803031294,0.8772697272522603,-2.9544416711871477,1.0,0.9999769009787429
2004-09-08,0.1130093763569089,0.1085508593954323,0.9699086651161102,3.8098084744982166,0.7974681773059149,False,0.2621974524076798,0.2576035682895433,0.997552931088168,0.8708856032565526,-3.022871015452033,1.0,0.9999907603914971
2004-09-13,0.1081930908871223,0.1028308175379965,0.9582775226016872,3.642982527703695,0.8314414217939231,False,0.2498771034860352,0.2452217482294196,0.9944108984092496,0.8677300687395423,-3.072479936432166,1.0,0.9999963041565989
2004-09-16,0.046273969922086,0.040747464963249,0.9197788823364512,3.6980282603350103,0.8130710496223107,False,0.2335888528009193,0.228863805568126,0.9884403371234256,0.8633573472101638,-3.1225238023443938,0.7069282568333748,0.976550860370741
2004-09-21,0.0146977106143645,0.011734754848223,0.8922686109450244,3.8468012642135374,0.7863533171635028,False,0.2160775614259949,0.2114934815105337,0.9807465990291536,0.857197024806431,-3.1804659992939257,0.7410074667959515,0.9577073888847578
2004-09-24,0.0181724873551942,0.0137804790406076,0.9184465319650316,4.210626466240123,0.7491966566052745,False,0.2002451555003308,0.1956764413129396,0.9757625936640238,0.8485569953503386,-3.2628788366496217,1.0,0.9830829555539031
2004-09-29,0.0168815112080742,0.012654884172748,0.9049448656490034,4.236782925131994,0.7642587756358881,False,0.1855760639569503,0.1810347167417243,0.9700971754228224,0.8418131377731826,-3.340791163728212,0.7755717556300609,0.9664820595599958
2004-10-04,0.040599116153729,0.0287971311030278,0.9238610243738874,4.552850139762102,0.7288920168024281,False,0.1739779081326926,0.1688557098906286,0.9663982833389074,0.8327794480955222,-3.437755881810923,1.0,0.9865928238239983
2004-10-07,0.0617706968803284,0.0540357487972722,0.960622446542242,4.5253185330800365,0.7762463917872453,False,0.1650013312325035,0.1596701130031601,0.9659362163951742,0.8282568035908601,-3.524760893912452,1.0,0.9946371295295993
2004-10-12,0.0486226681083836,0.040688727128575,0.9523217975056548,4.676003458702785,0.7729911499265008,False,0.1556910381825739,0.1501516021331933,0.9648470628840128,0.8238355512977114,-3.616860299095679,1.0,0.9978548518118397
2004-10-15,0.106268466660398,0.099778014572084,0.9731027406802129,4.482486020421393,0.793626378912301,False,0.1517372324607999,0.1461217151283046,0.9698004695617328,0.8214188175068786,-3.686110356801736,1.0,0.9991419407247359
2004-10-20,0.178727492457768,0.1755989016815619,0.989295839899105,4.151498376813207,0.781574793253369,False,0.1679313884589808,0.163808027060259,0.981497691764156,0.8182312955665979,-3.723341398402654,1.0,0.9996567762898944
2004-10-25,0.253579728094169,0.253579728094169,1.0,3.995708625837176,0.7951428764015593,False,0.2193203922400937,0.217671047680605,0.9925990767056624,0.8163842220333949,-3.745130776597416,1.0,0.9998627105159578
2004-10-28,0.327129295442908,0.3249443045947265,0.9946381482198916,3.777588641973173,0.8018440182670779,False,0.2840057341617822,0.2820350018290779,0.9938225196142,0.8152210057320896,-3.747727405827476,1.0,0.9999450842063831
2004-11-02,0.3810373568649451,0.3810373568649451,1.0,3.621353101154801,0.8053010965182124,False,0.3422247077836799,0.3414364148505983,0.99752900784568,0.8144274129949794,-3.671902823023871,1.0,0.9999780336825532
2004-11-05,0.3451975506540389,0.3307970346815069,0.9596209932258474,3.528720752359624,0.8214753522628973,False,0.3440084135058954,0.340585264437071,0.9944963666760934,0.8186561765557301,-3.585993580625323,0.7857532915345893,0.9828400543107162
2004-11-10,0.3973062012852718,0.3823247705200038,0.9611820281488552,3.412223704933456,0.8390667418960452,False,0.3759870861735213,0.3656289680868306,0.9918312195939144,0.8309025157599191,-3.481731655210204,1.0,0.9931360217242865
2004-11-15,0.2001093234179253,0.1900475231738639,0.9571156053309864,3.7857650523355377,0.8200650044080215,False,0.3619168651530736,0.3515824524937933,0.9890539704528802,0.8300355148517674,-3.5060543269802302,0.7195610821937963,0.9712500265618473
2004-11-18,0.1355082843039323,0.133795054492983,0.9925920710755032,4.160595492097484,0.8052090128400532,False,0.3438041786851424,0.3341594606537285,0.991176830826454,0.8280493946908304,-3.5584176201896107,1.0,0.9885000106247389
2004-11-23,0.0585676877174871,0.0533640549442258,0.9675849732504318,4.729143170259388,0.6991061838569423,False,0.32098525940773,0.3116958281969683,0.9892894822203724,0.8177339378241194,-3.652075664195193,0.8535094564741909,0.9777007662926951
2004-11-29,0.0307552271336494,0.0265870395423162,0.9630175292800108,4.942197256747604,0.7036074690531977,False,0.2977668568258036,0.2888871251045961,0.9871877259851434,0.8086038203224457,-3.755285391599386,0.9308544920314095,0.9739530643517923
2004-12-02,0.057540737946691,0.0508263833833425,0.9611304968914376,4.76268844838144,0.6994624617308033,False,0.2785487673154746,0.2698422657668958,0.985103147657647,0.7998725116351143,-3.835877636141951,0.8229665970751567,0.9618741469696616
2004-12-07,0.1131845216334324,0.1063295167485044,0.9692024817921084,4.344651389622888,0.705094492890045,False,0.2653196276609113,0.2567612458454245,0.983831094388404,0.7922902701355088,-3.876579536420426,1.0,0.9847496587878646
2004-12-10,0.0533508304665168,0.0493619214231824,0.9729044011179244,4.622419488639654,0.6976317637183204,False,0.2483621238853597,0.2401692998916451,0.9829569589267656,0.7847175896221338,-3.9362467325979646,1.0,0.9938998635151458
2004-12-15,0.0637581931941802,0.0577902890807419,0.9604370932007836,4.54680704548572,0.6954572089164892,False,0.2335938094300653,0.2255789790267729,0.9811553696686872,0.7775767591656823,-3.985091557628986,1.0,0.9975599454060583
2004-12-20,0.0353479401463116,0.0313685543419054,0.9712242148034372,4.87453503151048,0.6929349687759117,False,0.2177341398873651,0.2100421450519835,0.9803608772794672,0.7708054159345006,-4.0562470355395055,1.0,0.9990239781624233
2004-12-23,0.0417605082078319,0.036572235317322,0.963337254354152,4.784372029974371,0.7059864052676732,False,0.2036562493530024,0.1961645522732106,0.978998987445442,0.7656198950811545,-4.114497035094296,1.0,0.9996095912649693
2004-12-29,0.0390802217891161,0.0335604431357835,0.9610056059945888,4.807900021847936,0.7257847859241497,False,0.1904901671478915,0.1831562235422164,0.9775595169293738,0.7624330863485941,-4.169969274034587,1.0,0.9998438365059877
2005-01-03,0.0057332483324564,0.0031711051341832,0.9506305985281894,5.169097282696762,0.6114388627063622,False,0.1757096136426567,0.1687574140695738,0.9754052034572792,0.7503535484572156,-4.249899514727561,1.0,0.9999375346023951
2005-01-06,0.0069453022224805,0.0043191240238186,0.9564056670939572,5.127670508063267,0.598314352516312,False,0.1622084687290426,0.1556023508659134,0.9738852405482132,0.7381904127819433,-4.320121194194418,0.9543128612094617,0.9962875607309605
2005-01-11,0.0148043811396404,0.0109900602749319,0.959181734118524,4.848658769653615,0.6199100296201672,False,0.1504161417218905,0.1440333676186349,0.9727089600338384,0.7287279821290013,-4.362404200231154,0.8893968807350482,0.9877363063312875
2005-01-14,0.0113431811927668,0.0073193717198775,0.9533627521527078,5.044727695380387,0.6233749566917997,False,0.1392903048795606,0.1330962479467343,0.971161263403348,0.7202997400940252,-4.416990079843093,1.0,0.995094522532515
2005-01-20,0.0096248330002901,0.0062215722945616,0.9602215692814482,5.078029127235725,0.6322299096196196,False,0.128917067129219,0.1229462738945605,0.970286087873596,0.7132541536560728,-4.469873203634505,1.0,0.998037809013006
2005-01-25,0.0549909679303544,0.0489024312768463,0.9714055235151756,4.831738915341719,0.6551288692103898,False,0.1230029791933098,0.1170227664851433,0.9709577492585436,0.7086041309004183,-4.498822460571082,1.0,0.9992151236052024
2005-01-28,0.0401450553768136,0.0305233227316151,0.9354469827331168,4.742022261645568,0.6655883196919894,False,0.1163743452879901,0.1101028109848611,0.9681168879365096,0.705162866003744,-4.5182784446570405,0.8323961411538761,0.9858696050090964
2005-02-02,0.0441634566642325,0.042763433581304,0.9882170253156446,4.520044110162415,0.7076941029975359,False,0.1105974741980895,0.1047156607925765,0.9801769703639908,0.7066816082000191,-4.51841969789747,1.0,0.9943478420036386
2005-02-07,0.041327108948795,0.0355796637214168,0.9600372196011256,4.790753983571844,0.6815083986390214,False,0.1050558449781459,0.0991847810268837,0.9785657903029616,0.7046677514351394,-4.540206440751421,1.0,0.9977391368014554
2005-02-10,0.0899798113399059,0.0862159944792532,0.9858415567550384,4.712585567765479,0.6757775134661133,False,0.1038497622870868,0.0981472781030733,0.9829312501742076,0.7023565323976173,-4.553996770912546,1.0,0.9990956547205821
2005-02-15,0.11855036726216,0.1134072623289827,0.9824546735717012,4.590278455267051,0.6844370925825705,False,0.1126701252721307,0.107303268638619,0.9828931240460071,0.7009229772124136,-4.556899305660907,1.0,0.9996382618882329
2005-02-18,0.100389124559727,0.0943094482639171,0.9776562039440022,4.89401839359011,0.6581924852642282,False,0.1116876452151384,0.1062637630086428,0.9824741704378468,0.6975045378565587,-4.583868832695243,1.0,0.9998553047552932
2005-02-24,0.3351731471039329,0.3351731471039329,1.0,3.823399174042292,0.794397780055292,False,0.2457789463484151,0.2436093934658169,0.9929896681751388,0.7556404831757988,-4.127587037503472,1.0,0.9999421219021173
2005-03-01,0.2891211603971275,0.2770145612413158,0.9666727529836998,3.825610522132228,0.822723848874296,False,0.2717842747776425,0.2636524941311162,0.9908843149598237,0.795890502594897,-3.946401128280726,1.0,0.9999768487608469
2005-03-04,0.1528270739891943,0.1440654117649571,0.9688795815107464,4.317466509708563,0.7882932620236912,False,0.2622676987145667,0.2540855275418235,0.9891239362838974,0.7952827233492006,-3.976086358794953,1.0,0.9999907395043388
2005-03-09,0.1852156884125876,0.1776401319666575,0.974625681004148,4.14466541612774,0.8109400894665904,False,0.2561035378904084,0.2479698958958102,0.9879640758615176,0.8046771430196344,-3.989572683381576,1.0,0.9999962958017355
2005-03-14,0.1019378853733963,0.0955201321203389,0.9687289124960492,4.296961118039414,0.7740786841742636,False,0.2437702856890474,0.2357739147937725,0.9864252627922802,0.8022292663120048,-4.014163758154203,1.0,0.9999985183206942
2005-03-17,0.1269654350946515,0.119654479535313,0.9693524728820524,4.062843190140054,0.7672998930881323,False,0.2344258976414958,0.2264843599730958,0.985059439599462,0.7994349164540949,-4.018058112713072,1.0,0.9999994073282776
2005-03-22,0.053675587630457,0.0424580527325569,0.9217341033219468,4.40962635312708,0.7249126027199116,False,0.2199658728406127,0.2117622553938526,0.9799934126972608,0.7934731313553602,-4.049383571946192,1.0,0.9999997629313111
2005-03-28,0.0822726535371474,0.0773899032069092,0.9767212329412372,4.480529036292881,0.7367011951857003,False,0.2089504152963355,0.2010124672188972,0.9797316383167788,0.7889313764617875,-4.083875209093928,1.0,0.9999999051725245
2005-03-31,0.0607513056730431,0.0556753904187123,0.973636049947624,4.9270282566055625,0.722759133610159,False,0.1970944865264721,0.1893855010748824,0.9792439912472464,0.7836375970336573,-4.151327452894859,1.0,0.9999999620690098
2005-04-05,0.079844670117065,0.0687381765549203,0.9406825074333832,4.74688261210673,0.7607701639639034,False,0.1877145012137196,0.1797337151132855,0.9761590725421376,0.781808202388077,-4.198971865631809,0.7712168629607782,0.9816973141403513
2005-04-08,0.1135566622552037,0.1030623870191078,0.9507209251562488,4.504416734224022,0.7871023957619457,False,0.1817818740970383,0.1736000088657512,0.9741240207512664,0.7849847184123983,-4.223407455119187,0.8087471223054471,0.9678612987935591
2005-04-13,0.1044163070507502,0.0981088024060061,0.9725456452953006,4.601631724482685,0.8178955319784239,False,0.1755926287333353,0.1675607123489716,0.9739977507147892,0.8047312065520136,-4.253665396668267,1.0,0.9871445195174237
2005-04-18,0.1537113891844091,0.1376752079418937,0.9406836553263136,4.1641302040589485,0.8834446322255899,False,0.1738421295694212,0.1651698719964054,0.9713326230837112,0.8519592619561593,-4.199944281102676,1.0,0.9948578078069694
2005-04-21,0.1745407583230981,0.1601386893708984,0.9468238932179412,4.001780513560536,0.8932541395278465,False,0.1742613068216273,0.1647673773863649,0.9693719246944495,0.8767361884991717,-4.081046020577392,1.0,0.9979431231227878
2005-04-26,0.1754522473540959,0.1550795841254589,0.9214736218923186,3.938865074937687,0.9008513726788944,False,0.1749758711411084,0.1639923539254924,0.9655400604702792,0.8912052990070054,-3.995737453193569,0.9128097724660951,0.9911324550702525
2005-04-29,0.1910354715090395,0.1680614505685467,0.9103898584017466,3.6871177141288687,0.9265379129833128,False,0.1846116313618671,0.166433811911325,0.9611280443047964,0.91240486739279,-3.810565609754749,0.908697832902386,0.9845376852968232
2005-05-04,0.2203836471383506,0.1927451437937482,0.901866218697741,3.653022639152912,0.927400950147731,False,0.2060748408277572,0.1822206110407789,0.956387098256232,0.9214025170457544,-3.7160398273936464,0.908697832902386,0.9784704971052682
2005-05-09,0.2754885429426394,0.2366063170843313,0.8841584028060724,3.5460238914899054,0.9307359946816626,False,0.2477230620966865,0.2148520346669103,0.9506088026202194,0.9270026036272994,-3.614030265851402,0.8601881642273205,0.9690079104750324
2005-05-12,0.2666067021112826,0.2343960368993308,0.9020891831887348,3.561993867550308,0.8990979350987557,False,0.2590532461054442,0.2265784360063626,0.9467272330657008,0.924770230145016,-3.582808426870746,1.0,0.9876031641900129
2005-05-17,0.1128489244706014,0.1041713906224972,0.9618328289275928,4.214481384810159,0.8417807264342028,False,0.2473569003746568,0.2167858723756534,0.955790590582836,0.918131069848151,-3.633342263505899,0.816485095898226,0.97391371872667
2005-05-20,0.1897816567719129,0.1763577894951857,0.951066602129602,4.04589407139243,0.7940833793837652,False,0.2427508808864373,0.213551625745216,0.9554126715065774,0.9082072546110002,-3.666346408136822,1.0,0.989565487490668
2005-05-25,0.1657163735048881,0.1508867168251801,0.9420047348598166,4.10194793743748,0.7931851525420701,False,0.2365881202959134,0.2085384330316131,0.9543400365748366,0.8990054864454857,-3.7011945304808735,1.0,0.9958261949962672
2005-05-31,0.1444458971903328,0.1294108212049279,0.9393367937819416,4.298584114893779,0.7601623592335438,False,0.2292167424474669,0.2022082240854783,0.9531397771514052,0.8878980362685304,-3.748985697233907,1.0,0.9983304779985069
2005-06-03,0.1082219801228977,0.1000196923957485,0.9610570456153188,4.484783503361041,0.7525403856789802,False,0.2195371614615014,0.1940331415503,0.9578901382297532,0.8770694242213665,-3.8078495217240778,0.8909872631269332,0.9897430208087811
2005-06-08,0.0371374539154994,0.028285575842057,0.9394663958522812,4.936441582825763,0.7129971042899237,False,0.2049451848578213,0.1807733362936405,0.9564162388395556,0.8639436386268511,-3.8981368866122126,0.7707082484454768,0.9722202390197168
2005-06-13,0.0138654982665611,0.0118412507562167,0.9600550019464388,4.663423553368813,0.756759241415172,False,0.1896588099305204,0.1672587694506466,0.9585994967036856,0.8553688868499169,-3.959359819952741,0.9375750655762296,0.9694486251442378
2005-06-16,0.0288655168062172,0.0247448234822229,0.9635682719046192,4.792663986904313,0.6983739907893048,False,0.1767953464805762,0.1558576537731727,0.9615807618242456,0.8428092951650679,-4.0260241533088665,1.0,0.9877794500576951
2005-06-21,0.0060701221383966,0.0036355511486819,0.9641907605467273,5.408516223648284,0.6873398597385534,False,0.1631373285332018,0.1436798855632135,0.9631467610577344,0.8303717403309467,-4.13662351893602,0.9604528331224549,0.9855933207028759
2005-06-24,0.006205119753024,0.0038852312870463,0.968558626809045,5.427389895206123,0.6957002518304213,False,0.1505827518307876,0.1324963132211201,0.9663938805085208,0.8195980212509048,-4.239884829037628,0.9425839894923659,0.9821525742060351
2005-06-29,0.0093724555738376,0.005701235796503,0.9484049557570196,5.134193697205141,0.7224871793664885,False,0.1392859281302316,0.1223527070271508,0.9649547665284008,0.8118291539001515,-4.311429538491029,0.9528624215371657,0.9798093619925257
2005-07-05,0.0092862015334909,0.0057378679368379,0.9606344543408376,5.336863338723437,0.7285196730588165,False,0.1288859500024923,0.1130235198999257,0.9646091415533956,0.8051643954328448,-4.393464242509622,0.876909616886919,0.9715773823840771
2005-07-08,0.0441771310638345,0.0390199115348442,0.9684538320076194,4.83380986493847,0.7105452755955795,False,0.1221092444873997,0.1071032312307192,0.96691595582593,0.7975948658458636,-4.42869189230393,0.7625138663591664,0.9548523011020842
2005-07-13,0.0549903812794665,0.0463066046359217,0.959674967818316,4.944374855874746,0.6757540565982991,False,0.1167397354307651,0.1022395011031354,0.9663366767853208,0.7878476011060584,-4.469946529389596,0.7911057275744143,0.9417525752198707
2005-07-18,0.0926788171193126,0.0859398203950238,0.9710131598780952,4.72036398730269,0.7208870166366038,False,0.1148148619658489,0.1009355266464865,0.9691425666409856,0.7824907543485021,-4.489979926022643,1.0,0.9767010300879483
2005-07-21,0.0484961419994565,0.0440011808677395,0.962078882491002,4.720841722386316,0.7516010864213228,False,0.1095093643685375,0.0963807789841867,0.9685774719089868,0.7800195809143279,-4.508448869731738,1.0,0.9906804120351793
2005-07-26,0.0336265622920641,0.028951597711103,0.9464007419352573,4.666391589764768,0.7411224745211368,False,0.1034387402024196,0.0909864444823401,0.9668033335110886,0.7769078124028727,-4.52108428733438,0.7687074769132854,0.9729225772254279
2005-07-29,0.0460764827006476,0.0432111753177955,0.966652209046658,4.390721489647542,0.7809826921784582,False,0.0988497596022779,0.0871644229491765,0.9667912435539342,0.779352740268224,-4.4428666087222775,0.9475918628044373,0.9708961200717487
2005-08-03,0.0781039137084869,0.0714142062024551,0.9500763953823622,4.121780380960066,0.8020779578665369,False,0.0971900919307746,0.0859044056094388,0.9654540557002084,0.7929878708272118,-4.250214872064952,0.9283677705125968,0.9674938521070167
2005-08-08,0.0084361006398207,0.0065552753840572,0.9364457481679868,4.60467735698824,0.7049135467067953,False,0.0900897726274983,0.0795564751914083,0.9631333910976309,0.7859419248975785,-4.278571870858815,0.9441144215763063,0.9656234976645598
2005-08-11,0.0182122617837882,0.0129564373485574,0.9184541703500742,4.625557402075943,0.7157096801915382,False,0.0843395717600015,0.0742284721639802,0.9595590534378262,0.7803233453210954,-4.306330713356186,0.8729284155302025,0.9582078910938112
2005-08-16,0.0086803075723178,0.0055495358318012,0.923500957257778,4.967635594354414,0.6895089475424251,False,0.0782868306249868,0.0687341572574059,0.9566744057434224,0.7730581934988018,-4.359235103836045,0.8414152991502692,0.9488644837383279
2005-08-19,0.0031991081898067,0.0019629373004998,0.9014499209059296,5.026111405000187,0.7005676687994594,False,0.0722798128301724,0.0633924596608534,0.952256446956423,0.7672589515228544,-4.412585207929176,0.566211560455637,0.9182522498757126
2005-08-24,0.0027578193375387,0.0015318408920244,0.9123851250978254,5.081540094105386,0.6958292624976494,False,0.0667180533507617,0.0584436101593471,0.9490667412077352,0.7615445764008381,-4.466101598823273,0.6695167169568884,0.8983534072422068
2005-08-29,0.0136638082948373,0.0086272949789253,0.9138212613356292,4.90134727762307,0.7058790466147775,False,0.0624737137462877,0.0544583049449133,0.9462471028179668,0.7570913340179533,-4.500921253127257,0.8387387573478132,0.8935842352506553
2005-09-01,0.0875759343068128,0.0809566155222647,0.9577161916546796,4.2086615616819065,0.8428560418389873,False,0.0775350460826028,0.0703572912913242,0.9531285561199944,0.8085501587105737,-4.325565438260046,1.0,0.9574336941002621
2005-09-07,0.0560722214833003,0.0452709621938023,0.9362517597520452,4.4629577790342765,0.9063045411104514,False,0.0758180201146586,0.0683503849635224,0.9517784124105586,0.8672027881505003,-4.336556825521985,0.6888096337665606,0.935943769273566
2005-09-12,0.0234333442741496,0.020915265713906,0.9702074060028428,4.524232443249716,0.9036687726674208,False,0.0716272460474179,0.0645555754235531,0.962835808565929,0.8890823788606526,-4.351570874940204,1.0,0.9743775077094264
2005-09-15,0.0215152035818819,0.0188819337991788,0.9683389971083316,4.538870637419127,0.909273471497738,False,0.067618282650175,0.0609016840936032,0.9661377216913704,0.9011970344429036,-4.366554855938517,1.0,0.9897510030837706
2005-09-20,0.0245137632026676,0.022365421337825,0.9748479300775058,4.491811111434074,0.9240383466136176,False,0.0641699210943744,0.0578187830731409,0.9713638467230516,0.914901821745332,-4.3765753563781615,1.0,0.9959004012335082
2005-09-23,0.0404388864122086,0.0387060769226924,0.9835558315526202,4.283413071816651,0.9314646742905984,False,0.0622714383198012,0.056289766581105,0.9786790376207928,0.9248395332724918,-4.320677985641256,1.0,0.9983601604934033
2005-09-28,0.0450269653137765,0.0407799328287481,0.9652877162784352,4.433840927545718,0.92446161339279,False,0.0608918804793192,0.0550489798809165,0.9776077319134042,0.9248092996821156,-4.329731020993613,1.0,0.9993440641973613
2005-10-03,0.0525660007779027,0.0427629147231966,0.9257809224119532,4.647565715749061,0.8423168921762629,False,0.0602258101032059,0.0540660946682989,0.9734615871532882,0.9182099070816476,-4.355157796574049,1.0,0.9997376256789445
2005-10-06,0.0896852796853368,0.0803714356152248,0.945952391160032,4.353393861590559,0.8089183728447025,False,0.0779014918524844,0.0698492992364545,0.9712608514738278,0.909466584342692,-4.354099435583954,1.0,0.9998950502715778
2005-10-11,0.0514207015400373,0.0441282100766603,0.935562186476721,4.60058090092056,0.815287907076666,False,0.0757830286274887,0.0677916121036709,0.9684049582740591,0.90193229016141,-4.373817952810883,1.0,0.9999580201086311
2005-10-14,0.0307545624212516,0.0246180623337116,0.9327676480981212,4.832075055667067,0.805378343936948,False,0.0721807513309897,0.0643377281220742,0.9655539734599844,0.8942079744634529,-4.410478521039378,0.7887652583412943,0.9830625991672441
2005-10-19,0.0229834818458676,0.0180447143169478,0.9454814792939872,4.814240706624538,0.8302529852132804,False,0.0682449697721799,0.0606342870176641,0.9639481739267044,0.8890915753234392,-4.442779495886192,0.8855496009343462,0.9752615593086124
2005-10-24,0.0237754444697998,0.0192054932606445,0.9469296231708582,4.806464937947757,0.837164432037078,False,0.0646874077479895,0.0573199835171025,0.9625866898662369,0.8849374038605303,-4.471874331251117,0.907257362542109,0.9698212235672922
2005-10-27,0.0364366322362323,0.0298237695533274,0.9440447852399126,4.805209990713565,0.8374044073276662,False,0.062427345707049,0.0551202864000005,0.961103337496131,0.8811347641379013,-4.498541184008113,0.9367739929665061,0.9671774451192293
2005-11-01,0.0610490650607693,0.0583324395574435,0.9825242375827375,4.538708541892428,0.8174268995489371,False,0.0623170832553466,0.0570475782944663,0.973955877548095,0.8760381349707842,-4.501754572638859,1.0,0.9868709780476917
2005-11-04,0.0243250458451445,0.0221741506559468,0.982945859165368,5.001484721260714,0.8219737259533426,False,0.0592777202625304,0.0542577040833848,0.9793498665184588,0.8717129822493889,-4.541732984528608,1.0,0.9947483912190767
2005-11-09,0.0231036757673273,0.0211813658055665,0.9818080967686124,5.046295644547938,0.8050237899795739,False,0.0563837967029142,0.0516115970211593,0.980824804668551,0.8663778468678037,-4.5820979973301545,1.0,0.9978993564876306
2005-11-14,0.0311382532838444,0.0256551710606683,0.9579343192566578,4.90943513109331,0.7364225030707164,False,0.0543641532293886,0.04953508294432,0.9789935658355996,0.8559814193640367,-4.608284968031208,1.0,0.9991597425950522
2005-11-17,0.0587848307199459,0.0527698760568013,0.9515563109208632,4.433440945422841,0.7279844722078389,False,0.057016559723723,0.0514759588118088,0.9767985854424208,0.8457416635915409,-4.503378554466188,0.9400839256175604,0.9944336772368529
2005-11-22,0.0742018202724023,0.0681158794133296,0.9674671011604412,4.504981148396863,0.7131376271734685,False,0.0673277160529306,0.0614599111727213,0.9760520666998624,0.8351333406780952,-4.503506761980642,1.0,0.9977734708947412
2005-11-28,0.0500277482534083,0.0406896545050006,0.9477704777485084,4.8550859969239655,0.7112370833005782,False,0.0659437186289688,0.0597982906393036,0.973789539583754,0.8252216400878939,-4.531633100776109,0.8662463522127776,0.9872513014001842
2005-12-01,0.0663338419274587,0.0527958266795843,0.915378341780621,4.566148925468765,0.696037594565457,False,0.0661777926080627,0.0592380935225261,0.9691166437595032,0.814886916446099,-4.5343943667515205,0.7270589096999467,0.9664359100641653
2005-12-06,0.112617136618232,0.0837057970799889,0.8609109024509227,4.167385129937233,0.7743045006059692,False,0.0940413990141643,0.0739187156570038,0.960460184454817,0.8116403231788887,-4.314188824662947,0.5708775284924855,0.934791239538431
2005-12-09,0.3178936328665858,0.2886310322176806,0.932819279912912,3.656920287961146,0.8614348085599275,False,0.2283527393256172,0.2027461055934099,0.9582489120914648,0.841517014407512,-3.919827702641866,1.0,0.9739164958153724
2005-12-14,0.243176850269634,0.2411085166905466,0.99357896617404,3.62839398839005,0.8779358018529537,False,0.2372472058920273,0.2257635522516919,0.97944694454101,0.8633682868747771,-3.744967474090777,1.0,0.989566598326149
2005-12-19,0.2072156477388492,0.2058541666673714,0.9956241838074088,3.9845720894114383,0.8921608587807901,False,0.2348446812397731,0.2241708014049462,0.9891532881008492,0.8806438300183849,-3.7641358433164296,1.0,0.9958266393304596
2005-12-22,0.2341882834305225,0.2341882834305225,1.0,3.905500301378583,0.8911697208108628,False,0.234792169415033,0.230181290620292,0.9956613152403396,0.8869593644938716,-3.775444999961402,1.0,0.9983306557321838
2005-12-28,0.218749945003598,0.2183091463450248,0.9986751286378284,4.063155437417012,0.8916004805463184,False,0.2335087914621182,0.2292315190782706,0.997469603278833,0.8897440341253396,-3.7984618349578505,1.0,0.9993322622928735
2006-01-03,0.1616466118420799,0.1414188653348718,0.9278356352252578,4.316478021576283,0.8691699490681002,False,0.2277598170925152,0.2222065067787987,0.9918988858345472,0.8880981073207606,-3.839903129887325,0.7243199755450613,0.9773312793530485
2006-01-06,0.1454903311609552,0.1323674530109879,0.9491429440011594,4.370891972944031,0.8592535282836278,False,0.2211782582179904,0.2150193824773739,0.988478410487876,0.88579054099779,-3.8823822373318615,0.6912928793818742,0.9544482073553546
2006-01-11,0.039039589999383,0.0308323545623286,0.9366289854248684,4.960991834085043,0.8104465357574282,False,0.2066071647605018,0.2002844202441703,0.9843304564828356,0.879763020578561,-3.968671005072116,0.8232728445958565,0.9439541783345948
2006-01-17,0.0263529703574792,0.0194964108391543,0.9433449894976832,5.063177778027555,0.6904593436628326,False,0.19218682920826,0.185821379491769,0.9810516191240236,0.8646187264253028,-4.056231546908551,0.6877021596537751,0.9234540168401293
2006-01-20,0.07281608422057,0.0699272048338786,0.9894658891286692,4.53509676020722,0.7776463047519415,False,0.1826371696092448,0.1765498455191378,0.9861001811268112,0.857660932691434,-4.094540763972445,1.0,0.9693816067360517
2006-01-25,0.0577889303280103,0.0506406941816315,0.957551519378724,4.633764980483615,0.8040012444309601,False,0.1726493104667461,0.1664771134121373,0.9838162881869642,0.853368157630596,-4.137678701293338,0.9298411371842973,0.9662183691719113
2006-01-30,0.056953160864603,0.0513563860256221,0.9628532491065288,4.712942320723919,0.813910235497108,False,0.1633936184985746,0.1572674552212161,0.9821392450605296,0.8502115238599169,-4.183699790847785,0.8705459250092498,0.9585645736388985
2006-02-02,0.0527851342300255,0.0518783977328997,0.9936157622640248,4.746861972192261,0.8339062903267732,False,0.1545449397570907,0.1488363306221508,0.9890251553826268,0.8489071051772655,-4.228752765355344,1.0,0.9834258294555593
2006-02-07,0.0414318019652122,0.0407500558744569,0.9952064105550223,4.958656183791554,0.8149219171242702,False,0.1454958887337404,0.1401894286423353,0.992733908486064,0.8461882901330259,-4.287145038830241,1.0,0.9933703317822238
2006-02-10,0.0292634113848844,0.0267506003036863,0.9800983008203964,5.118274727313295,0.8037445710543204,False,0.136197290545832,0.1311143223752434,0.9917230598728108,0.8427927926067296,-4.3536354139088855,1.0,0.9973481327128895
2006-02-15,0.0249377891009509,0.0232190778142639,0.9838937868959636,5.280289841378265,0.8064117441786346,False,0.1272965304302415,0.122482702810365,0.9910967180346628,0.839882308732482,-4.427767768106436,1.0,0.9989392530851557
2006-02-21,0.0068671134116763,0.0024119361950437,0.9309105330714436,5.676471779027955,0.695144359278427,False,0.1176621770687563,0.1128770414811393,0.9862818232376056,0.8283032727761577,-4.527664088980157,0.8331272798886318,0.9856742952294338
2006-02-24,0.0117445076089108,0.0079939037763571,0.9591542274392736,5.549203309650632,0.7354405225398245,False,0.1091887635119686,0.1044863904647567,0.984111615573739,0.8208742527572511,-4.609387226633795,0.9022785487787591,0.97900263551338
2006-03-01,0.0125324065245017,0.0074608157840425,0.9151984201642618,5.185396503716222,0.7229808718821804,False,0.1014562549529713,0.0967243444902996,0.9785985599409808,0.8130427822872455,-4.65546796880039,0.7129210745208365,0.9577161106339765
2006-03-06,0.0189902366751103,0.0139791615268879,0.9248869872664056,5.019883847971931,0.7287983280678508,False,0.0948589734907424,0.0901047298532267,0.9743016341270148,0.806303225949694,-4.684621239134113,0.836109866120337,0.9479876110728854
2006-03-09,0.0340969301339844,0.0309993915981359,0.97338739766412,4.932786218070279,0.8708989581567946,False,0.0899980100222018,0.0853763027928194,0.9742284952099832,0.8450606652739543,-4.704474437449007,1.0,0.9791950444291542
2006-03-14,0.057668803503865,0.0543004642745242,0.9752447625044472,4.552017920494008,0.8642415184949368,False,0.0874116735007348,0.0828902357113558,0.9748382555866616,0.8565691772065438,-4.613000527276008,0.9064549222782822,0.9733758346570844
2006-03-17,0.0816608915687325,0.0746720652543529,0.9562568431695344,4.385782526708901,0.8715749870743127,False,0.0869516109461746,0.0822327820747955,0.9733517425932916,0.8655726631272052,-4.476669726935744,0.8962959191294149,0.967209441414871
2006-03-22,0.0751476712459064,0.0683910389837923,0.9575081453213868,4.516988411586885,0.8503478861098077,False,0.0860072957701532,0.0811254426275153,0.9720842548115392,0.8643546809658134,-4.479895221707835,0.8962959191294149,0.9615363596320345
2006-03-27,0.0901705869383573,0.0839864333363153,0.9690154138046476,4.497180189685596,0.8177729197647066,False,0.0885052704710756,0.0828420370527953,0.971838747530988,0.8606281400697248,-4.481278019146057,1.0,0.9846145438528138
2006-03-30,0.048951427760279,0.0438938331147286,0.964880544424289,4.747733421470057,0.8550080870566402,False,0.0853409630542119,0.07972618073775,0.971282091282452,0.860178535828678,-4.502594451331977,0.9762453031499712,0.9839450045965864
2006-04-04,0.0516001671185384,0.0420985485960815,0.9459008653638474,4.751202584800042,0.8065614242746109,False,0.082641699379358,0.0767159701664165,0.9692515932089638,0.8558891669043527,-4.522483102009423,0.8243504400334603,0.9711774394315363
2006-04-07,0.0700672551336819,0.0588348197131203,0.94096657844257,4.726350438935135,0.8575316927043245,False,0.081635743839704,0.0752854781301528,0.9669887920276524,0.8568746823843358,-4.538792488963479,0.8818631896798933,0.9640322994514049
2006-04-12,0.0527974878495249,0.0434012454732826,0.9446356156652655,4.891214407018315,0.857751767906261,False,0.0793286833604896,0.0727347395176032,0.9652005379186614,0.8574009336974909,-4.566986242407867,0.8818631896798933,0.957458770669684
2006-04-18,0.1045378637498553,0.0858187075661643,0.9178592207705376,4.557933312570986,0.8894609453064993,False,0.094454191594109,0.0805851203467399,0.9614132325468115,0.876636940662896,-4.561554484505739,0.9086978329023851,0.9535578956483002
2006-04-21,0.0785710342395381,0.0674698939942843,0.942562720251502,4.693419230543693,0.8747987477780432,False,0.0931835390057434,0.0795359022385434,0.959905191563187,0.8764898852321079,-4.572103664188775,0.9344284337008848,0.952027538692507
2006-04-26,0.0831215330005542,0.07640919408571,0.969802468886004,4.85678303349051,0.8723085884216445,False,0.0923785785253283,0.0792857655863168,0.9658435579568772,0.8761553814872709,-4.594878013732914,0.8880841135828763,0.9469120646837366
2006-05-01,0.0225447804368916,0.0217619723076288,0.9914428997946928,5.095251412208237,0.8850475871338218,False,0.0867918746782533,0.0746838621240217,0.9812031630595666,0.8814907048752014,-4.634907885610939,1.0,0.9787648258734947
2006-05-04,0.0190508342601796,0.0168665310176061,0.9721448681990484,4.967670751460262,0.8578048742385853,False,0.0813725914448074,0.0700584756355085,0.9804784994707252,0.8795958384242721,-4.661528914878885,1.0,0.9915059303493978
2006-05-09,0.0293115481508077,0.0280116617535068,0.986612781781886,4.797918655428202,0.8599405816406966,False,0.0772077079812875,0.0666947305249484,0.9841590688574215,0.8780234178815862,-4.67244009412283,1.0,0.9966023721397591
2006-05-12,0.0141934087739056,0.0128651786627345,0.9828207481631004,5.022839513699955,0.9082043257550436,False,0.0721665640446969,0.0623883663759713,0.984052003201876,0.8961319626056607,-4.700472047689,1.0,0.9986409488559036
2006-05-17,0.0045670515844379,0.0022417237587455,0.9634330811603004,5.482642676100964,0.8958871896048053,False,0.0667586030478762,0.0575766349665932,0.98240248943855,0.8961123807655923,-4.7630456979619575,1.0,0.9994563795423614
2006-05-22,0.0488677098317936,0.0468348681339303,0.983726130901292,4.5990014046603225,0.9367673965276282,False,0.0653273315905896,0.0567172936199802,0.9831966743161952,0.920505390222814,-4.6646191219809765,1.0,0.9997825518169445
2006-05-25,0.0418232305208493,0.0373288730229391,0.9588065248312342,4.575307184639803,0.9462199860215904,False,0.0634470035050104,0.0551662199722169,0.9812454623573984,0.9359341477020798,-4.611031959576272,1.0,0.9999130207267778
2006-05-31,0.0933903158263252,0.0896809018218924,0.9754040933785404,4.181244865936676,0.9400425720647392,False,0.0814129908977993,0.0758750290820222,0.98077815283909,0.9383992023196754,-4.353159703392514,1.0,0.9999652082907111
2006-06-05,0.0243584569732414,0.0243584569732414,1.0,4.579823233281519,0.9080375535449644,False,0.0768486281838347,0.0717537033133197,0.992311261135636,0.9359702704176986,-4.371292785783635,1.0,0.9999860833162845
2006-06-08,0.0463722735843988,0.0447912654120755,0.9879310062108326,4.528573796416698,0.9120079876535616,False,0.0744105198158798,0.0695967082812202,0.9919608407416516,0.9340532877965676,-4.383875266634281,1.0,0.9999944333265138
2006-06-13,0.0546346314652602,0.0512661848481636,0.9727836917103884,4.365363698074495,0.9032241409613224,False,0.0728284487478302,0.0681302664065757,0.9904266688191506,0.9315869560497482,-4.372768325498409,1.0,0.9999977733306056
2006-06-16,0.0728863485638219,0.0638879297201833,0.9370035969992376,4.235650002791157,0.8890787685057376,False,0.0728631886374253,0.0677908794716643,0.9861528230735576,0.9281863010462276,-4.290497331874058,0.727447810573555,0.9781937763100416
2006-06-21,0.0465124318637272,0.0413304104408678,0.9597622944508192,4.471050893727339,0.843843477252409,False,0.0707551280955294,0.0656740419492006,0.9840415807837386,0.921438875142722,-4.304941616822321,1.0,0.9912775105240166
2006-06-26,0.0327050547034002,0.0267682306279072,0.9429093040286984,4.507291058222127,0.8382246202790572,False,0.0677111222241591,0.0625615770434971,0.9807509986433354,0.9147817347536288,-4.321129572134305,1.0,0.9965110042096066
2006-06-29,0.0274550303037545,0.0223684571118218,0.9057350082048484,3.991629571551373,0.8461395719593032,False,0.0644906348705267,0.0593461274489631,0.9747497194082564,0.9092903617300828,-4.123429571784547,1.0,0.9986044016838427
2006-07-05,0.077846567898623,0.068849900742631,0.9364676550345292,4.149052751548234,0.850961936710446,False,0.0725041946873845,0.0650483914251638,0.9716871542583584,0.904624087728512,-4.125479426165642,1.0,0.9994417606735371
2006-07-10,0.0381642476261162,0.031819406162012,0.9197106213028567,4.303915235899524,0.8524174840446486,False,0.069756998922483,0.0623900726041117,0.9675290316219182,0.900447559433803,-4.139754290944352,1.0,0.9997767042694148
2006-07-13,0.0277012105294044,0.0215111275300762,0.902048333870362,4.460640238289396,0.8519216936204761,False,0.0663925358510368,0.0591197569981889,0.9622905758017936,0.8965654901687369,-4.165425166731956,0.7238859829538827,0.9777054465641722
2006-07-18,0.0218146656850881,0.017149243117413,0.9056398195923964,4.366205471753226,0.8282021310610516,False,0.0628263062377609,0.0557621158877268,0.957758515305042,0.891096421440122,-4.181487591133657,0.86065594448339,0.9683414863977098
2006-07-21,0.0091575005462149,0.0074715956403765,0.9101127492714972,4.203845890143987,0.8596479054385973,False,0.0585328017824372,0.0518988742679388,0.9539468540223583,0.8885805401600001,-4.183276255054484,0.8426775877129595,0.9582883745029298
2006-07-26,0.0137374339134717,0.0105105018119678,0.8948042989783898,4.277394026321824,0.8718947766019195,False,0.05494917235292,0.0485878044714611,0.9492154496188407,0.8872456790753537,-4.190805676755872,0.9206552946602874,0.9552777281155185
2006-07-31,0.0109413880795014,0.009696363696477,0.946521580967588,4.251922200434293,0.9101451588697316,False,0.0514285496110465,0.0454764892094624,0.9489999401267408,0.9009853669519804,-4.195694998650145,1.0,0.9821110912462074
2006-08-03,0.0176329923193441,0.0165216100182892,0.9723579827221944,4.357892287387373,0.9144908675427104,False,0.0487249050277103,0.0431600988741685,0.9630147656840128,0.9090886673064182,-4.208670781749124,1.0,0.992844436498483
2006-08-08,0.0203991615254062,0.0182375564540931,0.9663020513503402,4.400178769320228,0.9568117206634684,False,0.046458845547526,0.0411662954805625,0.9649871370838092,0.9377224993206484,-4.223991420754812,1.0,0.9971377745993932
2006-08-11,0.0329148523481967,0.030672355294714,0.9798734783332668,4.471919825867276,0.9652937574923512,False,0.0453753260915796,0.0403267802656946,0.9739189418334836,0.95426525422367,-4.243825693163809,1.0,0.9988551098397573
2006-08-16,0.0102174977722112,0.008551405057006,0.9578478514234168,4.628794990768773,0.9606885649566952,False,0.0425626998260302,0.0377847502489995,0.9726332546006784,0.9581192406634852,-4.274623236972206,1.0,0.999542043935903
2006-08-21,0.0132581531961338,0.0120988698649956,0.9699555182186692,4.524134825953131,0.959897846025543,False,0.0402183360956385,0.0357298798182792,0.9724190356901176,0.95918640388072,-4.294584164090681,1.0,0.9998168175743611
2006-08-24,0.0166035651941825,0.0149222746009327,0.9639931575532402,4.457210778571241,0.9625543499142056,False,0.038329154423522,0.0340652714008915,0.9717449654391676,0.9612071715008114,-4.307594293249126,1.0,0.9999267270297445
2006-08-29,0.0086706037704697,0.0066338929233507,0.9477733136561142,4.622423670564184,0.9590541229732992,False,0.0359564703712778,0.0318707611226882,0.9698272332965232,0.9610349276186104,-4.332780643434331,0.7757840980202005,0.981995316708981
2006-09-01,0.0076018059944702,0.0057829439632523,0.9393799402669438,4.655269642574147,0.9326635911293728,False,0.0336880972211332,0.0297837357499334,0.9673914498541568,0.9587652206994716,-4.358579763365516,0.8517945835324552,0.971579258054859
2006-09-07,0.0121439978504879,0.0101657402638454,0.9572975708153848,4.616999669457545,0.8591015019431824,False,0.0319645692714816,0.0282142961110463,0.9665839395310551,0.9507921231989684,-4.379253355852879,0.9590237218964162,0.9705748151621837
2006-09-12,0.0064656482937294,0.005054057205708,0.9521272511974536,4.431117659981117,0.880559774472258,False,0.0299246555932614,0.0263614769986193,0.9654274044643671,0.9451735353008316,-4.383402500183139,0.9590237218964162,0.9696507277009224
2006-09-15,0.0190008835641764,0.0159271621720996,0.9573948769086263,4.485656268748847,0.8746156662367074,False,0.0290507538309346,0.0255267318124977,0.964784802259908,0.9395289057757016,-4.391582801668396,0.9623984651636093,0.9690705466979375
2006-09-20,0.0205882110595564,0.0199624922436764,0.9938249033287786,4.486837989649076,0.8588228319088057,False,0.0283737504092244,0.025081592646992,0.9822088629012304,0.93307241986635,-4.399203216706851,1.0,0.9876282186791749
2006-09-25,0.0451944588215865,0.0362565071663121,0.9387111022307806,4.383371817958481,0.8505978108489256,False,0.0384661754566417,0.031786541358584,0.9787290420475946,0.926474451144956,-4.389704377457829,1.0,0.9950512874716699
2006-09-28,0.0717388778938813,0.0677164010127588,0.976611907780913,4.062151812053939,0.8725036736863812,False,0.0584297969189854,0.0533444571510889,0.97855967130626,0.92215678894827,-4.193172838215495,1.0,0.998020514988668
2006-10-03,0.0923189905013573,0.0917513379181945,0.9964378169893248,4.069577178491372,0.8633812296280897,False,0.0787633130684086,0.0763885856113523,0.989286558716099,0.9174547442026556,-4.119015442381022,1.0,0.9992082059954672
2006-10-06,0.1150032019220784,0.1060912844085531,0.9525459799004226,3.991391424671048,0.8301192165187266,False,0.1005072463806105,0.0942102048896728,0.986347312410845,0.9104679019879414,-4.042441031755038,1.0,0.9996832823981869
2006-10-11,0.1529128071022542,0.1456758266910561,0.9665325701378272,3.9436156381582728,0.8178828587211442,False,0.1319505828135967,0.1250895779705028,0.9847621330290036,0.9030610985265975,-3.983145795596979,1.0,0.9998733129592747
2006-10-16,0.126713723542069,0.1231542875304061,0.9823358008016412,3.993274290094838,0.8166635237550698,False,0.1315316340718745,0.124934754735295,0.9845680264508146,0.8961492925448754,-3.983956075156808,1.0,0.9999493251837099
2006-10-19,0.1962558177963865,0.1798762094642404,0.9380614440664424,3.938975224273823,0.8238741184939641,False,0.1703661443065817,0.1578996275726623,0.9808474998600648,0.8903672786208026,-3.956967564627017,0.8153024729002122,0.9851775770010301
2006-10-24,0.0940705033680111,0.0760267884134759,0.9203968886343736,4.592944562228665,0.7740470431504023,False,0.164262493031496,0.1513498004399274,0.9760114509620096,0.8810616597831706,-4.007845724435149,0.9352073879417705,0.9811799618762894
2006-10-27,0.124175825993062,0.1044885985626208,0.931106580731924,4.536896455221923,0.7568474726910345,False,0.1610555596684213,0.1476009042897428,0.9724190613436028,0.8711245248157997,-4.050169782898091,1.0,0.9924719847505158
2006-11-01,0.0236855973039112,0.017451627168577,0.9136549385059232,4.731981637952456,0.8586175856474161,False,0.1500659626792605,0.1371889621200496,0.9677179315165884,0.8701239696823291,-4.10471473130244,0.6281793821765116,0.9633285765445956
2006-11-06,0.0226849840253589,0.0156742467885697,0.9136098344910734,4.59693073651601,0.8594224595625212,False,0.1398754843869484,0.1274677848935312,0.9633892837545474,0.8692678488727444,-4.144092011719526,0.7436722296721271,0.9457560687947981
2006-11-09,0.0238460928247308,0.0163852325404566,0.9062846212855928,4.680605488736625,0.8670989491762839,False,0.130593133061971,0.1185811807052852,0.958820910757031,0.8690943368970276,-4.187013089880894,0.7436722296721271,0.9295893616649844
2006-11-14,0.015780458521717,0.0107967143241927,0.9359876513138634,4.893983704207954,0.8463524922893728,False,0.1214081190987507,0.1099584233947978,0.9569942500015776,0.8672749893284153,-4.243570739027059,0.8333434996315916,0.921889692702313
2006-11-17,0.0468823643076039,0.0441272896682657,0.9797235511129332,4.59040044812619,0.8359072966292663,False,0.1154460587154589,0.1046919326966753,0.970631830668391,0.8647655739124834,-4.271317115754989,1.0,0.9687558770809253
2006-11-22,0.0370960988105565,0.0348319297559779,0.9840796890372372,4.695247124453424,0.8254802421407831,False,0.1091780619230667,0.0991031324614195,0.9787005456896988,0.8616227473707474,-4.305231516450864,1.0,0.9875023508323701
2006-11-28,0.0716872309254453,0.0656157926819272,0.97140108900298,4.224200344925016,0.862785650750314,False,0.106178795443257,0.0964241452790601,0.9781165891547612,0.8623204893984874,-4.256612813535355,1.0,0.9950009403329481
2006-12-01,0.2847245362634568,0.2596185322384327,0.9173758956134036,3.4600481620842904,0.8710534573150427,False,0.2133062399353769,0.1943407774546836,0.9732573336714526,0.8675602701484206,-3.778674022664717,0.8243305437453532,0.9813473086059405
2006-12-06,0.2121763035669776,0.1929933299791948,0.9289673539934912,3.6989797527722543,0.8131043568726439,False,0.213215845025905,0.1942329816566445,0.9697141352972156,0.8632037970863585,-3.730857460729239,0.8153024729002113,0.9680637217494823
2006-12-11,0.1957182043428105,0.1778601759253615,0.9312114242999252,3.6738483889849647,0.8074153985194213,False,0.2118160337712574,0.1929231571981419,0.9666339184174324,0.8587407252010036,-3.696652017682674,0.7485460650452305,0.9505023092131422
2006-12-14,0.231188631950731,0.2185172184387638,0.9606231381854292,3.68714097800112,0.8281043504592169,False,0.2234395926789416,0.208279593942515,0.9661530559988722,0.8562898152216608,-3.690945393873741,0.90987368618661,0.9472520193710197
2006-12-19,0.2128596478827565,0.2002146382293957,0.9597697476517022,3.7629057109160136,0.8214676374787951,False,0.2225931970952468,0.2076343974854655,0.9656423913310986,0.8535040410022317,-3.6967022192371233,0.9118963599034279,0.9444235666136124
2006-12-22,0.1314664939858086,0.1193070593087727,0.9480753567632544,4.036240008814125,0.7776270427405302,False,0.2153030608464917,0.20056821043133,0.9642370285656712,0.8474338811412956,-3.723865242403284,0.8461466864467961,0.9365614162002671
2006-12-28,0.0323825189316159,0.0271112200222531,0.9542238632525613,4.732454605607508,0.7278267137686385,False,0.2006694174933017,0.1866916511986039,0.9634359753406224,0.837865307751483,-3.8045523914596218,0.9436825606199547,0.9408341028520797
2007-01-04,0.0429165430023627,0.0363076493794968,0.946126630673258,4.70332733814693,0.7770885682603075,False,0.1880491875340266,0.1746609310530754,0.9620512277672332,0.833003168592189,-3.8764543871946064,0.9591352342342654,0.9518147816813911
2007-01-09,0.0685114482544502,0.0579340577997633,0.9401023670371942,4.567249882871797,0.8228899602589623,False,0.1784861683916605,0.1653227811928104,0.9602953189088302,0.8321941119255309,-3.931718026848782,0.7520119919516585,0.9358305585030124
2007-01-12,0.11015761299937,0.0956875372569584,0.9322781720232196,4.433955425581191,0.8343254042857484,False,0.1730198839602773,0.1597519616779422,0.9580539471579814,0.8334728873416615,-3.971897018747375,1.0,0.974332223401205
2007-01-18,0.1234738500743668,0.1011406615841042,0.9169870177887802,4.593238550714564,0.8234575239517706,False,0.1690562012494044,0.1550630576704352,0.9547685928084452,0.8326716582704702,-4.021604341304751,0.7548004908841165,0.9567696847998379
2007-01-23,0.1546922501278762,0.1406858600511309,0.9505082343090024,4.339327386123284,0.83495954633756,False,0.1679070851596822,0.1539128818608909,0.95442776412849,0.834044391110724,-4.047022184890234,0.9003901008146252,0.9522593180810209
2007-01-26,0.1124421416464019,0.101483463958732,0.955353419959166,4.413254340763433,0.8419507127663687,False,0.1634698896786198,0.1497185284287182,0.9549831576268956,0.8387881841041109,-4.07632075736009,0.8635629720228944,0.9451636103963708
2007-01-31,0.0881421708749011,0.0728788581521007,0.9379695283879392,4.670161105979609,0.8331422910299487,False,0.1574436721743223,0.1435713548065888,0.9536220672877792,0.838336512658178,-4.123827985249652,0.8413791543030481,0.9368608539089051
2007-02-05,0.0137711718237309,0.007781210836582,0.9324856941763464,5.33157474399308,0.7926600414962821,False,0.145949872146275,0.1327081432889883,0.9519311574388646,0.8346823949652263,-4.220447725949127,0.6933215712639543,0.9173777112973089
2007-02-08,0.0240134681679143,0.0165839445483866,0.9362972481457356,5.030400209445003,0.8171594803420196,False,0.1361949598280061,0.1234182073897401,0.9506804446954144,0.8332805617953698,-4.285243924628797,0.7530128285839285,0.9042285206802385
2007-02-13,0.0116518763838445,0.0069508160660826,0.9326032910575586,5.168878152960839,0.8011427623896279,False,0.1262315131524732,0.1141008160838475,0.949234272404386,0.8307095378429105,-4.35593466289536,0.9580609347978137,0.9365279691507836
2007-02-16,0.0047855607505089,0.003048646042142,0.9436238605304924,5.268167771131233,0.7575156811376355,False,0.116515836960316,0.1052166424805111,0.9487854394544746,0.8248540293064885,-4.428913311554231,0.7904370357966375,0.924840694482452
2007-02-22,0.007302233307018,0.0050143004151672,0.9452813491723544,5.183995366771235,0.749877474478527,False,0.1077787486680522,0.0972004551152836,0.948505112231905,0.8188559049202517,-4.489319875971591,0.9165011608398571,0.9241735317910444
2007-02-27,0.9275802128812084,0.9275802128812084,1.0,2.3898022107562165,0.9548880194109004,False,0.599659627195946,0.5954283097748385,0.979402044892762,0.9004751736146409,-3.2296092768423663,1.0,0.9696694127164178
2007-03-02,0.8212698595538441,0.8212698595538441,1.0,2.84455378121568,0.9465595531501904,False,0.7326257666106848,0.7309332396422419,0.9917608179571048,0.9281258013359706,-2.998575979466355,1.0,0.9878677650865672
2007-03-07,0.6667976112388767,0.6569814457095337,0.9828966684346614,2.97411755954537,0.9580825919211712,False,0.7273595141809402,0.7250170961276253,0.9910516859953094,0.9460998756870908,-2.983900927513764,1.0,0.9951471060346269
2007-03-12,0.7161713956497694,0.7068018546792221,0.9847876135921017,2.8896924449202888,0.9539027333468868,False,0.7264644646984466,0.723559876811753,0.9905505602030528,0.9507815902829684,-2.927375837957679,1.0,0.9980588424138508
2007-03-15,0.6953805237910754,0.6945484915514516,0.9984814701337912,2.8049503527723774,0.959720346377534,False,0.7239777494258569,0.721238965990929,0.9953091061614958,0.9561448439397078,-2.8539205468464983,1.0,0.9992235369655403
2007-03-20,0.7474934911702716,0.7474934911702716,1.0,2.689884023740579,0.963218597937891,False,0.7380871944725057,0.7369916810985345,0.9981236424645984,0.9603890963386176,-2.7554986329829467,1.0,0.9996894147862161
2007-03-23,0.7120387713870374,0.7120387713870374,1.0,2.743170016457292,0.9604015195736904,False,0.7360033206256682,0.7349954483216148,0.9992494569858392,0.9603965502796612,-2.7481014630675533,1.0,0.9998757659144865
2007-03-28,0.4376109680259706,0.4376109680259706,1.0,3.259545099178255,0.9426382954283282,False,0.7121319324176925,0.7112046898979634,0.9996997827943356,0.9589758898915548,-2.7890169539564096,1.0,0.9999503063657946
2007-04-02,0.2541684090260434,0.2541684090260434,1.0,3.610671672437059,0.9049663950618444,False,0.6754948505463606,0.6746417874282099,0.9998799131177344,0.954655130305178,-2.8547493314348618,1.0,0.9999801225463179
2007-04-05,0.2248097039927413,0.2248097039927413,1.0,3.5821773664316736,0.9165068819442838,False,0.6394400388220711,0.6386552207533724,0.9999519652470936,0.9516032704363064,-2.912943574234607,1.0,0.9999920490185271
2007-04-11,0.0742463884385805,0.0731629924289041,0.9914573667214396,4.045722049547103,0.9181093896787356,False,0.5942245467913918,0.5934158424874151,0.9992723973650416,0.9489237599757008,-3.0035658522596065,1.0,0.9999968196074108
2007-04-16,0.1023988927490671,0.0996992846181432,0.9827836936830048,3.935628042467108,0.8997868202120701,False,0.5548784944680059,0.5539185178578734,0.9979533010704786,0.9449928047946105,-3.078130827476207,1.0,0.9999987278429643
2007-04-19,0.0623095893858552,0.0585673879466232,0.9679477573778588,4.148515655175802,0.8802303687222383,False,0.5154729820614338,0.5142904274649733,0.9955528575750692,0.9398118099088206,-3.1637616136921745,1.0,0.9999994911371857
2007-04-24,0.0691601224874429,0.0643778807002435,0.9642153774957302,4.154536904154652,0.8969247867714034,False,0.4797679532955145,0.4782974237237949,0.993045859168722,0.9363808480578272,-3.243023636929173,1.0,0.9999997964548742
2007-04-27,0.0973368649078411,0.0920292782198603,0.9619788200617216,3.982413224079961,0.8738880025923041,False,0.4491734662245006,0.4473959720834802,0.990560496040162,0.9313814204205856,-3.302174803901236,1.0,0.9999999185819497
2007-05-02,0.0811651396362305,0.0777014253421725,0.9845774066934468,4.373146253651448,0.8146028938856738,False,0.4197328000974391,0.4178204083441756,0.9900818488924248,0.9220391382977926,-3.387852519881253,1.0,0.9999999674327799
2007-05-07,0.0397829745589091,0.0315404468971132,0.928338111488512,4.499648981875888,0.8160455075017048,False,0.3893368140543567,0.3869180114284106,0.985142349900112,0.9135596478341056,-3.476796236840824,0.7001483734051406,0.9760118399105687
2007-05-10,0.1069605268418338,0.1027021917903384,0.9617209054652897,4.004633497406615,0.855329860354314,False,0.3667467110773549,0.3641807458573649,0.9832686343453262,0.9089012648357222,-3.519023217686088,0.9296985498241429,0.9723067767036547
2007-05-15,0.124589481885551,0.1203207076493521,0.9649914618881476,3.9199082230749145,0.8725508018659489,False,0.3473741327420106,0.3446719428007239,0.981806460548752,0.9059932277981404,-3.551094018117194,0.9296985498241429,0.9688981185532938
2007-05-18,0.1225674589390817,0.1143771753446197,0.942958037634274,3.9610065577778233,0.8286105376831018,False,0.3293895988377763,0.3262483614042356,0.9786985867155938,0.8998026125889372,-3.5838870212900447,0.9293906262293956,0.9657375191673819
2007-05-23,0.1303467682293184,0.1247918964877412,0.9632278173500204,3.95567349554454,0.8375239943835545,False,0.3134661723890997,0.310131844210916,0.977460925166348,0.8948203231325066,-3.613629939230404,0.9293906262293956,0.9628297677323431
2007-05-29,0.1072624639559302,0.0998367463691824,0.9516112844311372,4.111436380658207,0.8502113962197879,False,0.2969698757144461,0.2933082363835773,0.9753929539075312,0.8912516089794892,-3.6534544545446286,0.7740034852739863,0.9477236651356745
2007-06-01,0.0759912849615137,0.0700163846894281,0.9504992600337058,4.264420994851334,0.8459174390210693,False,0.2792915884542116,0.2754448882480454,0.9734014583976254,0.8876248753828156,-3.7023317777691656,0.7740034852739863,0.9338260507467394
2007-06-06,0.2450586111553639,0.2358642342850846,0.9663966794752288,3.853810138643644,0.8668125704039955,False,0.2765529502703038,0.2722784359310086,0.9728410760838336,0.88595989098451,-3.714450046639124,0.8513283899170634,0.9272262378803654
2007-06-11,0.0804307091435123,0.0768547692735496,0.9818851460637588,4.491252872395473,0.8530828999941245,False,0.2608631709801605,0.2566445425984118,0.9782675180717886,0.8833297317052792,-3.776594272699632,1.0,0.9708904951521462
2007-06-14,0.0569789685377232,0.0472930418755043,0.929737891172531,4.3721050649762425,0.9083347619267086,False,0.2445524347847655,0.2398964225405792,0.974385147919848,0.8983327498381368,-3.824235136081761,0.9000943278093,0.9652268017647185
2007-06-19,0.0516586678641776,0.0426693700827434,0.929261631211068,4.317510529268327,0.90509787206819,False,0.2291209334311185,0.2241182583439524,0.9707752665831456,0.9023918231761688,-3.8636971675366873,0.8026681213093584,0.9522221073282897
2007-06-22,0.0528706003713964,0.0443086948838142,0.9274771158427876,4.220475022855041,0.8965281021673789,False,0.2150209067863407,0.2097334932671413,0.9673114145239172,0.9019227254954656,-3.892239395962155,0.7557671910765913,0.9365057140281539
2007-06-27,0.0510092338806748,0.0427894405032506,0.9295565592377396,4.232878240807909,0.9017091973243118,False,0.2018999729538874,0.1963779690460301,0.9642910261010232,0.9019056432417734,-3.9194905035498153,0.8054340904602472,0.9260199841427214
2007-07-02,0.0262860281547443,0.0214187156144847,0.916382019017127,4.204487682905261,0.8653186508875697,False,0.187850857369956,0.1823812287715065,0.9604583055343114,0.8989786838534372,-3.9422902778982514,0.8749748806632203,0.9219363758643614
2007-07-06,0.0480321913578885,0.0439599241762403,0.96987064060819,4.376680037435016,0.823069241132272,False,0.1766653640889906,0.1713075244038852,0.9661057065786388,0.892905928435744,-3.977041458661193,1.0,0.9687745503457446
2007-07-11,0.1859939192022822,0.1844499534066357,0.9943361984123325,3.79034229428723,0.8094535702792222,False,0.1822624971569655,0.1791929818055355,0.983044001678855,0.8862297397832224,-3.865021960036815,1.0,0.9875098201382978
2007-07-16,0.1936760907611601,0.1833135354962825,0.9596616559452896,3.817371156676892,0.7886790873510194,False,0.1891106533194823,0.1816653140199837,0.9811734140201698,0.8784256875886463,-3.836431478020861,0.8587995358844062,0.9772129973979865
2007-07-19,0.2693764848419352,0.2541409746599711,0.9479220947276352,3.5941595194929743,0.8125181079546407,False,0.237270152232954,0.2251507104039761,0.9785133084767672,0.8731530812179258,-3.691068302904129,0.848314324569783,0.9669011035717303
2007-07-24,0.3581388461979943,0.3353681814965177,0.9353979263722886,3.4389794048199853,0.8452620396860053,False,0.3097913686119782,0.291281193059501,0.9750640779084088,0.8709217978953722,-3.539814964053643,0.7195610821937959,0.9471139018614956
2007-07-27,0.8823331480292957,0.8823331480292957,1.0,2.649303038173409,0.9398279455365126,False,0.6533164362623687,0.6459123660413778,0.9900256311633636,0.9122654864800565,-3.005507808525503,1.0,0.9788455607445983
2007-08-01,0.8345488729343231,0.8345488729343231,1.0,2.7934116032779075,0.947495151509906,True,0.7620558982655414,0.759094270177145,0.9960102524653454,0.933403285497966,-2.878250085376946,1.0,0.9915382242978393
2007-08-06,0.4647046711199211,0.4594434594234229,0.9870676053033524,2.9927484352353617,0.9498023366541918,True,0.7382678000938918,0.7351222053168472,0.995294840692386,0.9432427161917016,-2.8874099533656192,1.0,0.9966152897191357
2007-08-09,0.5127944955263675,0.5127944955263675,1.0,3.008962066693555,0.974420305791778,True,0.7202299357284898,0.7173359885336088,0.9981179362769544,0.9619492699517476,-2.8971341224318543,1.0,0.9986461158876543
2007-08-14,0.5377269287968615,0.5377269287968615,1.0,3.022156760478632,0.9703946872035004,True,0.7056296951739596,0.702967263754669,0.9992471745107818,0.9670165203027992,-2.9071359334755966,1.0,0.9994584463550618
2007-08-17,0.5106803609502252,0.5106803609502252,1.0,3.021391679290365,0.9683704117028265,True,0.6900337484360608,0.6875843115303135,0.9996988698043128,0.9678288551428156,-2.916276393140778,1.0,0.9997833785420247
2007-08-22,0.5314334241918808,0.5314334241918808,1.0,2.969874480597976,0.9679088649665356,True,0.6773457224965265,0.6750922405432389,0.9998795479217252,0.9678768610370476,-2.920564240137354,1.0,0.9999133514168099
2007-08-27,0.554073175052313,0.554073175052313,1.0,3.077339705793327,0.9675511947674836,True,0.6674839187009893,0.6654107153039648,0.99995181916869,0.9678508077354826,-2.933106277389832,1.0,0.9999653405667239
2007-08-30,0.5028309792302391,0.5028309792302391,1.0,3.099482843509777,0.9656566147285722,True,0.6543116835433292,0.6524043364180667,0.999980727667476,0.9676752722949298,-2.946416402679428,1.0,0.9999861362266895
2007-09-05,0.5124878843188923,0.5124878843188923,1.0,3.05541521364749,0.96700502990307,True,0.6429657796053743,0.6412110202501328,0.9999922910669904,0.967621652903581,-2.955136307556873,1.0,0.9999944544906758
2007-09-10,0.6249836719875633,0.6106934634581871,0.972406833552188,3.074928620665108,0.9276710477628364,True,0.6415272109959493,0.6387696157067771,0.9977854544658062,0.9644256044923216,-2.964719692605532,0.9264026983380751,0.9941071139984677
2007-09-13,0.6206544584488761,0.6120161862005067,0.9835163988764778,2.9676514385922124,0.9251671681022728,True,0.6398573907921835,0.6366293413462755,0.99664393001866,0.9612849295811176,-2.9649542322844664,1.0,0.9976428455993871
2007-09-18,0.4883728072597396,0.4824745687208832,0.9872816918863766,3.197939030619368,0.8649029903165856,True,0.627738624109588,0.6242969595362442,0.9958949509680772,0.9535743744399552,-2.9835930161512585,1.0,0.9990571382397548
2007-09-21,0.5577363999258175,0.5577363999258175,1.0,3.164781820682311,0.9001073781276933,True,0.6221384461748865,0.6189721147674101,0.9983579803872308,0.9492970147349742,-2.998088120513742,1.0,0.9996228552959019
2007-09-26,0.4917847522317018,0.4917847522317018,1.0,3.276011827292939,0.9055744875276251,True,0.6117101506594318,0.6087971257645535,0.9993431921548924,0.9457992125583864,-3.0203220170560785,1.0,0.9998491421183607
2007-10-01,0.664396322737015,0.664396322737015,1.0,3.09491047476388,0.9260237574110514,True,0.6433218539059817,0.6421566439480304,0.9997372768619568,0.9442171761465996,-3.0262890936727027,1.0,0.9999396568473443
2007-10-04,0.6078537243403299,0.6078537243403299,1.0,3.259050198950214,0.9256184172099268,True,0.6404844035407296,0.6394124103794143,0.9998949107447828,0.9427292754316658,-3.044909982094904,1.0,0.9999758627389377
2007-10-09,0.4022941306061865,0.3865917652871413,0.9598670601761694,3.429359011355995,0.9109515438894314,True,0.6214291817059661,0.6191867587720326,0.9966926826992938,0.9401870569082872,-3.075665904435791,1.0,0.999990345095575
2007-10-12,0.3732368400750438,0.3571960034240048,0.9570820673927796,3.4870865731525647,0.9203364539933748,True,0.6015737943754923,0.5982274983441904,0.9935238334747728,0.9385990086750942,-3.108579557933133,1.0,0.9999961380382301
2007-10-17,0.1553719744741585,0.1464039494663839,0.9635978945053052,3.958470005901516,0.892710524305292,True,0.5658776487833856,0.5620816144339659,0.9911297583572152,0.93492792992551,-3.176570793770604,1.0,0.9999984552152921
2007-10-22,0.2142228556122335,0.1904753217820796,0.920248229060938,3.871766844425217,0.8764989977848239,True,0.5377452653296936,0.532353111021815,0.9854592360135132,0.9302536153542552,-3.232186477822973,0.7621830919044392,0.9809732261504239
2007-10-25,0.3192186126227562,0.3057340078530745,0.9659461697658818,3.602069670340821,0.8980568828841722,True,0.5202631331131387,0.5142235827683158,0.9838981907137028,0.9276778767566486,-3.2617771332244008,1.0,0.9923892904601695
2007-10-30,0.3600607558651115,0.3525254903296928,0.9813728746515988,3.489884068378585,0.8940407825341301,True,0.5074469429332965,0.501287735373226,0.9836961654287344,0.9249869092188472,-3.280025688036736,1.0,0.9969557161840679
2007-11-02,0.4474655071462793,0.4460211827798374,0.9964365893762174,3.232722097221441,0.9168692557260714,True,0.5026484280703352,0.4968664111657549,0.9913404197972242,0.9243374969394252,-3.251643533547559,1.0,0.9987822864736271
2007-11-07,0.5616935362699277,0.5616935362699277,1.0,3.0598299902599493,0.927893799902253,True,0.5380754929900907,0.5357626862282586,0.9965361679188895,0.926471278717122,-3.136555407574993,1.0,0.9995129145894508
2007-11-12,0.4945962656273668,0.4914217487334741,0.9931405711073986,3.201316904333991,0.9367427348510584,True,0.5345971548010728,0.5322154112286759,0.9962645201739704,0.9326341523974838,-3.1417363273157126,1.0,0.9998051658357803
2007-11-15,0.4831471375567625,0.4831471375567625,1.0,3.275773477299721,0.9484552364593668,True,0.530481153421528,0.5282899493349228,0.998505808069588,0.9421268028346136,-3.1524592993144336,1.0,0.9999220663343121
2007-11-20,0.533019576686547,0.533019576686547,1.0,3.153676650262733,0.9306222014280696,True,0.5320042073805394,0.5311277257458973,0.9994023232278352,0.9412064347220904,-3.1525566873902977,1.0,0.9999688265337249
2007-11-26,0.4564948148675201,0.4564948148675201,1.0,3.086183780556658,0.9313896000464325,True,0.5259634559794979,0.5251570928756272,0.999760929291134,0.9404210879480376,-3.112732943290114,1.0,0.99998753061349
2007-11-29,0.4049824034080013,0.4049824034080013,1.0,3.156809210655919,0.9170423066221212,True,0.5162849717737782,0.5155431177182171,0.9999043717164536,0.9385507854419644,-3.1162590446793783,1.0,0.999995012245396
2007-12-04,0.3681452753684866,0.3681452753684866,1.0,2.93641932298149,0.9092564605371593,True,0.504433796061355,0.5037512903302388,0.9999617486865816,0.93620723944958,-3.0083552116606453,1.0,0.9999980048981584
2007-12-07,0.3174218690561926,0.3174218690561926,1.0,2.883039052146988,0.906287897773435,True,0.489472841900942,0.4888449366283151,0.9999846994746326,0.9338136921154884,-2.933165515952451,1.0,0.9999992019592634
2007-12-12,0.367277827941006,0.367277827941006,1.0,2.6146081885385875,0.925466141171478,True,0.4796972407841471,0.4791195679333304,0.9999938797898532,0.9331458880399676,-2.7420311195041327,1.0,0.9999996807837054
2007-12-17,0.357925237201295,0.357925237201295,1.0,2.819036950728769,0.9289447410206452,True,0.469955480497519,0.4694240214747676,0.9999975519159412,0.932809796278422,-2.748191586002104,1.0,0.9999998723134822
2007-12-20,0.2017807418708276,0.2011484354387075,0.9971624124684556,3.3707146155272523,0.9018016159003344,True,0.4485015014073837,0.4479619745918828,0.9997707407601424,0.9303291418481748,-2.797993428364116,1.0,0.9999999489253929
2007-12-26,0.238391918727556,0.2345847384477107,0.9858969467364872,3.431680558442016,0.8981026644214775,True,0.4316927347929976,0.4308917957003491,0.99866083723825,0.9277510236540392,-2.8486883987703484,1.0,0.9999999795701572
2007-12-31,0.1872448656000145,0.1842543784370686,0.989640832822895,3.70473415674066,0.8925161202235519,True,0.4121369052575589,0.4111608023192867,0.9979392368850216,0.9249322313796002,-2.917172059407973,1.0,0.9999999918280629
2008-01-04,0.2507581618110486,0.2473908717554332,0.9899991695941828,3.5540886050315086,0.8942362673395878,True,0.3992266057818381,0.3980592078741785,0.9973040315017546,0.9224765542563992,-2.968125383057856,1.0,0.9999999967312252
2008-01-09,0.1019536880968488,0.0995352576451593,0.9886108715801626,4.19217720128679,0.8645881266889617,True,0.375444772367039,0.3741772918558569,0.9966085787080272,0.9178454800510044,-3.0660495285161704,1.0,0.9999999986924901
2008-01-14,0.147668227767151,0.1376835810947909,0.9635982173464572,4.193924285972128,0.8607352421485124,True,0.3572226487990479,0.3552577949949717,0.993967749799102,0.913276661018805,-3.156279509112647,1.0,0.999999999476996
2008-01-17,0.1137570481294254,0.1132919574412178,0.9978554287717464,4.160328836518455,0.8379515408938855,True,0.3377454007454781,0.3359005279906714,0.9963003571826888,0.9072506514088116,-3.236603455305112,1.0,0.9999999997907985
2008-01-23,0.4803036473325898,0.4796975222611298,0.9986403699245388,3.153253693082956,0.9367927445647908,True,0.4232803486977451,0.4221787245529464,0.9977043648277988,0.924975907302399,-3.186593597971818,1.0,0.9999999999163194
2008-01-28,0.3371338675371459,0.3367248654797957,0.9989438278661802,3.39219606432508,0.9278348825543558,True,0.4163886302048972,0.4153424158270944,0.9984480426508276,0.9266912924535732,-3.20304179528008,1.0,0.9999999999665278
2008-01-31,0.3867053566625648,0.3790258530684835,0.9821786929993096,3.401944963637757,0.927758675391854,True,0.4140139683215107,0.4124370908064055,0.9971464946787062,0.9273317222165416,-3.218954048748694,1.0,0.9999999999866112
2008-02-05,0.3962683650264666,0.3895717796880211,0.9843131076951196,3.2997502616663,0.9343235924670854,True,0.4125943200579072,0.4106078659169347,0.9961198237200194,0.9315268443668678,-3.225417745782103,1.0,0.9999999999946445
2008-02-08,0.5510695415023963,0.5510695415023963,1.0,3.18313506692129,0.9469866903360477,True,0.4956794529246007,0.4948848712682117,0.9984479294880078,0.9408027519483756,-3.200048138465615,1.0,0.9999999999978578
2008-02-13,0.6004175923766254,0.6004175923766254,1.0,3.121728989207476,0.9486950978576842,True,0.5585223365958155,0.5582045039332599,0.9993791717952032,0.9455381594939608,-3.153056648910732,1.0,0.9999999999991431
2008-02-19,0.6228466550723222,0.6228466550723222,1.0,3.1002492060438374,0.951022963062536,True,0.5971169276817195,0.5969897946166973,0.9997516687180812,0.9488290416351058,-3.121372183190595,1.0,0.9999999999996573
2008-02-22,0.0129776735399777,0.0121214184027279,0.9837913376447291,4.369784142885074,0.9151863239182376,True,0.5503857873503802,0.5502003245195798,0.9984748422322132,0.9461376242177564,-3.221245139966153,1.0,0.9999999999998629
2008-02-27,0.0400911389016674,0.037806655828675,0.9813082013379456,4.34101327555787,0.8870519707679525,True,0.5095622154744832,0.5092088310243074,0.9971015109606716,0.941410771941772,-3.310826590813491,1.0,0.9999999999999452
2008-03-03,0.163455993542872,0.163455993542872,1.0,3.410776089257804,0.9251814537387144,True,0.4818737177199543,0.4815486040257926,0.9988406043842688,0.9401124264855276,-3.3188225506890365,1.0,0.999999999999978
2008-03-06,0.1432766203051133,0.1432766203051133,1.0,3.1549904910098605,0.9274015215186368,True,0.4547859499267671,0.4544868453281382,0.9995362417537076,0.9390955540881764,-3.2205233148815307,1.0,0.9999999999999912
2008-03-11,0.3241577550019442,0.3241577550019442,1.0,2.9452715743874616,0.9383898287012996,True,0.4443356943327812,0.4440605181020428,0.999814496701483,0.9390390960572262,-3.055372270585089,1.0,0.9999999999999964
2008-03-14,0.2881402058004293,0.2881402058004293,1.0,2.8709161765114466,0.939818884044582,True,0.4318400552501931,0.4315868931179137,0.9999257986805932,0.9395069688496398,-2.944698614140904,1.0,0.9999999999999986
2008-03-19,0.4195070795501462,0.4195070795501462,1.0,2.321002236665907,0.9694859943136724,True,0.4308534171941894,0.4306205080324923,0.9999703194722372,0.9574943841280594,-2.5704807876559057,1.0,0.9999999999999994
2008-03-25,0.5697796359056686,0.5697796359056686,1.0,2.4136019319093576,0.956856590875622,True,0.5142091484210769,0.5141159847563981,0.9999881277888948,0.9574433606678644,-2.476353474207977,1.0,0.9999999999999998
2008-03-28,0.7922603283620645,0.7922603283620645,1.0,2.4947680132371377,0.9487447805724974,True,0.6810398563856694,0.6810025909197979,0.999995251115558,0.9567474742602352,-2.4778266373303097,1.0,0.9999999999999999
2008-04-02,0.7716106549784143,0.7716106549784143,1.0,2.519042295212397,0.941219991946873,True,0.7353823355413163,0.7353674293549677,0.9999981004462232,0.9555052756751662,-2.4811238899608767,1.0,1.0
2008-04-07,0.5601631314810818,0.5601631314810818,1.0,2.532142758105054,0.9339785647837596,True,0.7213647992164975,0.7213510855250568,0.9999992401784892,0.9537831388038536,-2.4852053994124117,1.0,1.0
2008-04-10,0.5645600831906047,0.5645600831906047,1.0,2.6579261583439258,0.928723876846656,True,0.7088204219344261,0.7088078053383006,0.9999996960713956,0.951778397847278,-2.4990230601269325,1.0,1.0
2008-04-15,0.5087380222591908,0.5087380222591908,1.0,2.9421801044529667,0.8955695790876798,True,0.6928138299604073,0.6928022226919718,0.9999998784285584,0.94728169234651,-2.5344756236730155,1.0,1.0
2008-04-18,0.4196687962308952,0.4148699076188045,0.9900348754049608,3.4422764495685043,0.860753845272897,True,0.6709622272620464,0.6705676374861185,0.9992026781866704,0.940359464580621,-2.6070996897446546,1.0,1.0
2008-04-23,0.2931358459943214,0.2735372324011983,0.9466842912577172,3.684601830866377,0.8420725254531286,True,0.6407361167606284,0.6388052050793249,0.9950012072323544,0.9324965094504216,-2.693299861034393,0.9098736861866094,0.9927898948949287
2008-04-28,0.4253241911105427,0.412994740983965,0.9725372137081646,3.2594061094090234,0.8458078180347616,True,0.6235031627086216,0.6207403679516961,0.9932040877504192,0.925561414137169,-2.7385883609043637,1.0,0.9971159579579715
2008-05-01,0.2011324128392746,0.1964698103839137,0.9835084147649158,3.825828246998692,0.786742858116381,True,0.5897135027190739,0.5867987233462735,0.992428433911579,0.914455929655506,-2.82556755179191,1.0,0.9988463831831886
2008-05-06,0.4074247848242983,0.4060269878693822,0.9968084222953808,3.309488380031912,0.8452807223353201,True,0.5751304052874918,0.5723369845081222,0.99505642694186,0.9089219130698912,-2.86428121805111,1.0,0.9995385532732755
2008-05-09,0.3451551361327861,0.3366455348563147,0.9769988586752952,3.3726434170038178,0.8548098303453588,True,0.5567323837551155,0.5534816685359776,0.993611821480535,0.9045929464519286,-2.904950193967327,1.0,0.9998154213093102
2008-05-14,0.3058942614949508,0.302487061907011,0.990532425151313,3.3762464559000933,0.8403063472941257,True,0.5366653339743023,0.5334021000056604,0.9933654697741972,0.8994500185193044,-2.9426538949219485,1.0,0.9999261685237241
2008-05-19,0.2030808629821975,0.2030808629821975,1.0,3.733880397857165,0.8047275361115107,True,0.5099785762949339,0.5069764010437834,0.9973461879096788,0.8918722199266809,-3.005952015156766,1.0,0.9999704674094896
2008-05-22,0.2916386870098635,0.2909609789605932,0.997753425083795,3.5010435401209787,0.8556080917986615,True,0.4925113851521283,0.4896951672771282,0.9975905302141486,0.8889710896764393,-3.045559337153903,1.0,0.9999881869637959
2008-05-28,0.3419937156252347,0.3419937156252347,1.0,3.404602552935323,0.850582386720752,True,0.4804699715899768,0.4778790511449767,0.9990362120856594,0.8858999934399844,-3.0742827944164164,1.0,0.9999952747855183
2008-06-02,0.2655031040722087,0.2542476889763658,0.9667165581208926,3.5362741791325574,0.8113154582700948,True,0.4632726221885554,0.4599885421714879,0.996450639768478,0.8799332306263932,-3.111242105193708,1.0,0.9999981099142073
2008-06-05,0.2679631924500774,0.2591005419672001,0.9696931817682948,3.460170124807384,0.8352582599819062,True,0.4476478678094772,0.4439175021551449,0.9943100431284636,0.8763592329748343,-3.139156346762802,0.9098736861866097,0.9927881560159996
2008-06-10,0.604512210622911,0.604512210622911,1.0,3.1558172453048448,0.8836146875040983,True,0.5417664734975376,0.5402743272358046,0.9977240172513854,0.8807125056923927,-3.1404892186461653,1.0,0.9971152624063998
2008-06-13,0.5857905209897347,0.5802799248802576,0.9905797030756436,3.1183567435407493,0.8884597645967152,True,0.5681809019928559,0.5642776858224764,0.997152472117326,0.8853608610349861,-3.127209733582916,1.0,0.9988461049625599
2008-06-18,0.4808465921907371,0.4792209627138888,0.9968651809164938,3.1383225345278998,0.9114085463663074,True,0.5611941572086864,0.5574731479737894,0.9971294888212596,0.9009894722337788,-3.128098757658514,1.0,0.999538441985024
2008-06-23,0.4997340362296523,0.4959376449015352,0.99278890774226,3.1040204671907587,0.9042185801559036,True,0.5562773475303637,0.5525503077280092,0.9967822423349396,0.9029269369870538,-3.113651783377861,1.0,0.9998153767940096
2008-06-26,0.5193539959083197,0.5177543533702336,0.9970950086411502,3.0446855639481027,0.9113415205642732,True,0.5533234794006002,0.5497666313793872,0.996969902118666,0.9079756871333856,-3.072272051720006,1.0,0.9999261507176038
2008-07-01,0.4777469302075344,0.4777469302075344,1.0,3.163544373812248,0.8977184746292984,True,0.547277355465155,0.544005055285639,0.9987879608474663,0.9071551101330586,-3.0795738374873856,1.0,0.9999704602870415
2008-07-07,0.2559131108174528,0.2504170242326946,0.9822566334090518,3.570279768672888,0.8430062443202918,True,0.5239682158933389,0.5205180128014035,0.9974654546523932,0.9020232008680372,-3.1188303119822263,1.0,0.9999881841148166
2008-07-10,0.2217629407842078,0.2217629407842078,1.0,3.647340192633136,0.83881774800506,True,0.4997917938846084,0.4966176070400279,0.9989861818609572,0.8969667646389992,-3.1611111024342997,1.0,0.9999952736459267
2008-07-15,0.0902333233762688,0.0902333233762688,1.0,3.7381525724879583,0.8399727798791229,True,0.4670271162439413,0.4641068643469271,0.999594472744383,0.8924072458582091,-3.207274420038592,1.0,0.9999981094583706
2008-07-18,0.2321068307053823,0.2321068307053823,1.0,3.167785266613828,0.8712177095674257,True,0.4482334934008565,0.4455468616556036,0.9998377890977532,0.8907120829549465,-3.183580927983733,1.0,0.9999992437833483
2008-07-23,0.2510100726210332,0.2510100726210332,1.0,2.930232797094797,0.8923584130194825,True,0.4324556197384707,0.429983918532838,0.9999351156391012,0.891699880993668,-3.0315720494503715,1.0,0.9999996975133393
2008-07-28,0.2584776537192604,0.2584776537192604,1.0,3.267856883558124,0.8760608910181453,True,0.4185373824569339,0.4162634173477518,0.9999740462556406,0.8904487617956263,-3.050474836178992,1.0,0.9999998790053357
2008-07-31,0.2399725659339897,0.2399725659339897,1.0,3.295270647984004,0.8812482061721458,True,0.4042521971350984,0.4021601492346509,0.9999896185022562,0.8897127173457479,-3.070058501123393,1.0,0.9999999516021343
2008-08-05,0.3695258239421239,0.3695258239421239,1.0,2.959737991173652,0.8976949371957258,True,0.4014740872796605,0.3995494032112487,0.9999958474009024,0.8945020492557347,-3.003866195153549,1.0,0.9999999806408537
2008-08-08,0.5527710997692438,0.5527710997692438,1.0,2.713890608660505,0.9070278648151188,True,0.4922522947734105,0.4914824211460458,0.999998338960361,0.9020175385913652,-2.8298808432577225,1.0,0.9999999922563415
2008-08-13,0.4614134460060743,0.4614134460060743,1.0,3.316936213592804,0.8770938474937142,True,0.4897851868720236,0.4890769031348481,0.9999993355841444,0.9000236433035531,-2.868845272884529,1.0,0.9999999969025366
2008-08-18,0.526684249667334,0.526684249667334,1.0,3.1225144122441306,0.9045350408678376,True,0.5119246245492098,0.5116413110543396,0.9999997342336576,0.9027304818421238,-2.8891388040332973,1.0,0.9999999987610146
2008-08-21,0.2226587653120776,0.2071288169053127,0.9342936554732968,3.538314147292606,0.90830663499219,True,0.4887833558102393,0.4872803115224175,0.9947432479328288,0.9060761737321636,-2.9410728314940418,0.8126521566603641,0.9850121713929626
2008-08-26,0.2982565627892294,0.2774347791025529,0.9347896959021472,3.4994673624133816,0.9045166099206986,True,0.4735412123685585,0.4704926689288283,0.9899469637703744,0.9059514086272464,-2.985744393967589,0.9098736861866094,0.9790010925764543
2008-08-29,0.2331438225857099,0.2129111501199031,0.925856401138233,3.689669637811458,0.8906159799461615,True,0.4543094211859306,0.4498861474241143,0.9848197187598032,0.9047245743327595,-3.042058413475099,0.9098736861866094,0.9734709000652667
2008-09-04,0.3249333741311044,0.3049150376831425,0.9457415731536206,3.593902147830048,0.8842557189424047,True,0.4439593374215446,0.4382884586448366,0.9816934671113086,0.9030870659015312,-3.086205912223495,1.0,0.9893883600261066
2008-09-09,0.5004857515108905,0.4962323616062225,0.9915455417164944,3.337524427209961,0.9034163512954018,True,0.4778751858751521,0.4730548004216681,0.98760471187442,0.9032846371378536,-3.106311393422412,1.0,0.9957553440104426
2008-09-12,0.4722252983552891,0.4585937515000248,0.9740793352369008,3.4267742923221185,0.897708904706976,True,0.477423194873563,0.4718979165079367,0.9865226817434184,0.9028385785433832,-3.131948425334389,1.0,0.9983021376041771
2008-09-17,0.8289224290564182,0.8289224290564182,1.0,2.254115368050428,0.960667947200012,True,0.6883227353832762,0.6861126240370257,0.9946090726973674,0.9375361997373604,-2.6052485909640124,1.0,0.9993208550416708
2008-09-22,1.1263717931231718,1.1263717931231718,1.0,2.163356028503966,0.9564473989038966,True,0.9511521700272136,0.9502681254887132,0.997843629078947,0.9488829192372822,-2.340113053487985,1.0,0.9997283420166683
2008-09-25,1.046557955638164,1.046557955638164,1.0,2.37522545667326,0.9526012470613228,True,1.0083956413937838,1.0080420235783836,0.9991374516315789,0.9511139159317066,-2.3429220457428066,1.0,0.9998913368066673
2008-09-30,0.9349544836024274,0.9349544836024274,1.0,2.407560684118191,0.9374907771651856,True,1.0025203487704752,1.0021950203803072,0.9996549806526316,0.9500240648303848,-2.348093136812837,1.0,0.9999565347226669
2008-10-03,1.0561339242861942,1.0561339242861942,1.0,2.445786937143844,0.934742363872656,True,1.0346884940799068,1.0345583627238395,0.9998619922610524,0.9488015287537668,-2.3559086408393184,1.0,0.9999826138890667
2008-10-08,0.7756134226875592,0.7756134226875592,1.0,2.7037283303090742,0.9363838159431808,True,1.013962488368519,1.0138427675209372,0.9999447969044212,0.94780811172892,-2.383734215996899,1.0,0.9999930455556267
2008-10-13,0.807750643505245,0.805651762332069,0.997062594176121,2.7746768056634807,0.9476849713307224,True,0.9974655407794571,0.9971874871058276,0.9997142206861572,0.9477982604970642,-2.4150096231702256,1.0,0.9999972182222507
2008-10-16,0.8744411844646891,0.8693404024782144,0.993142562866946,2.673529290506972,0.9505882044719136,True,0.9876235922742758,0.9869597203356189,0.9991884880606202,0.949472226881974,-2.435691196557165,1.0,0.9999988872889003
2008-10-21,0.7627685980773798,0.7598920254228526,0.9956835420277432,2.7796579766921883,0.954037504570638,True,0.9696351927385242,0.9687943047425974,0.9989080923779902,0.9522113934951724,-2.4632085389679674,1.0,0.9999995549155601
2008-10-24,1.0129795570827929,1.0116105043827397,0.9983466782629437,2.6570142399402563,0.9542345440109464,True,0.9956418113450852,0.9944840245266826,0.9988631792487864,0.9534252838046368,-2.478712995045751,1.0,0.9999998219662241
2008-10-29,0.9910702873677698,0.9762194764597896,0.9809468617742731,2.621832149971949,0.9571981530121506,True,0.9952760894269,0.9930228606813312,0.9974298738508256,0.9556890053291452,-2.4901625274398467,1.0,0.9999999287864896
2008-11-03,0.96619569453506,0.9557106558184142,0.9867065256145442,2.6968711737645203,0.9517494787063674,True,0.9929496578355528,0.990037884292298,0.9965720059919232,0.955373843199323,-2.506699219145821,1.0,0.9999999715145959
2008-11-06,0.7164965767713531,0.7047690043162326,0.9800293719073928,2.71680647445637,0.954377339069216,True,0.9708334113504168,0.9672163738942128,0.9952485952651609,0.9552941228689144,-2.5235077995706647,1.0,0.9999999886058384
2008-11-11,0.7962540617886937,0.7962540617886937,1.0,2.832151058402788,0.9459749066430332,True,0.9568670633854792,0.9535393889257714,0.9980994381060644,0.954548585570844,-2.5481992602772348,1.0,0.9999999954423353
2008-11-14,0.9303966107500152,0.9303966107500152,1.0,2.648992782833804,0.943955651807068,True,0.954749427174642,0.951687966671711,0.9992397752424256,0.953701150869742,-2.5562627420817603,1.0,0.9999999981769341
2008-11-19,1.179907895907503,1.179907895907503,1.0,2.523723487732276,0.9244048552917472,True,1.0898445084143584,1.088619924213186,0.9996959100969702,0.9513574472235024,-2.536739189472069,1.0,0.9999999992707737
2008-11-24,1.0293640704214808,1.0168517729520012,0.984859446661258,2.68854593471261,0.921130313675158,True,1.0850060733749285,1.0828784721122913,0.9985089930221134,0.948939276539635,-2.5488837290913127,1.0,0.9999999997083094
2008-11-28,0.7844465514627211,0.7597948191954338,0.9651939395905432,2.911278583531091,0.9082154885470513,True,1.0609613116219516,1.0570317798789428,0.9958437887475878,0.9456813735002284,-2.577875317446495,1.0,0.9999999998833238
2008-12-03,0.679312844086223,0.6555587126398925,0.9600905632916428,3.082870664415438,0.9161706404907836,True,1.0304294342190934,1.0249139344998188,0.9929835307111124,0.9433205148594728,-2.6182749452040106,0.7857532915345891,0.9828602632154251
2008-12-08,0.8472521331794802,0.8336255027420043,0.9807674109439952,2.928101503758068,0.892720054997028,True,1.0157752501359243,1.0096108599591938,0.992006241129743,0.9392724780704772,-2.6430610698883354,1.0,0.99314410528617
2008-12-11,0.965345980770082,0.948235638572188,0.9777152747371448,2.812037673318403,0.9092191027167894,True,1.0117409085866569,1.0047008422482333,0.9908629638183352,0.9368682080421824,-2.6565791981627407,1.0,0.997257642114468
2008-12-16,1.0497637918999765,1.0497637918999765,1.0,2.7990455598320523,0.9231845364774678,True,1.034554638574649,1.031738612039279,0.996345185527334,0.9357735143170052,-2.6679765070962858,1.0,0.9989030568457872
2008-12-19,0.44536076285006,0.4329055444233443,0.973377158797783,3.556439272882003,0.8746349322933095,True,0.9874191285166816,0.9838319666300044,0.99450774338897,0.9308824277551097,-2.7390535283591437,1.0,0.9995612227383148
2008-12-24,0.3851535430879211,0.3851535430879211,1.0,3.617195584131963,0.8805062016428423,True,0.9392378816823808,0.9359376927466376,0.997803097355588,0.9268523296661282,-2.809304892820969,1.0,0.999824489095326
2008-12-30,0.0989229833693968,0.0942351068004334,0.9712307229671708,4.513507026795021,0.8637180973568271,True,0.872012689817342,0.8686014858709413,0.9956773074045148,0.9218015910813842,-2.945641063538893,1.0,0.9999297956381303
2009-01-05,0.0894198880430254,0.0792486351728782,0.9341520291053792,4.451126250328877,0.7839106555315144,True,0.8094052656753967,0.8054532578150962,0.990755285140584,0.9107703162373946,-3.0660798784820926,0.8362715279512974,0.9868371342231838
2009-01-08,0.0648731821894164,0.0529921623248024,0.9059040094235556,4.45073004708617,0.7771036367789801,True,0.7498426989965183,0.7452563701758728,0.9839671830832216,0.9000769818807215,-3.176851891970419,0.7671608913407567,0.9692630347925897
2009-01-13,0.0623170812694339,0.0512211399925207,0.9267470174593958,4.633905570530905,0.7147143269019886,True,0.6948406495783516,0.6897335517612045,0.9793895698333156,0.8852479694824229,-3.293416186255258,0.8362715279512968,0.9586237142452863
2009-01-16,0.435786832909,0.4274155008542936,0.9816505072457608,3.4404094672981675,0.8270648509166573,True,0.6741163442448035,0.6687481076886517,0.9807461322807828,0.8805933199971617,-3.305175648738691,1.0,0.9834494856981145
2009-01-22,0.3717680166792659,0.3636421468640546,0.9797681890533716,3.5579793665179555,0.8241084657835654,True,0.6499284780395606,0.6443396308226839,0.9806678968225898,0.8760745316600741,-3.325399946161032,1.0,0.9933797942792458
2009-01-27,0.3258850533112894,0.3174559403652907,0.9772881730965332,3.712483504108765,0.8227487628402548,True,0.6240050040612989,0.6181889355860924,0.9803975189245052,0.8718084701544886,-3.356366630796851,1.0,0.9973519177116983
2009-01-30,0.3955096682474483,0.3889932739707806,0.9838773121247864,3.4287992785708705,0.8931606308909447,True,0.6057253771961909,0.5998532826568675,0.982485394844674,0.8846197665963622,-3.362161242618773,1.0,0.9989407670846793
2009-02-04,0.2416836255622421,0.2340385809218741,0.9720942480428696,3.774874168665228,0.8821557668203962,True,0.576602037065475,0.5705881065180681,0.9816541031005296,0.8844226466142849,-3.3951782767024894,1.0,0.9995763068338717
2009-02-09,0.4354329941542204,0.4354329941542204,1.0,3.4902292620391457,0.921664439536464,True,0.5653085136325746,0.5597756975289604,0.9926616412402118,0.9067677223675924,-3.402782355529422,1.0,0.9998305227335487
2009-02-12,0.3586032230285516,0.3586032230285516,1.0,3.4893463149765944,0.9143331204443892,True,0.5487720903842528,0.5436818995689278,0.9970646564960848,0.9113069612136706,-3.409707472285196,1.0,0.9999322090934195
2009-02-18,0.4060933193537316,0.4060933193537316,1.0,3.0400138582330696,0.925557146136569,True,0.5373577887018111,0.5326748131517121,0.998825862598434,0.9198570721674096,-3.1878913038539203,1.0,0.9999728836373678
2009-02-23,0.5962747605716627,0.5962747605716627,1.0,2.714148380354096,0.9472418146369108,True,0.572707971823722,0.5708347816036825,0.9995303450393735,0.9362879176491103,-2.903645549754025,1.0,0.9999891534549471
2009-02-26,0.5771765446689574,0.5771765446689574,1.0,3.1799651559787643,0.9250632576771726,True,0.5753891155308632,0.5746398394428475,0.9998121380157494,0.9353899448513552,-2.9257511182520046,1.0,0.9999956613819788
2009-03-03,0.9669331551105568,0.9669331551105568,1.0,2.892049650904916,0.9424375256028008,True,0.8103155392786794,0.8100158288434731,0.9999248552062998,0.9396184933022228,-2.9055302378437515,1.0,0.9999982645527915
2009-03-06,1.146392274791762,1.146392274791762,1.0,2.944585773476516,0.9406821966222376,True,1.011961580586529,1.0118416964124464,0.99996994208252,0.9402567152942316,-2.9086546806943727,1.0,0.9999993058211166
2009-03-11,0.8225255791589883,0.8225255791589883,1.0,3.212041110232725,0.9214662265380024,True,0.9968067004723256,0.9966964070321698,0.999987976833008,0.9387534761937334,-2.932925595057441,1.0,0.9999997223284467
2009-03-16,0.9668757548759684,0.9668757548759684,1.0,2.9526524040032864,0.8988292336079957,True,0.9944122248246172,0.9943107548596738,0.9999951907332032,0.9355595367868744,-2.934503739773109,1.0,0.9999998889313787
2009-03-19,0.4422892523578196,0.4194066138894165,0.9549969469388478,3.524037944205812,0.8718356838132204,True,0.9502423870272734,0.9483184235820532,0.9963953312296548,0.930461628548982,-2.981666476127725,1.0,0.9999999555725515
2009-03-24,0.5138369672831868,0.4961002720673004,0.9679901264431184,3.3410104199474286,0.8932092579276162,True,0.9153299534477464,0.9121409714608733,0.994122914846732,0.9274814388992728,-3.010413991633301,1.0,0.9999999822290206
2009-03-27,0.6288128787840254,0.620479361501208,0.9877681846235248,3.369694796720053,0.8848078892469533,True,0.8924085874746488,0.8888080426641,0.9936145364288752,0.9240675549270873,-3.0391564560402413,1.0,0.9999999928916082
2009-04-01,0.4872498677068407,0.4749920858047631,0.9767519749550336,3.3832210261149327,0.8727200723044095,True,0.8599958898932242,0.8557027661153531,0.992265531510968,0.9199597563172732,-3.066681621646217,1.0,0.9999999971566433
2009-04-06,0.3294707145415069,0.3172427218422849,0.9703135443492076,3.6529149250086217,0.8529332507969823,True,0.8175538758650869,0.8126259625735077,0.9905093725380272,0.91459763587565,-3.113580285915209,1.0,0.9999999988626573
2009-04-09,0.4140026811571846,0.4041005862994764,0.9763619258711516,3.4560339899798675,0.8708125034224452,True,0.7852697802884547,0.7799439324715852,0.9893775768046772,0.9110948252793936,-3.1409765822403823,1.0,0.9999999995450629
2009-04-15,0.4588800558698856,0.4435969467413025,0.9669255712922143,3.42763070506775,0.8757669260340509,True,0.7591586023349692,0.7530361736131627,0.98758141636368,0.9082685933397662,-3.163908912066572,1.0,0.9999999998180251
2009-04-20,0.8431864673798881,0.8431864673798881,1.0,2.928561331357107,0.9124266224791504,True,0.8095753213619206,0.807126349873198,0.995032566545472,0.9107634108233966,-3.022700363640893,1.0,0.99999999992721
2009-04-23,0.7757474388961266,0.7757474388961266,1.0,2.866642789151264,0.920420543150708,True,0.8068690907646571,0.8046160369950323,0.9980130266181888,0.9165576902197836,-2.9290658189471155,1.0,0.999999999970884
2009-04-28,0.3436292413299245,0.3436292413299245,1.0,3.475246791231948,0.8618315145518999,True,0.7698099028098785,0.7677370933418237,0.9992052106472756,0.9121795961663528,-2.972760296729902,1.0,0.9999999999883535
2009-05-01,0.3818696986812425,0.3818696986812425,1.0,3.239446491698442,0.8880476825327441,True,0.7387746864795876,0.7368677017689772,0.9996820842589104,0.9102490430756642,-2.9940951923273857,1.0,0.9999999999953414
2009-05-06,0.4237797979660253,0.4198221507609275,0.9899005125795868,3.260157059068334,0.8736773649159013,True,0.7135750953985026,0.7115040576883332,0.9988995585245644,0.9073233088228831,-3.015380141666662,1.0,0.9999999999981366
2009-05-11,0.3354001331064841,0.3262070375472605,0.9747838665362496,3.544684985561711,0.8678755767889178,True,0.6833210984151411,0.6806802960770474,0.9969703031654992,0.904167490260166,-3.057724529178266,1.0,0.9999999999992546
2009-05-14,0.3812305049766115,0.3647448448533693,0.9609624396909484,3.4306293080028785,0.8550618024739396,True,0.6591538509400587,0.6554054599791532,0.9940896740875352,0.9002390352372679,-3.0875569114842354,1.0,0.9999999999997018
2009-05-19,0.2387363564229664,0.2228460772635615,0.9541937766676528,3.954061405667309,0.7503635684642462,True,0.6255204513786914,0.6208007093619059,0.9908980022939446,0.8882489978954262,-3.1568772710188813,1.0,0.9999999999998808
2009-05-22,0.1544638657854306,0.1433412118958625,0.9567257321980476,4.11543228456392,0.7832788862470559,True,0.5878359245312305,0.5826039495646225,0.988164220686273,0.8798513889635566,-3.233561672102484,0.923985192634858,0.993918815410679
2009-05-28,0.0750626216373645,0.059396889560369,0.9013425868326878,4.328382265125401,0.7834905554987082,True,0.5468140602997212,0.5407473847642822,0.981218489977986,0.8721425222863688,-3.321147319544318,0.8738226555973673,0.984311122625614
2009-06-02,0.0417610631777056,0.0285673984702928,0.8310219370009185,4.176721195511505,0.7946547568981094,False,0.5064098205299601,0.4997729858607631,0.9692027657398208,0.8659435010553082,-3.3895932296216933,0.6701518106759484,0.9591783776696408
2009-06-05,0.0727842602626796,0.0548463782952325,0.8612479745965748,4.151250226824094,0.8010142972831389,False,0.4717197757085776,0.4641788572555206,0.9605663824483612,0.8607491647535346,-3.4505257893978856,0.6112327609278625,0.9313427283302985
2009-06-10,0.0439649538157539,0.0315574150297724,0.8485495139134025,4.150974142452998,0.824026686937233,False,0.4374993899571517,0.4295691418774608,0.9516050329655644,0.8578113665282305,-3.5065616576422944,0.4730617647258921,0.8946802512419461
2009-06-15,0.0536155877088246,0.0387275693530064,0.8310388096509218,3.943025267807424,0.8459815964646603,False,0.4067886857772856,0.3983018160755045,0.9419597351003932,0.856864984923145,-3.541478746455505,0.5695230622289883,0.8686676761209094
2009-06-18,0.1036342921576631,0.0731011615603896,0.8127450300760538,3.9210368474303,0.8336195588276644,False,0.3825363342877158,0.3722857637142953,0.931622558698446,0.8550053508355066,-3.571843394533489,0.38921498295028006,0.8303114606672591
2009-06-23,0.1550629811453824,0.134154152121918,0.889007346964472,3.5441634514464826,0.8707419108144047,False,0.3643384660363292,0.3532352347869051,0.9282133417597282,0.8644472868228454,-3.5552354286812853,0.7852110213988294,0.8267034255257848
2009-06-26,0.1780473605252971,0.152439362144177,0.8735833223297397,3.42233195658176,0.8829610922097995,False,0.3494351775954466,0.3371715649754869,0.9238429402053292,0.8755555700550179,-3.4754933454215697,0.7838732506179755,0.82327701153316
2009-07-01,0.323584138895057,0.3147934768606535,0.9789959330973376,3.644800986713981,0.8900395758434542,False,0.3473670944994154,0.3353813179263003,0.9569347359405342,0.8842459735280797,-3.489037956724963,1.0,0.929310804613264
2009-07-07,0.3932855544839087,0.3718088883743268,0.95584508438269,3.6009653328449738,0.898783111013001,False,0.3749181704901114,0.3572378601951163,0.9568475638159069,0.8929682560190325,-3.497992146814564,0.7130116776045372,0.9120068744525659
2009-07-10,0.4374136387794904,0.412176045259196,0.9518191891916944,3.562197811576999,0.8992736304975044,False,0.4124154514637388,0.3902007712335641,0.95644529384597,0.8967514807061157,-3.5031285999955597,0.8924816730590062,0.9104448583410811
2009-07-15,0.2585872401318376,0.2498331884064325,0.972129645592796,3.7979971778264,0.8523489848575377,False,0.4001091945571867,0.3789713646073936,0.9658559048940656,0.8931992810382294,-3.526718086222026,0.9019196706988416,0.909762843329702
2009-07-20,0.2304788764127684,0.2275497134377131,0.9901153834481432,3.76852864751848,0.8592159488794697,False,0.3865387691056333,0.3668576325138191,0.9804115920265122,0.8904806144655287,-3.5460629311257432,1.0,0.9639051373318808
2009-07-23,0.1394629571231159,0.1327915064752991,0.9724685429039436,4.136385680224391,0.7907471971417361,False,0.366772704147032,0.3481323424307376,0.9797761480967068,0.8825019410796253,-3.593288751053635,0.8924816730590068,0.9581912601900509
2009-07-28,0.2108828602681567,0.199517326515381,0.9657969026206406,3.957268615525269,0.8106653758439201,False,0.354301516636722,0.3362431411575091,0.9786578084586216,0.876755015860769,-3.6224071402113656,1.0,0.9832765040760203
2009-07-31,0.3197002641284017,0.3041151948661226,0.9596949164829528,3.813910664142367,0.814528920470772,False,0.3515334164360564,0.3336729054541981,0.977140777100568,0.8717769282295693,-3.6377274221258458,1.0,0.9933106016304081
2009-08-05,0.0631095913710184,0.0485457585226721,0.9281743446692708,4.845248308795539,0.6863857834342613,False,0.3284595104308533,0.3108627336996761,0.9732234625060644,0.8569456366459447,-3.7343290930594217,0.7971223626130636,0.9776155425090205
2009-08-10,0.100218327995708,0.0843884041525081,0.9234488687240046,4.405182232522463,0.7202441541379409,False,0.3102002158360417,0.2927447873359026,0.9692414950034997,0.8460095180453043,-3.7879973442164654,0.9233088608602654,0.9732710079771202
2009-08-13,0.0946921468876805,0.0822788492596702,0.9247506700587014,4.254245122026768,0.7630497773702216,False,0.2929595703201728,0.2759075122898041,0.965682229007916,0.8393727387912977,-3.8252971664412896,0.7894797045431814,0.9585677037024052
2009-08-18,0.4321945855684322,0.42443014791329,0.9845648668561,3.4228610777523976,0.8854277339461345,False,0.3765005794691284,0.3650210936638957,0.9770118117168264,0.8670057358841998,-3.583835513227954,1.0,0.983427081480962
2009-08-21,0.3644765702490241,0.3552913692240451,0.9794817235029664,3.510713840800571,0.8923825349071676,False,0.3755386587315201,0.3642427157087076,0.9784937587885104,0.8822318152979804,-3.539962509771524,1.0,0.9933708325923848
2009-08-26,0.3997512809769503,0.3875918929857607,0.9717268035524868,3.3712858964190677,0.90716190993217,False,0.3900662320787782,0.3782522220749394,0.9779524023696284,0.8971898720784941,-3.43875654176005,1.0,0.9973483330369539
2009-08-31,0.4880722477168008,0.4738522975116116,0.9733222269630876,3.2244653531826755,0.921578575806866,False,0.4488698414615918,0.4356122673369428,0.9775819883371052,0.9118230943155172,-3.3101818286136253,1.0,0.9989393332147816
2009-09-03,0.4547869757187089,0.4480665233302597,0.986271223611522,3.152360754829296,0.9273993019989052,False,0.452420122015862,0.4430848209329329,0.9827955295017554,0.92116881892555,-3.215489184343028,1.0,0.9995757332859126
2009-09-09,0.6763950304874129,0.6763950304874129,1.0,3.1339977640745382,0.925578029659651,False,0.5868050670987925,0.583070946665621,0.993118211800702,0.9238143453660106,-3.166594332181934,1.0,0.999830293314365
2009-09-14,0.6166757188262305,0.6121638606227857,0.9928695333768456,3.2209213593490373,0.9249873952649508,False,0.6047274581352553,0.6005266950399198,0.9930983175267936,0.9245181753053746,-3.1709404943553023,1.0,0.999932117325746
2009-09-17,0.1923649145971915,0.177234799763763,0.950555877264992,4.157320838354119,0.8642191029766552,False,0.5717384546522102,0.5666633434178273,0.9896949223058495,0.9196942495190772,-3.249850921875208,0.8137971008440122,0.9850413160072073
2009-09-22,0.1309591865204083,0.1126793628200923,0.9257612563766606,4.339814960752068,0.8535832413917578,False,0.5364761132016661,0.5303446249700086,0.9845802290315144,0.9144053688688916,-3.337048044985357,1.0,0.994016526402883
2009-09-25,0.2716036211080436,0.2538157669078432,0.9540402975570466,3.89372824937762,0.8679708430277326,False,0.5152863138341763,0.5082223163250353,0.982137034513557,0.910690606801599,-3.381582461336738,1.0,0.9976066105611532
2009-09-30,0.140887691992986,0.1259024865839282,0.9448264605707865,4.303882797688661,0.8094754995114014,False,0.4853344240868811,0.4776367299457468,0.9791521885981354,0.9025933982183832,-3.455366488244892,1.0,0.9990426442244613
2009-10-05,0.2533342021731611,0.2533342021731611,1.0,4.056788650358311,0.8366305385667958,False,0.4667744063337835,0.45969252772394,0.9916608754392542,0.8973163694462563,-3.5034802612139657,1.0,0.9996170576897845
2009-10-08,0.2180840757889582,0.2125223067881091,0.982056613199113,4.119252045612392,0.8441786118061749,False,0.4468791798901975,0.4399189100490735,0.9908925344600428,0.8930653488350497,-3.55274200396584,1.0,0.9998468230759138
2009-10-13,0.2065448940545,0.2017482715637433,0.9838930450394748,4.086125205277102,0.8404309769167609,False,0.4276524370233417,0.4208652589702471,0.9903325753063974,0.8888545990815866,-3.595412660070741,1.0,0.9999387292303655
2009-10-16,0.3205418240107329,0.3205418240107329,1.0,3.772211548547712,0.8554417344817402,False,0.419083587982333,0.412839384173486,0.9961330301225588,0.886181569913599,-3.609556571148899,1.0,0.9999754916921462
2009-10-21,0.2793929832366006,0.2764457005450705,0.9910343199783368,3.709458812034751,0.8491645602854061,False,0.4079083396026745,0.4019278894832128,0.9957251333110212,0.8832202091433436,-3.617548750419767,1.0,0.9999901966768585
2009-10-26,0.1449876013973376,0.137133102709295,0.9606500031038748,3.885021411655696,0.8494526678654489,False,0.3868746805462475,0.3807443065412994,0.9929191228944496,0.8805188058411122,-3.6389465633186417,1.0,0.9999960786707434
2009-10-29,0.2703648788808253,0.2650120064828682,0.9800180322377884,3.538079997510505,0.8913097773852658,False,0.3775538964130137,0.3714857225366249,0.9918870356419166,0.8869933887676044,-3.57842662383376,1.0,0.9999984314682974
2009-11-03,0.300947392927392,0.2929602797691867,0.9726011795579366,3.477815108087857,0.8895894957707707,False,0.371425376134164,0.3652036871152299,0.9903441671551982,0.8885510529695042,-3.5180597143862187,0.90987368618661,0.9927884518457625
2009-11-06,0.3300808128070606,0.3262230339242833,0.9882327840099264,3.397863745134475,0.9150794106879854,False,0.3681178110679957,0.3620852348599542,0.9901752565035764,0.904468067600593,-3.4459421328351727,1.0,0.997115380738305
2009-11-11,0.4202056924278526,0.4140444019440698,0.9839695555879434,3.249581599566004,0.9405777478554292,False,0.3993705398839099,0.3932607351104236,0.989678800430326,0.9261338757534948,-3.3281258128736715,1.0,0.998846152295322
2009-11-16,0.3538294195746175,0.3467931176000416,0.9767482987886934,3.238065969360836,0.9477491478819142,False,0.3957272502591665,0.389543325709593,0.9886443602989954,0.9391030390305464,-3.27408990676597,1.0,0.9995384609181288
2009-11-19,0.4870927542909872,0.4804810449135175,0.9851666693032252,3.112090723020079,0.9509029716236054,False,0.450546552678259,0.4441059572319478,0.9883661450193338,0.946182998586382,-3.176890396518435,1.0,0.9998153843672515
2009-11-24,0.7294788692375931,0.7263829473535619,0.9951825154287642,2.9454214207172407,0.9512775447133168,False,0.6179059426138594,0.6134721513049162,0.992455967264992,0.9492397262625428,-3.0380090110377185,1.0,0.9999261537469006
2009-11-30,0.8254611205204113,0.8254611205204113,1.0,2.292902660637464,0.9766441748745496,False,0.7424390493577906,0.7406655328342132,0.9969823869059968,0.965682395429747,-2.5909452007975657,1.0,0.9999704614987602
2009-12-03,0.8130851296031196,0.8130851296031196,1.0,2.3911601778659617,0.9758765350873212,True,0.784826697504988,0.784117290895557,0.9987929547623988,0.9717988792242916,-2.471074187038603,1.0,0.9999881845995041
2009-12-08,1.050121354168436,1.050121354168436,1.0,2.3368699786341787,0.9761335330860216,True,0.9440034915030568,0.9437197288592843,0.9995171819049596,0.9743996715413296,-2.390551661995948,1.0,0.9999952738398017
2009-12-11,1.0220142416505582,1.0220142416505582,1.0,2.310053448535128,0.9755639013519132,True,0.9908099415915576,0.9906964365340488,0.9998068727619838,0.97509820942768,-2.342252733919456,1.0,0.9999981095359207
2009-12-16,1.0781216183258429,1.0781216183258429,1.0,2.3677841185421697,0.9741869546488388,True,1.0431969476321288,1.0431515456091252,0.9999227491047936,0.9750253090453728,-2.344295244689273,1.0,0.9999992438143683
2009-12-21,1.030010731773481,1.030010731773481,1.0,2.334106108982372,0.9724688969728184,True,1.0421420503634369,1.0421002805022737,0.9999690996419174,0.9748207960795684,-2.3381817632651325,1.0,0.9999996975257474
2009-12-24,1.0515681578458582,1.0515681578458582,1.0,2.2411807167521016,0.9713627711818034,True,1.0477977148528896,1.0477810069084244,0.999987639856767,0.9745441540877472,-2.279981135357314,1.0,0.999999879010299
2009-12-30,0.5072018810256708,0.4930589233630217,0.974747123116572,3.446499490202902,0.843987578864719,True,1.0045500481467122,1.003403240224792,0.9979683985175514,0.964099628069905,-2.3733026037449614,1.0,0.9999999516041196
2010-01-05,0.3324449615637047,0.321887524314085,0.9753811074894048,3.7069264032229294,0.8492561723189763,True,0.9507816412200716,0.9488819829519356,0.9961614152352996,0.9549121516098308,-2.4799925077031992,1.0,0.9999999806416479
2010-01-08,0.3245865312201998,0.2962011224381026,0.939182277427476,3.9099166288121614,0.8253679777099173,True,0.900686032420082,0.896667514110829,0.991603084210674,0.9445486176978378,-2.594386437391916,1.0,0.9999999922566591
2010-01-13,0.3063138473096376,0.2890601008518709,0.9582010496138612,3.763376540117013,0.8223213713037568,True,0.8531362576112466,0.8480589210501124,0.9889309214429288,0.9347704379863112,-2.687905645609924,1.0,0.9999999969026636
2010-01-19,0.2232999020857662,0.2080259353456615,0.9588275166679516,4.149833221664984,0.8219839042886916,True,0.8027493491692081,0.7968562821937564,0.9865226490609308,0.9257475152905016,-2.804859851694329,1.0,0.9999999987610655
2010-01-22,0.7655039862380719,0.7655039862380719,1.0,3.255640441124352,0.9219976455746042,True,0.7997697201347174,0.7943480985173017,0.9946090596243724,0.92544752571323,-2.8409222988487306,1.0,0.9999999995044262
2010-01-27,0.6643917610035739,0.6599046189087783,0.9938979570082715,3.3596693446474544,0.920782231046555,True,0.7889394834042259,0.7835926201486199,0.9945521714150845,0.925074302139896,-2.8824220625126284,1.0,0.9999999998017705
2010-02-01,0.798848660771155,0.798848660771155,1.0,3.087760082420821,0.9465789759836448,True,0.7948849898243834,0.7927462445221409,0.9978208685660336,0.9379771064461454,-2.898849104105284,1.0,0.9999999999207082
2010-02-04,1.078455009850794,1.078455009850794,1.0,2.616402761289117,0.9668130061190696,True,0.9650270018402298,0.9641715037193328,0.9991283474264134,0.9552786462499,-2.729381298415584,1.0,0.9999999999682833
2010-02-09,0.5790628276053027,0.5790628276053027,1.0,2.518347243316179,0.9678559548985288,True,0.9341498679014356,0.9333628096302105,0.9996513389705654,0.9628250314390772,-2.602760865355941,1.0,0.9999999999873133
2010-02-12,0.74944476447974,0.74944476447974,1.0,2.4604514118539,0.9696362691091116,True,0.9193734596277,0.9186493660181728,0.9998605355882262,0.9669117740410978,-2.5173751932547166,1.0,0.9999999999949253
2010-02-18,0.7591607163290203,0.7591607163290203,1.0,2.508445564152697,0.9669098508112136,True,0.9065564401638058,0.9058902740430408,0.9999442142352905,0.9669116201827072,-2.5120174157935047,1.0,0.9999999999979701
2010-02-23,0.8716049185745306,0.8716049185745306,1.0,2.6410793260856886,0.956023907117663,True,0.9037603184366638,0.90314744560556,0.9999776856941162,0.9660406031375036,-2.5223423686168798,1.0,0.999999999999188
2010-02-26,0.8846195215374516,0.8846195215374516,1.0,2.530865528570716,0.962777513103618,True,0.9022290546847268,0.9016652116801112,0.9999910742776464,0.9657795559347928,-2.5230242214131864,1.0,0.9999999999996751
2010-03-03,1.0274128467370724,1.0274128467370724,1.0,2.4458866206818954,0.9629550206041424,True,0.977339329916134,0.977113792714288,0.9999964297110586,0.9655535931083408,-2.476741660974412,1.0,0.9999999999998701
2010-03-08,0.3027182972459309,0.2987798444458698,0.9883043670400417,3.4981084939435467,0.8830521903072731,True,0.923369647302518,0.9228470768528144,0.9990610646973772,0.9589534808842556,-2.5584510076119424,1.0,0.999999999999948
2010-03-11,0.3416629616355763,0.3373970119490196,0.988713086970444,3.344422270904887,0.8719868062087371,True,0.8768331124491626,0.876011071660511,0.9982332264792226,0.951996146910214,-2.621328708675378,1.0,0.9999999999999792
2010-03-16,0.5294880762323325,0.5213901003533887,0.9830975548787708,3.0491043617429616,0.8960573130422165,True,0.8490455095518163,0.8476413939559412,0.9970223727511864,0.9475210402007744,-2.655550760920785,1.0,0.9999999999999917
2010-03-19,0.5119250744165583,0.5057562295062101,0.9854066639903452,3.0775875652400604,0.9131205669931236,True,0.8220758747409957,0.8202905807999628,0.9960931160503192,0.9447690023441624,-2.689313705266327,1.0,0.9999999999999967
2010-03-24,0.1654683914358273,0.1532302399685794,0.9251909900831372,3.5761733650533887,0.9267295941332778,True,0.7695472760765824,0.7669257535334522,0.9904209459729448,0.9433258496872916,-2.760262478049292,0.8682821113906785,0.9894625689112512
2010-03-29,0.0954919248083045,0.0819650710380151,0.9004083338136175,3.816192380192764,0.9124351465872356,True,0.7156228479751201,0.7121288989338173,0.9832199370001986,0.9408545934392872,-2.8447368702207694,0.5894282853198507,0.9574598262239392
2010-04-01,0.0771690358821035,0.0657648868025919,0.8984335384290919,3.977948412853236,0.8805269456322229,True,0.6645465430076788,0.6604197779633193,0.97643702511451,0.936028381614722,-2.935393793631367,0.6968870554249684,0.9366140045600216
2010-04-07,0.0783115483681214,0.0661357831327212,0.8876279711299797,3.897114548610408,0.8447737702539136,True,0.6176477434365143,0.6128770583768716,0.9693323007957476,0.9287280127058574,-3.012331454029691,0.6869075352753933,0.9166374870172513
2010-04-12,0.0363063524574594,0.0303199337137309,0.8965616336546952,4.159977574548581,0.8349661488563408,True,0.5711404321581899,0.5662724884038204,0.9635106474244636,0.921227063597896,-3.104143143671202,0.7262742034211883,0.9014084243295664
2010-04-15,0.0578259596507973,0.0505330645828752,0.9158256076323676,4.160383073847762,0.8142475775542886,True,0.5300752743575986,0.5250133344981448,0.9596958442410958,0.9126687047144076,-3.188642338085327,0.7185053600173047,0.8867761791845855
2010-04-20,0.0865716781241911,0.0792438901356024,0.9282308255009823,3.980870593633597,0.8549975939307326,True,0.494594986658926,0.4893517789491414,0.9571786427418868,0.9080550158517136,-3.252020598529189,0.8513283899170635,0.8839403560431838
2010-04-23,0.2020859455095591,0.2020859455095591,1.0,3.8486387130819546,0.8862364784832101,True,0.4711942633669767,0.4663705122739749,0.9828714570967548,0.9063095328622331,-3.29975004769341,1.0,0.9535761424172735
2010-04-28,0.3189687680511766,0.3189687680511766,1.0,3.444690259896005,0.9345882293467032,True,0.4590162237417127,0.4545783727361511,0.993148582838702,0.9232767507529152,-3.311345264669618,1.0,0.9814304569669094
2010-05-03,0.3322020521049492,0.3244329035991994,0.9806320963591242,3.5868843627822096,0.968861158349141,False,0.4488710900107717,0.4441667352051949,0.9921472639203356,0.9506273953106508,-3.3333883925186254,1.0,0.9925721827867637
2010-05-06,0.2951677068434643,0.2951677068434643,1.0,1.852914561195289,0.983477815537073,False,0.436574819357387,0.4322468129362565,0.9968589055681344,0.9703376474465042,-2.445104093724624,1.0,0.9970288731147054
2010-05-11,0.6252686007277184,0.6252686007277184,1.0,1.6918854344457237,0.9868573895958676,False,0.5497910881795858,0.5480598856111336,0.9987435622272536,0.9802494927361222,-1.993172898157284,1.0,0.9988115492458822
2010-05-14,0.5871124255800776,0.5871124255800776,1.0,1.6559075269349544,0.9869198331689344,False,0.5721838906198808,0.5714914095925,0.9994974248909014,0.9842516969958096,-1.790813675423886,1.0,0.9995246196983529
2010-05-19,0.7174532235426669,0.7174532235426669,1.0,1.7348942142078303,0.9859265641004924,False,0.6593454903735525,0.6590684979626001,0.9997989699563604,0.9852566172586192,-1.7572619986942526,1.0,0.9998098478793411
2010-05-24,0.6702480429660168,0.6702480429660168,1.0,1.8278713447226589,0.9766792204821456,False,0.6658870219290312,0.6657762249646502,0.9999195879825442,0.9845704255165012,-1.7629107463765252,1.0,0.9999239391517365
2010-05-27,0.4309493814527713,0.4309493814527713,1.0,1.7283949106388703,0.976128586339013,False,0.6470920106909304,0.6469900774836999,0.9999678351930176,0.9838950783823024,-1.7422012449339324,1.0,0.9999695756606946
2010-06-02,0.4629791255400066,0.4629791255400066,1.0,1.6717062452174256,0.976670871125067,False,0.6323629798788565,0.6322692013282044,0.9999871340772072,0.9833171418017236,-1.6999042451040285,1.0,0.9999878302642778
2010-06-07,0.3725552486678392,0.3725552486678392,1.0,1.70353604824755,0.9693115170796274,False,0.6115783613819752,0.6114920851153752,0.9999948536308828,0.9821966918239556,-1.70019478935551,1.0,0.9999951321057111
2010-06-10,0.6124400535683294,0.6124400535683294,1.0,2.0609848249312948,0.964247412714141,False,0.6120953766937878,0.6120608661871477,0.9999979414523532,0.9807607494951706,-1.729057992201573,1.0,0.9999980528422845
2010-06-15,0.808220402643158,0.808220402643158,1.0,2.1237995406089727,0.9587881513620492,False,0.7297703922634099,0.7297565880607538,0.9999991765809412,0.979002941644521,-1.760637316074165,1.0,0.9999992211369138
2010-06-18,0.4442492285283552,0.4442492285283552,1.0,2.264461792063991,0.9392822706773984,False,0.7069286991646055,0.706915999298162,0.9999996706323764,0.9758252879671512,-1.800943274153351,1.0,0.9999996884547655
2010-06-23,0.3367124495861154,0.3367124495861154,1.0,2.030985322157389,0.9725147079489832,False,0.6773113991983264,0.6772997153211983,0.9999998682529506,0.9755604415656978,-1.8193466379936745,1.0,0.9999998753819062
2010-06-28,0.3358453696734194,0.3358453696734194,1.0,2.226579008774959,0.9744226202642116,False,0.6499941168363339,0.649983367669376,0.9999999473011802,0.975469415861579,-1.851925227656177,1.0,0.9999999501527624
2010-07-01,0.51021022499099,0.51021022499099,1.0,2.411468703862754,0.9687481977844824,False,0.6388114054887064,0.6388015162551052,0.999999978920472,0.9749317184154114,-1.8966887057527035,1.0,0.999999980061105
2010-07-07,0.699827567316793,0.699827567316793,1.0,2.7681344157251924,0.9513466282631712,False,0.6754211025855583,0.6754171468921178,0.9999999915681888,0.9730449112032322,-1.9664043625505023,1.0,0.999999992024442
2010-07-12,0.8445108135404347,0.8445108135404347,1.0,2.6872041942517764,0.9453908617159802,False,0.7768749291584841,0.776873346881108,0.9999999966272756,0.970832587244252,-2.0240683490866043,1.0,0.9999999968097768
2010-07-15,0.7051142808440249,0.7051142808440249,1.0,2.783946658872411,0.9338517579402164,False,0.7711340772933275,0.7711326215981414,0.9999999986509104,0.9678741208999294,-2.084858613869469,1.0,0.9999999987239108
2010-07-20,0.805834561837455,0.805834561837455,1.0,2.977131991018393,0.9274841701670182,False,0.791954368019804,0.7919537857417296,0.999999999460364,0.9646429248412964,-2.156240484041384,1.0,0.9999999994895643
2010-07-23,0.5519924299654256,0.5498403176589368,0.9956893187103566,3.141493983212598,0.9194422058426578,False,0.7727574129754538,0.7725847082951062,0.9996551450003636,0.9610268673214056,-2.2350607639750804,1.0,0.9999999997958258
2010-07-28,0.221820564415324,0.216611321090088,0.9800426446871716,3.8133286716489274,0.8705600733264682,False,0.7286824650906435,0.7281068373187047,0.9980861449753085,0.9537895238018106,-2.361322196588988,1.0,0.9999999999183303
2010-08-02,0.371784161683438,0.3534001941839976,0.9523478535143514,3.4464762509171005,0.87808224942448,True,0.700130600818067,0.6981303058679282,0.994427081658432,0.9477329418516244,-2.448134520935237,1.0,0.9999999999673321
2010-08-05,0.3641608200237735,0.3426748017204379,0.9481856630900536,3.483902197687026,0.8451028052155097,True,0.6732530183545236,0.6696938655361291,0.9907277681729616,0.9395225309207352,-2.530995935075381,1.0,0.9999999999869329
2010-08-10,0.3452658600048807,0.3224824271117443,0.942697468412514,3.490176862910384,0.8496426725658933,True,0.6470140456865522,0.6419169504621783,0.9868853441921258,0.9323321422523478,-2.6077304093021807,1.0,0.9999999999947732
2010-08-13,0.6441419716020532,0.6306976146374357,0.9748796231409448,2.9027765345667564,0.8952396697749692,True,0.6467842797597924,0.641019403596199,0.9859248865080316,0.9293647444541576,-2.631334099323347,1.0,0.9999999999979092
2010-08-18,0.8923215338333184,0.8824046906899338,0.9852540622259264,2.609029311472414,0.9276265018013112,True,0.7941066322039079,0.7858505758524399,0.9858712205654632,0.92922568504193,-2.617951226612788,1.0,0.9999999999991637
2010-08-23,0.7542251817776695,0.7443289187406397,0.9834318026902724,2.7641581366005448,0.9164738503539804,True,0.7909161161698088,0.7825288432834959,0.985676067135448,0.928205538266894,-2.6296477794118083,1.0,0.9999999999996655
2010-08-26,1.1368290070817473,1.1368290070817473,1.0,2.5651474108471475,0.9320389959778684,True,0.998463850716972,0.9951089415624468,0.9942704268541792,0.9305056128934788,-2.590947558273012,1.0,0.9999999999998662
2010-08-31,0.9860034717723266,0.9860034717723266,1.0,2.555466965889324,0.9314368615798568,True,0.9974670204014002,0.994380503979237,0.9977081707416716,0.9310643621053056,-2.569659202842799,1.0,0.9999999999999465
2010-09-03,1.5136910974488722,1.5136910974488722,1.0,2.170134889840969,0.957661132913886,True,1.3072014666298832,1.305966860061018,0.9990832682966686,0.9470224245904536,-2.3299446150417014,1.0,0.9999999999999786
2010-09-09,0.9252364715796768,0.9252364715796768,1.0,2.2219718121844885,0.9562370410196952,True,1.2766442670258669,1.275508428982511,0.9996333073186674,0.9525511944479986,-2.265160933327373,1.0,0.9999999999999915
2010-09-14,0.8145665597048971,0.8145665597048971,1.0,2.1741110184017804,0.9636693867562922,True,1.2396780504401892,1.2386330794403018,0.999853322927467,0.9592221098329748,-2.210530984372018,1.0,0.9999999999999966
2010-09-17,1.0200552442253077,1.0200552442253077,1.0,2.453238565383712,0.9484135253060432,True,1.2221082259429987,1.2211468526231022,0.9999413291709868,0.9583574230708204,-2.229947590852954,1.0,0.9999999999999987
2010-09-22,0.7447416182340186,0.7429314216515647,0.9971879818233202,2.917295562293305,0.915429487288958,True,1.1839188973262804,1.1828896181453794,0.9997210613831736,0.9549231882082712,-2.2849354285681818,1.0,0.9999999999999994
2010-09-27,0.8566519828183948,0.8536423662842784,0.995848617720666,2.7958502317721896,0.9274364664010516,True,1.1577375441656497,1.1565498379964914,0.9994112658901728,0.9527242504636938,-2.3258086128245026,1.0,0.9999999999999998
2010-09-30,0.2846913282091701,0.2775001809768424,0.9798560181141288,3.621201408906171,0.8421848412187587,True,1.0878938468891313,1.0862258654349195,0.9978468460680894,0.943881097724099,-2.429440036511036,1.0,0.9999999999999999
2010-10-05,0.193015330708742,0.1874249247273077,0.9806118924414788,3.865646132434142,0.8073603577113648,True,1.0163035655947,1.0143217901783106,0.9964680497779606,0.9329594385230804,-2.5443365241848848,1.0,1.0
2010-10-08,0.1238542266132917,0.1167171260693029,0.9700253196054006,4.215406705572395,0.7833172664753298,True,0.9449076184761876,0.94251341704959,0.994352631364156,0.9209880647592602,-2.678022138695886,1.0,1.0
2010-10-13,0.1146265850400809,0.1091960390826273,0.9748660040350484,4.240353753421449,0.7898112851576435,True,0.878485135801299,0.8758480268122331,0.9927937011778272,0.9104939223911308,-2.803008667873931,1.0,1.0
2010-10-18,0.0595300129516951,0.0568799162515258,0.9797863184711276,4.579655735419264,0.7894238494234368,False,0.8129687259733307,0.8103305779673765,0.9917531105612912,0.9008083165537156,-2.9451404332775577,1.0,1.0
2010-10-21,0.1078117019303779,0.1039572273168627,0.9812838737128736,4.485413414113081,0.8076437629593883,False,0.7565561640498946,0.7538207099153355,0.990915571613418,0.8933551522661694,-3.0683622717444,1.0,1.0
2010-10-26,0.0734184420772963,0.0703696735737843,0.9839615129347686,4.655480093294001,0.7835029492140906,False,0.7019051462920867,0.6991446270080114,0.990359246919126,0.8845669760220031,-3.1953316974683683,1.0,1.0
2010-10-29,0.0875343805759771,0.0797741545581779,0.961848407691122,4.497558251019764,0.8263877695138749,False,0.6527554850347979,0.6495949892120247,0.9880783797808858,0.8799126395013529,-3.29950982175248,0.9365182255435468,0.9949214580434838
2010-11-03,0.0230975670368798,0.0195679898855577,0.9690675318099484,5.170482727847535,0.8220081197097253,False,0.6023828515949644,0.5991928292659074,0.9865575119432108,0.8752802779180228,-3.449187654240085,0.8698832676273254,0.984918402810191
2010-11-08,0.0545816630085626,0.0483427133589271,0.9609024156909864,4.62445989404561,0.8829351807447003,False,0.5585587565080523,0.5551248199933491,0.984505104243033,0.8798732196140293,-3.5432094334245265,0.8672836443182615,0.9755076221308367
2010-11-11,0.0846353994510464,0.0725283015802411,0.9324084867870388,4.434219826479587,0.8975963834668714,False,0.5206448879434918,0.5165170985203005,0.9803373748465534,0.8905071179257346,-3.614490264868931,0.9172082415796937,0.9708436716867453
2010-11-16,0.1986190276692735,0.1757787843881115,0.9194824907980818,4.010384502932158,0.9086843633728524,False,0.4948828191215544,0.4892580333897254,0.9754689841226756,0.9014134651940052,-3.646161803913989,0.8056347504358036,0.95762695798667
2010-11-19,0.3138838872999854,0.2936416594767986,0.9478591665058518,3.785802607377241,0.9198986104703478,False,0.4804029045758289,0.4736087234766913,0.9732601987133298,0.9125045523598108,-3.6573330681910496,1.0,0.983050783194668
2010-11-24,0.5137784239145732,0.4775721587537489,0.920647651982196,3.238761502551704,0.9343476957241452,False,0.5004282161790755,0.4759867846429259,0.969051194974839,0.9256104383784116,-3.406190128807442,0.8126521566603638,0.9694188930719236
2010-11-30,0.6731588306677649,0.6714414097397389,0.9964301398087814,2.9010264115334263,0.9359205606427932,False,0.6040665848722891,0.5932595597010136,0.9854785618752044,0.9317965117370406,-3.103091898443033,1.0,0.9877675572287694
2010-12-03,0.9394782053933178,0.9394782053933178,1.0,2.526579284265204,0.944668101223752,False,0.8053135571849064,0.8009907471163962,0.9941914247500818,0.9395194654290672,-2.757184329936336,1.0,0.9951070228915078
2010-12-08,0.7720274829017949,0.7720274829017949,1.0,2.6141598032222464,0.930750938918032,False,0.8026506712422575,0.7986736859792282,0.9976765699000328,0.9388179833081844,-2.671369613907882,1.0,0.9980428091566032
2010-12-13,0.733725539831159,0.733725539831159,1.0,2.579029780516685,0.9330287276307472,False,0.7971366607293697,0.7934778342873827,0.9990706279600132,0.9383548428539896,-2.615965713873164,1.0,0.9992171236626413
2010-12-16,0.5552856756074919,0.5552856756074919,1.0,2.56399910780243,0.940546300226442,False,0.7777885819196195,0.7744224615929914,0.9996282511840052,0.939669717277461,-2.584785750230724,1.0,0.9996868494650565
2010-12-21,0.4471064872594317,0.4471064872594317,1.0,2.7062781394220665,0.9399365757395668,False,0.7513340143468045,0.7482371836463066,0.999851300473602,0.9398298323547244,-2.594505141366032,1.0,0.9998747397860226
2010-12-27,0.2998415028641311,0.2980164386359196,0.9934784320056,2.9882513842484792,0.9171140021796014,False,0.7152146134281907,0.7122195240454757,0.999341470996162,0.9380125659407148,-2.6260048407966274,1.0,0.9999498959144091
2010-12-30,0.0730914004975336,0.0643882280759575,0.91649950521553,3.825609233727559,0.873763831375188,False,0.6638447563937382,0.6603930203679144,0.9927141137337114,0.9328726671754726,-2.7219731922311023,1.0,0.9999799583657636
2011-01-04,0.0169167417592235,0.0120780785975293,0.859220223209556,4.39478607748553,0.7661773672014776,False,0.6120905152229771,0.6085278250262837,0.982034602491779,0.919537043177553,-2.8557982230514565,0.5538026073269335,0.9642857702826573
2011-01-07,0.0072221905040073,0.0052030419264593,0.8642590638063928,4.403999089286871,0.7486527815491466,False,0.5637010492454595,0.5602618423782977,0.972612559396948,0.9058663022472806,-2.97965429235029,0.6295513706360232,0.9375070183109266
2011-01-12,0.0726173452439808,0.0673660836217954,0.9484264458611216,3.997916488212718,0.8031649346302349,False,0.5244143529253412,0.5208301816777775,0.970677670314082,0.897650192837917,-3.061115268019284,1.0,0.9750028073243706
2011-01-18,0.1424802953293624,0.1419785220036395,0.9974484559167488,3.9559423123275015,0.7913613631440234,False,0.4938596283176629,0.4905220489038465,0.986740141675682,0.8891470864624056,-3.132701431563942,1.0,0.9900011229297483
2011-01-21,0.1404888741126723,0.1334126568831916,0.959831875856884,3.8827985957721687,0.8253672826869848,False,0.4655899679812637,0.4619532975421941,0.9845874804101782,0.884044702160372,-3.1927092047006003,1.0,0.9960004491718993
2011-01-26,0.1155083783465668,0.1096572378770289,0.9601832188259214,3.961001042260948,0.8106813013677069,False,0.437583440810488,0.4337696127689809,0.9826351394834376,0.8781756300969588,-3.254172551705428,1.0,0.9984001796687597
2011-01-31,0.244029546026361,0.2439256920073625,0.9996978372456083,3.623917411493012,0.8644110120702394,False,0.4220991292277578,0.4185820991080514,0.9928727581407402,0.8770744606548212,-3.283752140488435,1.0,0.9993600718675039
2011-02-03,0.2743392691391615,0.2597839816308381,0.9574453735549964,3.5736680165669057,0.8775965219588433,False,0.4102783404206701,0.4058782497098744,0.9900385673738809,0.8773876974372345,-3.3069454105747127,1.0,0.9997440287470015
2011-02-08,0.3907725096052836,0.3709514149118278,0.9471424898854996,3.406411902724088,0.9125632114183078,False,0.4087178739554392,0.4030841029260307,0.9866068811748104,0.8984930058258785,-3.3149027299466627,0.7677119262706716,0.9811814605488951
2011-02-11,0.2706486855888607,0.2542717941060632,0.9447523433516036,3.682035538526299,0.8899105871068449,False,0.3976723388861129,0.3911791182204333,0.9832585181489538,0.8978064123283559,-3.344273354633034,0.8126521566603635,0.9676991162378126
2011-02-16,0.2434847820259399,0.2274619191287001,0.9416999500474942,3.691036225450851,0.8909196030802651,False,0.3853373343372991,0.3780817422930946,0.9799338327008372,0.8972554675885086,-3.37201438429846,0.7989154253592634,0.9541964209675287
2011-02-22,0.8163457626629365,0.7857527849832238,0.954950860907309,2.7968981392261867,0.9472005104683104,False,0.6439423913326815,0.6226843679071721,0.9779351949573548,0.9272224933163896,-3.026944637255096,0.7677119262706716,0.9392776613917801
2011-02-25,0.8210939114240691,0.8115474361783492,0.9864410655828798,2.844009116497922,0.9240108598064776,False,0.750233303387514,0.7360022088698783,0.98303871733267,0.9269655626355968,-2.917183324800792,1.0,0.9757110645567121
2011-03-02,0.4815863762219362,0.466329878509096,0.9649245098860512,3.2167792010057803,0.9103217010228882,False,0.7287415492142678,0.7144284224410158,0.9815895807369404,0.92563405370658,-2.941150994897191,0.9098736861866104,0.970444074287104
2011-03-07,0.5610099984144327,0.5448552941873379,0.9665769433503034,2.9878094322435333,0.9162003928493676,False,0.715323025150281,0.7008625721807216,0.9803885697460096,0.9248793608380032,-2.944883669884898,1.0,0.9881776297148416
2011-03-10,0.7404402239099803,0.7245975162798172,0.973376201061926,2.7867580882358847,0.913947483962053,False,0.7303933444061006,0.715103538640179,0.9798275802512828,0.9240048106879272,-2.85000832089549,1.0,0.9952710518859367
2011-03-15,0.8817864644235314,0.8817864644235314,1.0,2.570272499494226,0.9747563130963742,False,0.821229216416559,0.8151132941101904,0.9919310321005133,0.9544557121329954,-2.682166828054732,1.0,0.9981084207543747
2011-03-18,0.8376634367800225,0.8376634367800225,1.0,2.7187429312887788,0.9784144305009408,False,0.8310897486346371,0.8286433797120897,0.9967724128402052,0.9688309431537626,-2.685092916313456,1.0,0.9992433683017499
2011-03-23,0.5708721352299351,0.5708721352299351,1.0,2.519877407833856,0.9839118305767786,False,0.8102723395622611,0.8080216801535174,0.998708965136082,0.9778794756075722,-2.5859636112256954,1.0,0.9996973473206999
2011-03-28,0.64270791936728,0.64270791936728,1.0,2.5816891868456766,0.9835257125147744,False,0.7968671859466626,0.7947965792906184,0.9994835860544328,0.9812672177518936,-2.5833989565976845,1.0,0.99987893892828
2011-03-31,0.5913234980078201,0.5913234980078201,1.0,3.0443922247491195,0.9854293544088444,False,0.7804236909115553,0.7785187327879945,0.9997934344217732,0.983764499746064,-2.6202784180498,1.0,0.999951575571312
2011-04-05,0.6023707714985134,0.6023707714985134,1.0,2.9922285833897364,0.9872965403346196,False,0.7661794573585119,0.764426895884836,0.9999173737687092,0.9858837240991972,-2.650034431276995,1.0,0.9999806302285248
2011-04-08,0.647354059641738,0.647354059641738,1.0,3.028990083763489,0.9878095038411616,False,0.75667342554117,0.7550610689853882,0.9999669495074835,0.987039191944376,-2.6803508834759144,1.0,0.99999225209141
2011-04-13,0.2624030856731776,0.2624030856731776,1.0,3.966576284352116,0.9567732927569362,False,0.7171317983517307,0.7156484303204114,0.9999867798029934,0.9846179200093808,-2.7832489155460105,1.0,0.999996900836564
2011-04-18,0.2653887789965505,0.2598643484871302,0.9853588208120042,4.112444944718649,0.9244197028867832,False,0.6809923568033163,0.679185703773749,0.9988165430837144,0.9798020626395731,-2.8895845978798214,1.0,0.9999987603346256
2011-04-21,0.2948017345714689,0.286358376802685,0.978271293842058,3.947320251546626,0.8953824270834987,False,0.6500971070247685,0.6477595176160639,0.997172923144382,0.9730484917950872,-2.974203450173166,1.0,0.9999995041338503
2011-04-27,0.3945470280276674,0.3945470280276674,1.0,3.823671984993009,0.892274729631226,False,0.6296531007050005,0.6275025184489922,0.9988691692577528,0.9665865908219784,-3.042160932958754,1.0,0.9999998016535401
2011-05-02,0.3951198890071078,0.3951198890071078,1.0,3.3407744535806128,0.9135281134761036,False,0.610890443769169,0.6089119080936415,0.9995476677031012,0.9623419126343083,-3.0660500146085026,1.0,0.9999999206614161
2011-05-05,0.3094781154842629,0.3094781154842629,1.0,3.034293967640897,0.9254054939841732,False,0.5867774575063766,0.5849572046848912,0.9998190670812404,0.9593869991422976,-3.0469963864279395,1.0,0.9999999682645664
2011-05-10,0.5054385532345794,0.5054385532345794,1.0,3.134266005060889,0.9273672388176868,False,0.5802703451646327,0.5785957125688663,0.999927626832496,0.9568254183163288,-3.053977955918576,1.0,0.9999999873058265
2011-05-13,0.3309948774057086,0.3309948774057086,1.0,3.390691998743961,0.9122053839204204,False,0.5603283077439188,0.5587876457558137,0.9999710507329984,0.953255815564656,-3.0809150793446065,1.0,0.9999999949223306
2011-05-18,0.3698237296624586,0.3698237296624586,1.0,3.3529260803995644,0.909037452026571,False,0.5450879414974021,0.5436705324683454,0.9999884202931992,0.9497183464816092,-3.1026759594290034,1.0,0.9999999979689322
2011-05-23,0.1857186680286821,0.1857186680286821,1.0,3.172709842267081,0.9248156928061292,False,0.5163383996199046,0.5150343833131724,0.9999953681172796,0.9477261341875708,-3.1082786700560496,1.0,0.9999999991875729
2011-05-26,0.3438364054418006,0.3438364054418006,1.0,3.617572959322902,0.9342600774391528,False,0.5025382400856563,0.5013385450834626,0.999998147246912,0.9466488496476976,-3.149022213197398,1.0,0.9999999996750292
2011-06-01,0.4553569093507569,0.4553569093507569,1.0,3.452119539185792,0.9426944369896902,True,0.4987637336268644,0.4976600142248462,0.9999992588987648,0.9463324966350568,-3.17326999927647,1.0,0.9999999998700116
2011-06-06,0.1331013585713637,0.1305910001053207,0.9866447546021232,4.316649856063447,0.929163549133157,True,0.4695107436224243,0.4682944930952842,0.9989308985550336,0.9449589808349048,-3.2647403878194283,1.0,0.9999999999480047
2011-06-09,0.1749715015870405,0.1749715015870405,1.0,4.094050977233465,0.9245049205293596,True,0.4459476042595937,0.4448286537746247,0.9995723594220134,0.9433226560104612,-3.3310852349725515,1.0,0.9999999999792019
2011-06-14,0.2335063600217836,0.2335063600217836,1.0,3.660458505033836,0.9155124558713378,True,0.4289523047205689,0.4279228702743975,0.9998289437688054,0.9410978399993316,-3.357435096577454,1.0,0.9999999999916808
2011-06-17,0.3334929001498332,0.3334929001498332,1.0,2.9935079368579305,0.9370857216855988,True,0.42131555235491,0.4203684726644324,0.9999315775075222,0.9407768705342328,-3.1390788007457404,1.0,0.9999999999966723
2011-06-22,0.3508760392097126,0.3508760392097126,1.0,3.157206681313383,0.9222645852713988,True,0.4156803913032942,0.4148090779880548,0.9999726310030088,0.9392958877132062,-3.140529031191152,1.0,0.999999999998669
2011-06-27,0.3462063957352491,0.3462063957352491,1.0,2.80610240899249,0.9376899872759008,True,0.4101224716578506,0.4093208634078303,0.9999890524012036,0.9391674156782218,-2.939873057871956,1.0,0.9999999999994675
2011-06-30,0.3672027440542124,0.3672027440542124,1.0,3.14769200317376,0.9384092184996734,True,0.4066888934495596,0.4059514138595409,0.9999956209604814,0.939106759903938,-2.9564985734961,1.0,0.9999999999997871
2011-07-06,0.4028844813484017,0.4028844813484017,1.0,2.900721842189528,0.9455514406205108,True,0.406384540481467,0.4057060592586498,0.9999982483841926,0.9429735683338818,-2.923032534712157,1.0,0.9999999999999148
2011-07-11,0.6935980601936924,0.6935980601936924,1.0,2.503244301059456,0.9563009038090192,True,0.5787126523088022,0.5784412598196754,0.999999299353677,0.9509699696189644,-2.671159594520536,1.0,0.9999999999999659
2011-07-14,0.6545328747977851,0.6545328747977851,1.0,2.62892680839568,0.9598434656849392,True,0.624204785802192,0.6240962288065413,0.9999997197414708,0.9562940672585492,-2.6458199228456225,1.0,0.9999999999999863
2011-07-19,0.6475737211713902,0.6475737211713902,1.0,2.6655243832244757,0.9593633717226068,True,0.6382261470237109,0.6381827242254506,0.9999998878965884,0.9581356499369836,-2.647396279675931,1.0,0.9999999999999946
2011-07-22,0.824395846839249,0.824395846839249,1.0,2.5046970897386145,0.96160813156395,True,0.7499279669130338,0.7499105977937297,0.9999999551586354,0.9602191389131636,-2.561776765713541,1.0,0.9999999999999978
2011-07-27,0.913637355807878,0.913637355807878,1.0,2.690134635749528,0.9761105116508736,True,0.8481536002499402,0.8481466526022186,0.9999999820634542,0.9697539625557896,-2.57204539531642,1.0,0.9999999999999991
2011-08-01,0.5768871740834466,0.5768871740834466,1.0,2.1421677407831674,0.9721665948492004,True,0.8264522861566208,0.8264458943207169,0.9999999928253815,0.971201541931836,-2.3141188025964685,1.0,0.9999999999999997
2011-08-04,0.5601601589241474,0.5601601589241474,1.0,2.2196784522030053,0.9597057226069088,True,0.805148915978023,0.8051430354889914,0.9999999971301526,0.9702818763858418,-2.2574545923603906,1.0,0.9999999999999999
2011-08-09,0.3451012309925,0.3451012309925,1.0,2.3406604022652577,0.9732706828882698,True,0.7683451011791812,0.7683396911292721,0.999999998852061,0.9720751602872986,-2.26411105715278,1.0,1.0
2011-08-12,0.3341376142181882,0.3341376142181882,1.0,2.568501047560513,0.9698637683821868,True,0.7336085022223018,0.7336035249763855,0.9999999995408244,0.9718982489348896,-2.2884622563853987,1.0,1.0
2011-08-17,0.4672700773060866,0.4672700773060866,1.0,2.509565596480383,0.9719277730570252,True,0.7123014282290047,0.7122968491627616,0.9999999998163298,0.9719159634081712,-2.306150523592997,1.0,1.0
2011-08-22,0.5268921423681483,0.5268921423681483,1.0,2.5031656245863685,0.975644369199442,True,0.6974686853601362,0.6974644726191926,0.999999999926532,0.9741530068829336,-2.321911731672467,1.0,1.0
2011-08-25,0.5358021162999217,0.5358021162999217,1.0,2.5012772932699163,0.9742258929799412,True,0.684535359835319,0.684531484113651,0.9999999999706128,0.9741967385411382,-2.336260976600263,1.0,1.0
2011-08-30,0.5753613791399286,0.5753613791399286,1.0,2.3948495154678104,0.9790352446031976,True,0.6758014413796878,0.6757978757157531,0.9999999999882452,0.977099842178374,-2.340948059709667,1.0,1.0
2011-09-02,0.567436241164507,0.567436241164507,1.0,2.2962020816883078,0.9800942055596478,True,0.6671322253624733,0.6671289449516534,0.999999999995298,0.9788964602071382,-2.3141004728968517,1.0,1.0
2011-09-08,0.9373566216466016,0.9373566216466016,1.0,2.501371322588323,0.9740637016835793,True,0.8292668631329503,0.8292655509686223,0.9999999999981192,0.9785098395252536,-2.329082140872169,1.0,1.0
2011-09-13,1.0096894285694558,1.0096894285694558,1.0,2.414400291380992,0.980144930405902,True,0.9375204023948536,0.9375198775291224,0.9999999999992476,0.9794908940536426,-2.335907592912875,1.0,1.0
2011-09-16,0.9076514605793312,0.9076514605793312,1.0,2.438593027440489,0.9764142595478592,True,0.9351308870496118,0.9351304041731392,0.9999999999996992,0.97924476329318,-2.3441224276750843,1.0,1.0
2011-09-21,0.7435739281728351,0.7435739281728351,1.0,2.2765213581831736,0.9762640420898284,True,0.9198063303394696,0.9198058860931148,0.9999999999998797,0.9790063055969118,-2.3035617859799378,1.0,1.0
2011-09-26,0.9110421978047218,0.9110421978047218,1.0,2.0770504571092085,0.9786103428721358,True,0.91910519973669,0.9191047910300436,0.9999999999999518,0.9789746285789296,-2.1676549886575005,1.0,1.0
2011-09-29,0.6332406737899797,0.6332406737899797,1.0,2.046067574449879,0.979140903426073,True,0.8962360376609532,0.8962356616508385,0.9999999999999808,0.9790743934872156,-2.094702540132928,1.0,1.0
2011-10-04,0.4704305409137712,0.4704305409137712,1.0,2.079288620663003,0.9747746910810732,True,0.8621715979211787,0.8621712519918732,0.9999999999999922,0.9787304172947242,-2.0854541884509725,1.0,1.0
2011-10-07,0.3779982619392312,0.3779982619392312,1.0,1.9648767725620533,0.975275975127908,True,0.823437731042623,0.8234374127876619,0.9999999999999968,0.978454061921379,-2.013107738917621,1.0,1.0
2011-10-12,0.2936746037197805,0.2936746037197805,1.0,1.9319103660830197,0.9711123428574532,True,0.7810566808567956,0.7810563880622314,0.9999999999999988,0.977866724396265,-1.96438931521686,1.0,1.0
2011-10-17,0.3196260377909317,0.3196260377909317,1.0,2.0173534540658515,0.9686809588467796,True,0.7441422294115265,0.7441419600405276,0.9999999999999996,0.9771318631523062,-1.96862644632478,1.0,1.0
2011-10-20,0.4106988311211355,0.4106988311211355,1.0,2.516057617483307,0.9479287708068524,True,0.7174667575482953,0.7174665097269762,0.9999999999999998,0.97479561576467,-2.0124209400174617,1.0,1.0
2011-10-25,0.3465759882256495,0.3465759882256495,1.0,2.503177632319206,0.9516909212144828,True,0.6877954960024836,0.6877952680068701,1.0,0.972947240200655,-2.051681475401601,1.0,1.0
2011-10-28,0.2757386783833992,0.2757386783833992,1.0,2.154911714973661,0.9609907146910454,True,0.6548309505929569,0.6548307408369924,1.0,0.9719907181598864,-2.059939894567366,1.0,1.0
2011-11-02,0.2308120813977803,0.2308120813977803,1.0,1.8768557350741653,0.9783950909398746,True,0.6209094410573428,0.6209092480818554,1.0,0.9758333418278792,-1.9500893988714452,1.0,1.0
2011-11-07,0.6782938403498688,0.6782938403498688,1.0,2.036980796873685,0.97283009376699,True,0.6553400806328584,0.6553400034426635,1.0,0.975593081983008,-1.9570407107116248,1.0,1.0
2011-11-10,0.6532653839786673,0.6532653839786673,1.0,1.9772471997510803,0.9780488898797112,True,0.6551741049005232,0.6551740338855438,1.0,0.97706656672103,-1.9586572298347813,1.0,1.0
2011-11-15,0.5944838878869051,0.5944838878869051,1.0,1.9581973901171543,0.9775314305739272,True,0.6503188875394338,0.6503188222056528,1.0,0.9773454850327684,-1.9583813260042051,1.0,1.0
2011-11-18,0.7250460040343496,0.7250460040343496,1.0,1.9890969290338392,0.9767118592114016,True,0.6951551574363832,0.6951551313028709,1.0,0.9772947949670592,-1.960838574246576,1.0,1.0
2011-11-23,0.7892467534465474,0.7892467534465474,1.0,2.062754972971605,0.9737434961099324,True,0.7516101150424817,0.7516101045890767,1.0,0.977010691058489,-1.9689918861445783,1.0,1.0
2011-11-29,0.9894224775211368,0.9894224775211368,1.0,2.634857610539953,0.962358431799136,True,0.8942975325296747,0.8942975283483128,1.0,0.9758385103177408,-2.0222611440962086,1.0,1.0
2011-12-02,0.6820762863013173,0.6763910877939977,0.9904844597257928,3.0112375453392204,0.9104411515890812,True,0.8773198328314061,0.8768650131039677,0.9992387567780634,0.970606721619448,-2.1013792561956497,1.0,1.0
2011-12-07,0.6683966244132802,0.6645895946149625,0.9935480753317912,3.038175203958915,0.9083396913999062,True,0.8606059761579561,0.8598829796248474,0.9987835022623616,0.9656253592018847,-2.176322932016711,1.0,1.0
2011-12-12,0.5718628710078767,0.5628048587452305,0.9822962270079016,3.1081593408919312,0.9062316488956664,True,0.8375065277459497,0.836116729954478,0.9974645202420048,0.9608738623773874,-2.2508698447267284,1.0,1.0
2011-12-15,0.6523403049006316,0.6468858752284311,0.9904521350529109,3.031969446069427,0.9148994611003446,True,0.8226932299183243,0.8209782615763943,0.9969035294268774,0.957195910275224,-2.3133578128341443,1.0,1.0
2011-12-20,0.4826556341479141,0.4778094961434191,0.9895703650653578,3.2478337546193283,0.911028559490718,True,0.7954902222566915,0.7935247603417563,0.996316876277956,0.9535025222124636,-2.388115888176959,1.0,1.0
2011-12-23,0.648452497197167,0.6417606104567829,0.9895933823059336,3.257347267513637,0.9172436127999156,True,0.7837272042519297,0.7813836283509585,0.9957789967601942,0.9506018094594598,-2.4576543985238937,1.0,1.0
2011-12-29,0.5773464407268768,0.5691222512563869,0.9855138120101228,3.21597105653789,0.8909885676183772,True,0.7672167431699255,0.7644027181833928,0.9949577819801884,0.9458327501121732,-2.518319731165014,1.0,1.0
2012-01-04,0.5662619157286134,0.5662619157286134,1.0,3.0420586384504875,0.910608939419644,True,0.7511403569746206,0.7485514539870105,0.9979831127920754,0.9430148452567708,-2.560218843747852,1.0,1.0
2012-01-09,0.4188801943331735,0.4188801943331735,1.0,3.0860963495338827,0.8993675710611987,True,0.7245595439633048,0.7221777532147036,0.9991932451168302,0.9395230633211252,-2.6022890442107345,1.0,1.0
2012-01-12,0.3119497220557129,0.3119497220557129,1.0,3.021406187469833,0.9020538349734945,True,0.6915507582106974,0.6893595107219843,0.999677298046732,0.9365255250533148,-2.6358184156714626,1.0,1.0
2012-01-18,0.3701749626480617,0.3701749626480617,1.0,3.3368738987725197,0.84517073080285,True,0.6658406945656866,0.6638247468760705,0.9998709192186928,0.9292171415132776,-2.691902854319548,1.0,1.0
2012-01-23,0.2214254205912333,0.2214254205912333,1.0,3.349709108320636,0.8589142312258898,True,0.6302874726477303,0.6284328007732836,0.9999483676874772,0.9235929086902864,-2.7445273546396347,1.0,1.0
2012-01-26,0.1543350672693989,0.1543350672693989,1.0,3.466747237630798,0.874513801143959,True,0.5922112802174638,0.5905049820929728,0.9999793470749908,0.9196665800865804,-2.802304945278928,1.0,1.0
2012-01-31,0.2000248944485014,0.2000248944485014,1.0,3.309204489425715,0.8898714840117766,True,0.5608363693559468,0.5592665750814151,0.9999917388299964,0.917282972400596,-2.842856908810671,1.0,1.0
2012-02-03,0.2464156173627911,0.2464156173627911,1.0,3.363464424409736,0.8833550494607678,True,0.5356827091964944,0.5342384984639252,0.9999966955319984,0.91456873856541,-2.884505510058596,1.0,1.0
2012-02-08,0.4326736025645104,0.4326736025645104,1.0,3.1128015768953783,0.8823852710218839,True,0.5274419806659357,0.5261133067919721,0.9999986782127994,0.9119940611619278,-2.902769195405539,1.0,1.0
2012-02-13,0.6801416937988318,0.6801416937988318,1.0,2.5364680109043403,0.9346041551221566,True,0.6190618085456734,0.6185303389960879,0.9999994712851198,0.9255601175380652,-2.68298848470482,1.0,1.0
2012-02-16,0.7025930266116097,0.7025930266116097,1.0,2.8080334762838444,0.912040512510394,True,0.6691805393852353,0.668967951565401,0.999999788514048,0.9244785491358516,-2.692992084031142,1.0,1.0
2012-02-22,0.7310790282459368,0.7310790282459368,1.0,2.700814906479108,0.9070959156362972,True,0.7063196327016562,0.7062345975737225,0.9999999154056192,0.9230879384558872,-2.6936179098269792,1.0,1.0
2012-02-27,0.6438043425094214,0.6438043425094214,1.0,2.6636723780651232,0.9099852376587508,True,0.7013184094862774,0.7012401771685784,0.9999999661622476,0.9220397223921162,-2.6756505907698656,1.0,1.0
2012-03-01,0.4127854151366467,0.4127854151366467,1.0,3.270821039360523,0.8802195880180403,True,0.6782357699383069,0.6781637962060239,0.9999999864648992,0.9186941116421902,-2.7232642266571183,1.0,1.0
2012-03-06,0.8954707577246095,0.8954707577246095,1.0,2.875407047517053,0.9072895057956836,True,0.8085767626100884,0.8085479731171752,0.9999999945859596,0.9177817431744696,-2.735435652325913,1.0,1.0
2012-03-09,0.9022402081342672,0.9022402081342672,1.0,2.8524308744565223,0.9294247422055362,True,0.8647748299245956,0.8647633141274303,0.999999997834384,0.9247675425931094,-2.744795270096362,1.0,1.0
2012-03-14,0.3972649829603304,0.3854320124573918,0.9670399031809268,3.368495594836724,0.9081245244513944,True,0.8273740421674545,0.8264168099938273,0.9973631902621074,0.9234361011417722,-2.794691296075591,1.0,1.0
2012-03-19,0.40348951851686,0.3877874771001557,0.9474133707865866,3.155902047886681,0.9225679807976472,True,0.7934632802754069,0.7913264633623336,0.9933672047040658,0.9233666515142422,-2.8235881562204783,0.8126521566603642,0.9850121725328291
2012-03-22,0.4616107003513816,0.4510177229023878,0.9654041267889026,3.0875367811295904,0.9267831248845662,True,0.7669150738814849,0.7641017641255379,0.9911301584708528,0.9254165355364364,-2.844704046213208,0.8126521566603642,0.9712233712630319
2012-03-27,0.4388718623786355,0.4255480561196738,0.9533387039622706,3.00161152825732,0.9392019490980902,True,0.740671616961257,0.7370174674850688,0.9881068421101664,0.9336877836734288,-2.8572566447767365,0.8126521566603642,0.9585376740948185
2012-03-30,0.6682822402868545,0.6504689212475534,0.965030686059957,2.8305611224353284,0.9436560999470348,True,0.7348804668273049,0.7300935837860676,0.9862607496261496,0.9396687734375924,-2.841239331371892,1.0,0.9834150696379274
2012-04-04,0.3914314168737106,0.3864808970316677,0.9871728070833162,3.1561529729726243,0.9281953121106534,True,0.7074045428310174,0.7026045688457155,0.9868079841004496,0.9387508965314372,-2.8664324226999502,1.0,0.9933660278551709
2012-04-10,0.5842778887089909,0.5842778887089909,1.0,2.795309238060737,0.9294202480825298,True,0.6975544105012553,0.6931384344347776,0.9947231936401798,0.9380044446555248,-2.8237585119164224,1.0,0.9973464111420683
2012-04-13,0.3869222384189059,0.3869222384189059,1.0,2.8703290694198635,0.9126620862193686,True,0.6727038367346674,0.668641138753508,0.997889277456072,0.9359770559806322,-2.827484156516698,1.0,0.9989385644568274
2012-04-18,0.3709240899546674,0.3709240899546674,1.0,2.655970605989404,0.9241602966928796,True,0.6485614569922674,0.6448237748496007,0.9991557109824288,0.935031715237612,-2.724576026200322,1.0,0.999575425782731
2012-04-23,0.3715920438741568,0.3715920438741568,1.0,2.5076166560006947,0.9292181022791076,True,0.6264039039428186,0.6229652363715652,0.9996622843929714,0.9345666262009316,-2.5944004040805457,1.0,0.9998301703130924
2012-04-26,0.3464436942656913,0.3464436942656913,1.0,2.3350320531310325,0.9401781998224532,True,0.6040070871686485,0.6008435130030954,0.9998649137571886,0.9379335703738446,-2.438779393510837,1.0,0.9999320681252369
2012-05-01,0.3058246666679811,0.3058246666679811,1.0,2.1904446683228143,0.9529324829124962,True,0.5801524935285951,0.5772420052962862,0.9999459655028754,0.9469329178970356,-2.2897785583980235,1.0,0.9999728272500947
2012-05-04,0.3097686304300509,0.3097686304300509,1.0,2.264924867686538,0.9479989390726664,True,0.5585217844807115,0.5558441353069874,0.9999783862011502,0.9475725306024142,-2.274866343971132,1.0,0.9999891309000379
2012-05-09,0.4053013974464757,0.4053013974464757,1.0,2.3791783093838204,0.9555075780908572,True,0.5462641535179726,0.5438007162781464,0.99999135448046,0.95233355909548,-2.283211301204147,1.0,0.9999956523600152
2012-05-14,0.5974897156925694,0.5974897156925694,1.0,2.0587624738643937,0.968686899341388,True,0.5769994908227307,0.5760141159268002,0.999996541792184,0.9621455632430248,-2.1485420048002952,1.0,0.9999982609440061
2012-05-17,0.7264028811459764,0.7264028811459764,1.0,2.349508923844032,0.9617845874518725,True,0.6666415250166782,0.6662473750583059,0.9999986167168736,0.9621166851797328,-2.1646193583237943,1.0,0.9999993043776024
2012-05-22,0.7586143863391139,0.7586143863391139,1.0,2.3342194668315392,0.9698077698367804,True,0.7218252418101396,0.7216675818267907,0.9999994466867494,0.9667313359739612,-2.178187367004414,1.0,0.999999721751041
2012-05-25,0.4325101119762815,0.4325101119762815,1.0,2.2484788505872277,0.9717911430659848,True,0.6986800314234309,0.6985349842387499,0.9999997786746998,0.9697672202291752,-2.183810685691039,1.0,0.9999998887004165
2012-05-31,0.4694343479257872,0.4694343479257872,1.0,2.0771737659276845,0.9736350462531198,True,0.6803403767436195,0.680206933333713,0.99999991146988,0.972087915843542,-2.1198285338330263,1.0,0.9999999554801666
2012-06-05,0.4951137150432833,0.4951137150432833,1.0,1.9051908122679264,0.9773209061305386,True,0.6655222438075925,0.6653994758704785,0.999999964587952,0.97522771001574,-1.9910459008939665,1.0,0.9999999821920666
2012-06-08,0.2994683423620243,0.2994683423620243,1.0,1.7870658802203765,0.971705918502023,True,0.6362379316919471,0.6361249851898023,0.9999999858351808,0.9749459666946428,-1.868657888489812,1.0,0.9999999928768266
2012-06-13,0.3361604113662371,0.3361604113662371,1.0,1.923923698864325,0.9670549470415084,True,0.6122317300658904,0.6121278192839171,0.9999999943340724,0.974314685122392,-1.8730791533197733,1.0,0.9999999971507306
2012-06-18,0.2922114586900753,0.2922114586900753,1.0,2.178682218888811,0.948033562267136,True,0.5866301083558252,0.5865345104364098,0.9999999977336288,0.9722121952939716,-1.8975273985652965,1.0,0.9999999988602922
2012-06-21,0.2555297286871548,0.2555297286871548,1.0,2.346671634972452,0.9435816929002911,True,0.5601420779823316,0.5600541278964695,0.9999999990934516,0.9699217551024772,-1.9334589374778688,1.0,0.9999999995441169
2012-06-26,0.1886847393982755,0.1886847393982755,1.0,2.3528612094721857,0.9428486373374594,True,0.5304254908956072,0.5303445768166141,0.9999999996373806,0.9677559056812758,-1.9670111192374145,1.0,0.9999999998176468
2012-06-29,0.1620771497870985,0.1620771497870985,1.0,3.171244879982216,0.9038972644002432,True,0.5009576236069265,0.5008831826542528,0.9999999998549522,0.9626472143787932,-2.0633498200969984,1.0,0.9999999999270587
2012-07-05,0.1480390975202462,0.1480390975202462,1.0,3.722481925580904,0.8902764741731554,True,0.4727241415199921,0.4726556558435323,0.9999999999419809,0.9568575551623424,-2.196080388535711,1.0,0.9999999999708234
2012-07-10,0.1953679119604076,0.1953679119604076,1.0,3.737674547875328,0.8968188443403331,True,0.4505356431552254,0.4504726363328823,0.9999999999767925,0.9520544582965816,-2.3194079212828806,1.0,0.9999999999883293
2012-07-13,0.3261928451793626,0.3261928451793626,1.0,3.466469042219928,0.9040231449473236,True,0.4405882193171564,0.4405302530406008,0.999999999990717,0.9482119532286408,-2.4111728109578445,1.0,0.9999999999953317
2012-07-18,0.5422629214397059,0.5422629214397059,1.0,3.181755659598948,0.9063374732452504,True,0.5015930405906861,0.5015698540800638,0.9999999999962867,0.9448619948299696,-2.472819438849133,1.0,0.9999999999981327
2012-07-23,0.8121762080446424,0.8121762080446424,1.0,2.789741459449893,0.95201880910321,True,0.6879429410630599,0.6879336664588109,0.9999999999985149,0.949156083393914,-2.498173200497193,1.0,0.999999999999253
2012-07-26,0.892303552431803,0.892303552431803,1.0,2.7960002879279258,0.9491373877676336,True,0.8105593078843056,0.8105555980426061,0.999999999999406,0.9491545877438116,-2.521999367491652,1.0,0.9999999999997012
2012-07-31,0.8515535344498786,0.8515535344498786,1.0,2.9828640143105107,0.9356456106253092,True,0.8351558438236494,0.8351543598869695,0.9999999999997624,0.9480738695743312,-2.5588685392371606,1.0,0.9999999999998805
2012-08-03,0.7497864070462407,0.7497864070462407,1.0,2.976018501254745,0.9488087713767444,True,0.8283262888814568,0.8283249236597112,0.999999999999905,0.9485148106557793,-2.592240536198568,1.0,0.9999999999999523
2012-08-08,0.7586608220863258,0.7586608220863258,1.0,2.90670030264064,0.9583610904284736,True,0.8227530515378463,0.8227517955338404,0.999999999999962,0.954422578519396,-2.617397317513934,1.0,0.9999999999999809
2012-08-13,0.6827019834414653,0.6827019834414653,1.0,2.937496356526722,0.9530844143903234,True,0.8115489660901358,0.8115478105664504,0.9999999999999848,0.9543155253890702,-2.643005240634957,1.0,0.9999999999999923
2012-08-16,0.623796696161999,0.623796696161999,1.0,2.997861603631705,0.946365973879532,True,0.7965287844958849,0.7965277214140943,0.999999999999994,0.9536795612683072,-2.671393749674697,1.0,0.9999999999999969
2012-08-21,0.1758612988109212,0.165872741755687,0.9501705185287866,3.839036029823293,0.8949326085154442,True,0.7468753856410879,0.7460753230414219,0.9960136414822972,0.948979805048078,-2.764805132086585,0.7857532915345887,0.9828602633227642
2012-08-24,0.088845256544904,0.0788618052492073,0.929691668982888,4.322491347036469,0.8705196391643677,True,0.6942329753133932,0.6926982416180447,0.9907078836823446,0.9427029917773811,-2.889420029282576,0.8383465928110558,0.9712991696818275
2012-08-29,0.2088682381774369,0.1993007579843019,0.9658540861611876,3.852271877625955,0.8685331308280783,True,0.6554037963425168,0.6532264429273453,0.988719579880652,0.9367694029014372,-2.9664481771500464,1.0,0.988519667872731
2012-09-04,0.0836831795335878,0.0705490616755947,0.9299036355237816,4.340594672144037,0.7912329334991336,False,0.6096661469978025,0.6066122524272053,0.9840143043321024,0.9251264853492528,-3.076379896749566,1.0,0.9954078671490925
2012-09-07,0.4774913788128879,0.4774913788128879,1.0,3.324329339556213,0.911047108341863,False,0.5990921655430094,0.5962825825380599,0.993605721732841,0.9240001351886616,-3.096215852174098,1.0,0.998163146859637
2012-09-12,0.5040964029302046,0.5040964029302046,1.0,3.2410236320768058,0.9163069069952344,False,0.5914925045339849,0.5889076881694314,0.9974422886931364,0.9233846769331876,-3.107800474566315,1.0,0.9992652587438549
2012-09-17,0.5531744636818049,0.5531744636818049,1.0,2.9056619766989766,0.9264922714126068,False,0.5884270612658106,0.5860490302104213,0.9989769154772544,0.9252492336208392,-2.986517375845912,1.0,0.999706103497542
2012-09-20,0.6152975450664878,0.6152975450664878,1.0,2.7849204500357194,0.9182456401312532,False,0.6045493515462169,0.6035981391240612,0.9995907661909018,0.9246889461416724,-2.8655592203597964,1.0,0.9998824413990168
2012-09-25,0.5759687767961027,0.5759687767961027,1.0,2.7969680671226618,0.9112923857615284,False,0.6022629055662078,0.6013877901378246,0.9998363064763608,0.9236172213112608,-2.8244045284175154,1.0,0.9999529765596067
2012-09-28,0.4706597914237934,0.4706597914237934,1.0,2.5386938978772995,0.9250833192676108,False,0.5917346564348146,0.5909295502407022,0.9999345225905444,0.9244968800850708,-2.652978150093386,1.0,0.9999811906238427
2012-10-03,0.3460394063794029,0.3460394063794029,1.0,2.7732719808998576,0.9291705768938168,False,0.5720790364303817,0.5713383387317983,0.9999738090362176,0.9273010981703184,-2.662601656557904,1.0,0.9999924762495371
2012-10-08,0.3083730302551882,0.3083730302551882,1.0,2.8546284890850644,0.9137867368069476,False,0.5509825559363662,0.5503011140536694,0.9999895236144872,0.9262199492612488,-2.6779638031600768,1.0,0.9999969904998148
2012-10-11,0.411929886467563,0.411929886467563,1.0,2.82136187896172,0.909255962758219,False,0.539858342378862,0.5392314158467809,0.9999958094457948,0.9248628303410066,-2.689435649224208,1.0,0.9999987961999259
2012-10-16,0.5161426645743336,0.5161426645743336,1.0,2.9853066762023674,0.9018716592591268,False,0.5379610881544997,0.5373843157449851,0.999998323778318,0.9230235366544562,-2.7131053313824607,1.0,0.9999995184799704
2012-10-19,0.4026118149567608,0.4026118149567608,1.0,2.8765601755787777,0.8928470923167943,False,0.5271331462986806,0.5266025156819272,0.9999993295113272,0.9206094211074431,-2.7261817189181663,1.0,0.9999998073919881
2012-10-24,0.3954974660300168,0.3954974660300168,1.0,3.364254733375562,0.8640845822414086,False,0.5166022918771875,0.5161141117097744,0.9999997318045308,0.9160874339981604,-2.777227560074758,1.0,0.9999999229567953
2012-10-31,0.6511493819154689,0.6511493819154689,1.0,2.915205221798055,0.8945811899048933,False,0.5973305459001563,0.5971352738331911,0.9999998927218124,0.9143669344706992,-2.788265773012622,1.0,0.9999999691827182
2012-11-05,0.5940201127013623,0.5940201127013623,1.0,3.0167157622461938,0.8767617555766356,False,0.5970657112442529,0.5968860609426448,0.9999999570887248,0.911358520159174,-2.8065417721513075,1.0,0.9999999876730873
2012-11-08,0.7451249365369389,0.7451249365369389,1.0,3.050663644620079,0.8697360979527878,False,0.6859012464198645,0.6858293862992213,0.99999998283549,0.9080287263826632,-2.8260715219488093,1.0,0.9999999950692349
2012-11-13,0.6676144707963495,0.654611930467179,0.977318646581092,3.099470335093199,0.8645616053923004,False,0.6844383043699833,0.683331989832658,0.9981854759351382,0.904551356703434,-2.8479434270003607,1.0,0.9999999980276939
2012-11-16,0.2108440765422908,0.2074984829218988,0.988359791023116,4.008039466587552,0.8163754289521893,False,0.6465507661437679,0.6452653092797973,0.9973994211421764,0.8974972824833345,-2.9407511101673363,1.0,0.9999999992110775
2012-11-21,0.4474395674017336,0.4474395674017336,1.0,3.472378259598841,0.8550281872786706,False,0.6306218702444052,0.6294392499295522,0.9989597684568706,0.8940997548669615,-2.983281282121857,1.0,0.999999999684431
2012-11-27,0.2861584668922227,0.2861584668922227,1.0,3.977319173045566,0.788310256005196,False,0.6030647979762306,0.6019767872865659,0.9995839073827484,0.8856365949580203,-3.0628043133957537,1.0,0.9999999998737724
2012-11-30,0.2804905840154142,0.2804905840154142,1.0,3.9785848861686937,0.7843120930399099,False,0.5772588608593653,0.5762578910248738,0.9998335629530992,0.8775306348045715,-3.1360667592175893,1.0,0.9999999999495089
2012-12-05,0.3872995889376374,0.3872995889376374,1.0,3.672653918031872,0.8183407920007207,False,0.562062119105627,0.5611412268578948,0.9999334251812396,0.8727954473802635,-3.178993731922732,1.0,0.9999999999798036
2012-12-10,0.0718002018152356,0.0664346171442183,0.9708067371366512,4.624835487997506,0.7521247627188279,False,0.5228411657223957,0.5215646980808006,0.9976032901376728,0.8631417926073487,-3.294661072408714,0.851811140319613,0.9881448912069883
2012-12-13,0.0733202195815701,0.0667987624650622,0.9580248050945064,4.522132356775834,0.8018474999642279,False,0.4868794900311297,0.4851834232315416,0.9944370113342196,0.8582382491958991,-3.392858775158084,0.8167337423659626,0.9744319992997064
2012-12-18,0.0508322891458926,0.0455085621830844,0.956314579308792,4.638868247566835,0.7958474303911903,False,0.4519957139603107,0.450009434347665,0.9913872167721852,0.8532469836915224,-3.492539532950784,1.0,0.9897727997198825
2012-12-21,0.2406413023836743,0.2341961434437674,0.9782700563273335,3.882073702423142,0.8951716149210196,False,0.4350873610341798,0.4327443710753533,0.9903378439365972,0.8784017624292207,-3.523702266508573,1.0,0.995909119887953
2012-12-27,0.229751400304182,0.2218145395952689,0.9744127459154336,3.8782722799642735,0.8948291964479099,False,0.41866048417578,0.4158699845569465,0.9890638360949042,0.8882582228404343,-3.552067867585029,1.0,0.9983636479551812
2013-01-02,0.5367702308609494,0.5367702308609494,1.0,3.2319343399073173,0.9412585714723796,False,0.4895263321868817,0.4884101323393483,0.9956255344379616,0.9200584320196016,-3.359987750978402,1.0,0.9993454591820725
2013-01-07,0.472579717891623,0.472579717891623,1.0,3.3088615337206075,0.9410797711046978,False,0.488170603043261,0.4871436991835303,0.9982502137751846,0.9326712354706592,-3.329312020623725,1.0,0.999738183672829
2013-01-10,0.2998985686949311,0.2998985686949311,1.0,3.391845285311508,0.9137770061855902,False,0.4731088402953947,0.4721640887444424,0.999300085510074,0.9311596971278536,-3.334314681798748,1.0,0.9998952734691315
2013-01-15,0.3297555835364165,0.3297555835364165,1.0,3.3622724311357617,0.9199731059358944,False,0.4616405797546765,0.4607714083278004,0.9997200342040296,0.9302647698324972,-3.336551301745709,1.0,0.9999581093876526
2013-01-18,0.2277168251674901,0.2277168251674901,1.0,3.83766467799373,0.899010918928178,False,0.4429266793877016,0.4421270416749756,0.9998880136816118,0.9277644617601516,-3.376640371845551,1.0,0.9999832437550611
2013-01-24,0.1150237239302345,0.1108685526992423,0.9784767907446792,4.076768029512296,0.8982918963174225,False,0.4166944429511042,0.4156263625569169,0.9981751158466572,0.9254066565247332,-3.4326505844588904,1.0,0.9999932975020245
2013-01-29,0.0629581785766699,0.0582271049079223,0.9482864433419174,4.102240577460988,0.8908091992288558,False,0.3883955418011495,0.3870344219449974,0.994184022046278,0.9226388599410632,-3.486217783899058,0.7739328791574378,0.9819084640344576
2013-02-01,0.0304807941460332,0.0210333939574171,0.90171320658622,4.877717929184038,0.8912650313273166,False,0.3597623619887402,0.3577543397059909,0.9867863568094736,0.9201289536519636,-3.597537795521857,0.787845376481124,0.9663834170301909
2013-02-06,0.0973449939137413,0.0823300814671274,0.9185903450200984,4.332094901962051,0.9035003603715316,False,0.3387689725427403,0.3357203990468819,0.9813306758663236,0.9187986661895288,-3.6563023640370726,1.0,0.9865533668120764
2013-02-11,0.0785580013143702,0.0662080082328756,0.9268006696505174,4.42566676985096,0.905921718950336,False,0.3179520948444707,0.3141594077817614,0.9769682753690592,0.9177685104103936,-3.717851516502184,0.8103858710306293,0.9724599671495606
2013-02-14,0.1136080809188297,0.1020142515174031,0.942628713928773,4.319736459975121,0.9053855377158396,False,0.3016045737304195,0.2971877952806128,0.9742211104538364,0.9167778725948292,-3.766002311980019,0.8422008817089619,0.9620392403143128
2013-02-20,0.1848253293036591,0.1785406075096427,0.9801559282102849,4.253723295789892,0.8845634443670556,False,0.2922622341762786,0.2876960202589352,0.9777820011077054,0.9142007183366074,-3.805019990684809,1.0,0.9848156961257251
2013-02-25,0.2741097667692451,0.2708640165606105,0.9909856881296066,4.025351446649407,0.9051606639386344,False,0.290810036783716,0.2863494599630692,0.985704213320846,0.9134775139847696,-3.822646507161977,1.0,0.99392627845029
2013-02-28,0.3022729909356665,0.2991473181308697,0.9902115970147464,3.644429893096184,0.9364311402827528,False,0.2976878092748863,0.2940281748637495,0.9884086435371864,0.9272496897635596,-3.715716538722501,1.0,0.997570511380116
2013-03-05,0.351474014509374,0.3395085311883896,0.9662606815831758,3.457795410173453,0.9446269872424186,False,0.3299595324155789,0.3213163886585336,0.9866368065808656,0.9376760682508748,-3.5609638615930725,1.0,0.9990282045520464
2013-03-08,0.4362252101473047,0.4288516465091527,0.9806461911732546,3.267201646606963,0.9517201504817728,False,0.3937189390546144,0.3858375433689051,0.9861575573482566,0.9461025175894135,-3.384706532601407,1.0,0.9996112818208186
2013-03-13,0.4392798755338199,0.4312356329795278,0.9781261125030626,3.196293079448696,0.9539033813241188,False,0.4210555009421377,0.4130763971352787,0.9855150417606412,0.9507830358302368,-3.27165846070978,1.0,0.9998445127283274
2013-03-18,0.6790153889138536,0.6790153889138536,1.0,2.805700024233348,0.9685626330082898,False,0.5758314337251672,0.5726397922024237,0.9942060167042563,0.9614507941370684,-2.992083398823921,1.0,0.999937805091331
2013-03-21,0.4059820337210865,0.4059820337210865,1.0,2.820228786824182,0.9728674186552086,False,0.5622434817248407,0.5593071715239167,0.9976824066817026,0.9683007688479526,-2.888970631624077,1.0,0.9999751220365324
2013-03-26,0.2575286410197332,0.2575286410197332,1.0,2.7898501172678927,0.962601323581597,False,0.5378662944684321,0.5351648890835821,0.9990729626726812,0.9678448132266442,-2.8294983230103665,1.0,0.999990048814613
2013-04-01,0.3709724376527853,0.3709724376527853,1.0,2.883897087403973,0.9377049050380856,False,0.5245147859231805,0.5220294929691184,0.9996291850690724,0.9654336205715596,-2.8338502241618557,1.0,0.9999960195258452
2013-04-04,0.4118795554374235,0.4118795554374235,1.0,3.083956783968504,0.9284003751575314,False,0.5155039674843199,0.5132174979665828,0.999851674027629,0.9624709609384372,-2.853858748946388,1.0,0.9999984078103381
2013-04-09,0.3411728973482998,0.3411728973482998,1.0,3.4016532168024223,0.9155458313308974,False,0.5015574818734383,0.4994539299171202,0.9999406696110515,0.958716950569834,-2.89768230637487,1.0,0.9999993631241353
2013-04-12,0.3300112400053363,0.3300112400053363,1.0,3.1281785973662317,0.9190707704341848,False,0.4878337825239902,0.4858985147241775,0.9999762678444206,0.955545256158982,-2.91612200965418,1.0,0.9999997452496541
2013-04-17,0.0777711070015125,0.0777711070015125,1.0,3.333409426792324,0.8980672852256193,False,0.455028768482192,0.4532483221063643,0.9999905071377684,0.9509470184843132,-2.949505003025231,1.0,0.9999998980998617
2013-04-22,0.250535509743366,0.250535509743366,1.0,3.282068109034665,0.9177407523355068,False,0.4386693077830859,0.4370312971173244,0.9999962028551072,0.9482905171924086,-2.976110051505986,1.0,0.9999999592399447
2013-04-25,0.4772322388175507,0.4772322388175507,1.0,3.2808693190133478,0.9346655300523384,False,0.4618070664037648,0.4611518621374602,0.9999984811420428,0.947200518221203,-3.0004907929065747,1.0,0.9999999836959779
2013-04-30,0.587231174718575,0.587231174718575,1.0,3.210959361747519,0.9249281845711602,False,0.5370615313926509,0.536799449686129,0.9999993924568172,0.9454187315291996,-3.01732827841385,1.0,0.9999999934783912
2013-05-03,0.6929939006457239,0.6929939006457239,1.0,2.9745745106239903,0.928407060884038,False,0.6306209529444946,0.6305161202618859,0.9999997569827268,0.9440577978775868,-2.9916760177399344,1.0,0.9999999973913565
2013-05-08,0.7148627553447015,0.7148627553447015,1.0,2.9996893271102314,0.9362703863480422,False,0.6811660343846186,0.6811241013115752,0.9999999027930908,0.9434348049552232,-2.992317082489558,1.0,0.9999999989565426
2013-05-13,0.3160627523240235,0.3160627523240235,1.0,3.894883678901375,0.8874200173277121,False,0.6519577718197711,0.651919193392571,0.9999999611172364,0.9389536219450224,-3.064522410202504,1.0,0.999999999582617
2013-05-16,0.241935347227902,0.2329552990845891,0.9734548600980988,4.096288538366139,0.8602144640325298,False,0.6191559778524216,0.6184020818479324,0.9978763530357052,0.932654489312023,-3.1470637004555946,1.0,0.9999999998330468
2013-05-21,0.1824504653039493,0.1702473082294427,0.9534232610380634,4.151155336867744,0.8112871206192923,False,0.5842195368485438,0.5825496999584533,0.994320105675894,0.9229450998166046,-3.2273910313685668,0.8909872631269331,0.9912789808965576
2013-05-24,0.3253116489967569,0.3253116489967569,1.0,3.5384814589488864,0.9469312060716774,False,0.5635069058204009,0.5619706558815176,0.9977280422703576,0.937336763569648,-3.2522782655749927,1.0,0.9965115923586231
2013-05-30,0.302501091293392,0.2979596606072624,0.9882529431585316,3.502531044374216,0.9363458428109828,False,0.5426264406582402,0.5408497762595772,0.9969700343414116,0.937257489908955,-3.2722984878789303,1.0,0.9986046369434493
2013-06-04,0.2374065436485101,0.2319530309197989,0.983481374167145,3.731391520090949,0.9364390749054252,True,0.5182088488974618,0.516138036632395,0.9958909415274704,0.9371920167086726,-3.309025930455892,1.0,0.9994418547773797
2013-06-07,0.4241804052928332,0.4241804052928332,1.0,3.4608868600565383,0.9284337179998584,True,0.5106865734090915,0.50878142612523,0.998356376610988,0.9364913528119676,-3.321174804823944,1.0,0.9997767419109519
2013-06-12,0.3512279735587681,0.3488596960860207,0.9940768733314194,3.455973766908586,0.9318189148031611,True,0.4979298854210656,0.4959876877220933,0.9980140163486226,0.936117557771263,-3.331958721790716,1.0,0.9999106967643807
2013-06-17,0.3377912658718355,0.3258229094534204,0.9680888498247888,3.583312543526048,0.9434349886975724,True,0.4851187958571272,0.4823745054605994,0.995620003026716,0.9405080163270488,-3.3520670275295426,1.0,0.9999642787057523
2013-06-20,0.589570170034927,0.5615263004394225,0.950977104539214,3.2355358791094884,0.9550673901945096,True,0.5477896203638071,0.5298655824478933,0.9920485711477158,0.9492436406475252,-3.2821483384775103,0.8011427222775721,0.9840585541914979
2013-06-25,0.7980633428431638,0.7722267235511672,0.9614657418288493,2.870036124274809,0.9512677001592869,True,0.6979538538514212,0.6752822671098576,0.9896019448022066,0.950458076354582,-3.03488100995589,1.0,0.9936234216765991
2013-06-28,0.9394238798700606,0.919169448630426,0.973105768590354,2.6675038110018017,0.9586301667567896,True,0.8428358694626048,0.8216145760221987,0.9882822507052584,0.9553613305959068,-2.814454690583437,1.0,0.9974493686706396
2013-07-03,0.9269057408687976,0.9241983956283596,0.996383787669426,2.6568923974008416,0.9625205904206904,True,0.8932777923063204,0.8831648677858952,0.993143172883759,0.9596568864907769,-2.7199173146738795,1.0,0.9989797474682558
2013-07-09,0.9707380431570756,0.9647443175371816,0.9920580069811774,2.579887100012034,0.9625964508036876,True,0.9397539428167734,0.932112537636667,0.9930563596115526,0.9614206250785232,-2.635899185876772,1.0,0.9995918989873023
2013-07-12,1.5266593680332488,1.5266593680332488,1.0,2.3757319107241,0.9654529615943936,True,1.2918971979466587,1.288840635874616,0.9972225438446212,0.9638400269880456,-2.479798820785169,1.0,0.9998367595949209
2013-07-17,1.4966630599204014,1.4966630599204014,1.0,2.376460081429698,0.9693778187019128,True,1.4147567151309044,1.4135340903020872,0.9988890175378484,0.967162702016366,-2.417795577171886,1.0,0.9999347038379683
2013-07-22,0.7345473073158232,0.7215695974475901,0.9779459256492246,2.8185262110488263,0.9472174110930088,True,1.3603399625056978,1.3581769308737277,0.9972135701867586,0.9655670787424976,-2.4498540278820418,1.0,0.9999738815351873
2013-07-25,0.3630364059298682,0.3312512947126957,0.9276227033903864,3.7640752880866586,0.9295991429706544,True,1.2805556779796314,1.2760228799808448,0.9916463008430488,0.9626896438807502,-2.554991728698411,1.0,0.999989552614075
2013-07-30,0.3085071723467137,0.2850207432824463,0.9395209083092896,3.75267939769519,0.9393925782602026,True,1.202791797528998,1.196742709044973,0.9874762694403482,0.9608258786311064,-2.650806742218154,1.0,0.99999582104563
2013-08-02,0.0969048870434135,0.0783990236724719,0.8894489558058082,4.043761082583082,0.9374905094113464,True,1.1143208446901514,1.1072752142151727,0.979634084349585,0.9589590490935256,-2.762243089447348,0.6537473282673987,0.9722959416233715
2013-08-07,0.1361785146802877,0.1128537302627916,0.8917609612292017,3.974965703674582,0.9404273709107964,True,1.0360694582893624,1.0277214954989822,0.9726042344999544,0.9574765148389076,-2.859260898585527,0.6702721257370575,0.9481340363524665
2013-08-12,0.1427259420551666,0.1211671299865779,0.8991368395440035,3.959879642172369,0.9464105116030752,True,0.9646019769906268,0.95519714625799,0.9667268429034784,0.956591234580041,-2.9473103980724744,1.0,0.9792536145409866
2013-08-15,0.1360858782274138,0.1097836266857766,0.8714466229406448,3.918627100210485,0.9441329680607832,True,0.8983206890895697,0.8875640646922128,0.9591044253064516,0.9555945732585004,-3.025015734243516,0.4568709899242676,0.9374630045716491
2013-08-20,0.1644406259757762,0.1431807274538657,0.9137144979899864,3.7871979172335415,0.942259651660592,True,0.8396102840404662,0.8280133977131452,0.9554732311211346,0.9545277795306676,-3.085990308882718,1.0,0.9749852018286597
2013-08-23,0.1719574543457145,0.1481372910821381,0.8935538656310819,3.53335215439346,0.9517593225549312,True,0.7861980576648862,0.7736233091826646,0.9505196818819304,0.9543063029726088,-3.121779256523577,0.8719137413299484,0.9667394849887627
2013-08-28,0.3751597739416812,0.3751597739416812,1.0,3.2945111181434186,0.9435282696071676,True,0.7533149949670298,0.741746226363386,0.980207872752772,0.9534440603033736,-3.1355978054531644,1.0,0.9866957939955051
2013-09-03,0.4221661618513213,0.4221661618513213,1.0,3.279961445550752,0.9213555495461604,False,0.7268230883177732,0.716179821202421,0.9920831491011088,0.9508769794427964,-3.1471468966609715,1.0,0.994678317598202
2013-09-06,0.3935207330991709,0.380489029032396,0.9711814808210728,3.412986304231674,0.9262765892074346,False,0.700158899900285,0.6893245578288191,0.990411015638706,0.9489089482239677,-3.168414049266628,1.0,0.9978713270392808
2013-09-11,0.4658972061247654,0.4629086491844049,0.9939909485590755,3.282479177011835,0.9443205099861098,False,0.6814179643982435,0.671211285137266,0.992558975390928,0.9485418731649392,-3.1775392594862444,1.0,0.9991485308157123
2013-09-16,0.4575574763427413,0.4553647296988595,0.995906639546454,3.408268786974399,0.9452134349231704,False,0.6635091253538035,0.6539435607021935,0.9945675738842434,0.9482755981055976,-3.1959976216852968,1.0,0.999659412326285
2013-09-19,0.2067577542100562,0.2040178693710616,0.9874444841471584,3.705827085426285,0.9207138731505368,False,0.6269690156623037,0.617949505395703,0.9939977267052766,0.9460706601091928,-3.236783978784576,1.0,0.999863764930514
2013-09-24,0.295711198302576,0.2918068247357351,0.9889892472789472,3.656825556666956,0.9104647555877816,False,0.6004683902735255,0.5918580909429056,0.9935970483511704,0.94322218774748,-3.2703873050151664,1.0,0.9999455059722056
2013-09-27,0.1320600590864628,0.117427307392386,0.9427185430099216,4.071413363497362,0.8706364469441532,False,0.5629957237785604,0.5539036282588641,0.9895267679238704,0.937415328483214,-3.334469389693742,1.0,0.9999782023888822
2013-10-02,0.6793512798681391,0.6758507593525768,0.9947641489667476,3.1266847200736345,0.9232691974829508,False,0.6328090574323076,0.6270719069150916,0.9926691965495966,0.9362836380031928,-3.2097985879216777,1.0,0.9999912809555529
2013-10-07,0.7114953890619473,0.7114953890619473,1.0,3.025579068438132,0.930734753070549,False,0.6800208564100915,0.6777259962032051,0.9970676786198388,0.9358397272085814,-3.09926687623155,1.0,0.9999965123822212
2013-10-10,0.6643489051205598,0.6643489051205598,1.0,3.024678300587174,0.9336053064372504,False,0.678767100306929,0.6766558289165935,0.9988270714479356,0.9356609735468748,-3.054513730844924,1.0,0.9999986049528885
2013-10-15,0.6089450591956248,0.6089450591956248,1.0,3.076719303999872,0.9329493672868092,False,0.6731813370180246,0.671238967338916,0.9995308285791742,0.9354440450460696,-3.05629017669732,1.0,0.9999994419811554
2013-10-18,0.7061085378519381,0.7061085378519381,1.0,3.2161105436842,0.9345999772851388,False,0.6929376575183727,0.6921607096467293,0.9998123314316696,0.9353765196251952,-3.0690758060562704,1.0,0.9999997767924622
2013-10-23,0.7633350293055723,0.7633350293055723,1.0,3.216630003392832,0.9368151919547946,False,0.7351760805906924,0.734865301442035,0.999924932572668,0.9362397230229548,-3.0808801418431955,1.0,0.9999999107169849
2013-10-28,0.2168624812322393,0.2114058577287259,0.9805652366660386,3.6738103246345255,0.9301731270227837,False,0.6937109926420162,0.6929885459449703,0.9983761569001376,0.9357543953429412,-3.128314556466502,1.0,0.9999999642867939
2013-10-31,0.1139103954624775,0.1117407773291304,0.9905348246616604,3.991047729767269,0.9359317182942396,False,0.6473269448676531,0.6464887244557032,0.9977488503210596,0.9358607891137204,-3.197333210330563,1.0,0.9999999857147176
2013-11-05,0.1356007948383726,0.1274552112069284,0.973652757958876,4.096583632888274,0.93758114067518,False,0.6063888528653106,0.6049660433958012,0.9958211629320848,0.9368930000505962,-3.26927324413518,1.0,0.999999994285887
2013-11-08,0.0507060903759244,0.038652711980365,0.9358102748348018,4.477369675463095,0.8924729297331905,False,0.5619342318661598,0.5596609768825663,0.9910202918843024,0.9333393944252036,-3.3659209586414134,1.0,0.9999999977143548
2013-11-13,0.0408440377053698,0.0344641651584314,0.9477478582339331,4.323833160016205,0.9071970758330968,False,0.5202470163332966,0.5176452319446356,0.9875584971922728,0.9312480089378352,-3.442553934751397,0.9545796164297623,0.9963663672115874
2013-11-18,0.07522728195545,0.0592784898715132,0.911656808301966,4.396501586104282,0.873401235526768,False,0.4846454375830689,0.4809758925787858,0.9814863620810484,0.9266202670649498,-3.518869746859628,0.9653734943942374,0.9938869373861995
2013-11-21,0.0503802586315777,0.0404444370983107,0.936451762218829,4.6557618826665,0.8493919943845359,False,0.4499042232669496,0.4457333761403478,0.9778835940920708,0.9204420052505168,-3.6098211177241777,0.7757840980202008,0.9764387102369196
2013-11-26,0.0575538420911924,0.0461306865562982,0.9294982831716811,4.524720471926207,0.8551352824183776,False,0.418516192772889,0.4137651609736239,0.9740127692184396,0.9152174674239456,-3.68301306606034,0.7318942900503517,0.9568751566219942
2013-12-02,0.0576789753617498,0.0437205199173593,0.9222909574458262,4.756080770430827,0.8376593300584411,False,0.3896492153799979,0.3841615896891227,0.9698750242766306,0.9090128164347052,-3.7688584824099793,0.9588375304827986,0.9580525809384768
2013-12-05,0.0374076301328131,0.0260230238200174,0.9226991752678338,4.722837695225778,0.8159538525479183,False,0.3614698885602231,0.3555105044195943,0.966100956355927,0.9015680993237624,-3.845176819435244,0.8099461500140132,0.9462040664645197
2013-12-10,0.0792616955937613,0.0666137225992076,0.9391879226452134,4.46241304810018,0.9083320252042446,False,0.3388932331229062,0.3323987618739634,0.96394791365907,0.9056264548520516,-3.8945557177284384,0.9258581123680889,0.9445763901368053
2013-12-13,0.1038214888323456,0.0885863383516762,0.946319528884954,4.401102957530641,0.9119044799809672,False,0.3200874935796614,0.3128937679921804,0.9625376428771408,0.909393269929401,-3.935079496912615,0.9523946617171761,0.9492673530850279
2013-12-18,0.1238271348182077,0.1110925827687409,0.9517618983436914,4.354426100447348,0.9220915400420656,False,0.3043866648787451,0.2967496731743053,0.9616755833144648,0.9170122319969998,-3.9686272251953936,0.8870631232238503,0.9442910146961336
2013-12-23,0.1533040894131956,0.1340429021003452,0.9293827459592386,4.108791561749628,0.924684197806178,False,0.2923000588415012,0.2837331314883885,0.9590921563260468,0.9216154114825068,-3.9798403721197326,1.0,0.9777164058784534
2013-12-27,0.1468382478556383,0.128653440649946,0.9359235302666884,4.1815054972133785,0.923730262522227,False,0.2806631139626321,0.2713267562213131,0.957238666241298,0.9228843221063388,-3.995973582127224,1.0,0.9910865623513814
2014-01-02,0.2171491013748036,0.2146126793046502,0.9920266417804788,3.951880573781498,0.9318776011379972,False,0.2755819929556058,0.2667896300679801,0.9781114515648066,0.9282802895253336,-3.9695177771197887,1.0,0.9964346249405526
2014-01-07,0.13597486384331,0.13597486384331,1.0,4.09421043317183,0.9011886428333123,False,0.2644134226266222,0.2563244487700065,0.9912445806259228,0.926112957789972,-3.979493189603952,1.0,0.998573849976221
2014-01-10,0.0603177879559182,0.0577935708219895,0.9767797553299532,4.365399357437017,0.8718279689881862,False,0.2480857718529659,0.2404419785341651,0.9900873946022452,0.9217701586858292,-4.010365683030598,1.0,0.9994295399904884
2014-01-15,0.0647780380383397,0.0599099927229836,0.9672088062761484,4.602031580594785,0.8449511245123307,False,0.2334211531477958,0.2259994196692706,0.9882571075361576,0.9156246359519492,-4.0576989548357325,1.0,0.9997718159961954
2014-01-21,0.0236242411141907,0.0156823266070275,0.909013008838134,4.952726084129404,0.8051147150811261,False,0.2166374001851074,0.2091740522242912,0.9819175796403156,0.9067838422822834,-4.129301125179226,0.7216048253469227,0.9775184567442536
2014-01-24,0.4046875303846322,0.4046875303846322,1.0,3.3997644621816816,0.9229560888134192,False,0.3294674783048222,0.3264821391204958,0.9927670318561262,0.9164871902009648,-3.6915791273807,1.0,0.9910073826977015
2014-01-29,0.353713449664001,0.353713449664001,1.0,3.509760119971383,0.9299844233049154,False,0.3440150611203295,0.3428209254465989,0.9971068127424504,0.9245855300633352,-3.582487722935109,1.0,0.9964029530790806
2014-02-03,0.4503206101676251,0.4503206101676251,1.0,3.327055959402321,0.929388621957626,False,0.4077983905487069,0.4073207362792146,0.9988427250969802,0.9274673851999098,-3.4292286648154366,1.0,0.9985611812316322
2014-02-06,0.5067676773995611,0.5067676773995611,1.0,2.921146806831115,0.9412408115519426,False,0.4671799626592194,0.4669889009514225,0.999537090038792,0.9357314410111296,-3.124379550024844,1.0,0.9994244724926529
2014-02-11,0.8635038824970788,0.8635038824970788,1.0,2.594955730499246,0.9590453925106304,False,0.7049743145619349,0.7048978898788162,0.9998148360155168,0.94971981191083,-2.806725258309485,1.0,0.9997697889970611
2014-02-14,1.0397072837930283,1.0397072837930283,1.0,2.5189037355770174,0.9653805832251108,False,0.9058140961005908,0.9057835262273436,0.9999259344062068,0.9591162746993984,-2.6340323446700045,1.0,0.9999079155988244
2014-02-20,0.9139791142234052,0.9139791142234052,1.0,2.533709163291741,0.9696341740472304,True,0.9107131069742797,0.9107008790249806,0.9999703737624828,0.9654270143080976,-2.5738384358430464,1.0,0.9999631662395297
2014-02-25,0.4925239955375306,0.4925239955375306,1.0,3.087451538597299,0.9522826767879334,True,0.8772579780593397,0.8772467283459847,0.999988149504993,0.9643754673064846,-2.6149274840633865,1.0,0.9999852664958119
2014-02-28,0.4360674394095503,0.4360674394095503,1.0,3.022228182394882,0.9507801656791964,True,0.8419627349673565,0.84195238523107,0.9999952598019972,0.9632878431763016,-2.6475115399299063,1.0,0.9999941065983248
2014-03-05,0.80322935355259,0.80322935355259,1.0,2.5265818274725205,0.9674651836870258,True,0.8388640644541752,0.8388545426967916,0.9999981039207988,0.965794247482736,-2.574953712455475,1.0,0.9999976426393299
2014-03-10,1.0764225968726,1.0764225968726,1.0,2.4687469142479324,0.9638113481154345,True,0.98139918390523,0.9813953752022766,0.9999992415683197,0.965635615533352,-2.5112296335309496,1.0,0.999999057055732
2014-03-13,0.910526214008724,0.910526214008724,1.0,2.5433324090771574,0.9511942306009694,True,0.9757293463135096,0.9757258423067924,0.9999996966273278,0.9644803047387616,-2.5137978555746465,1.0,0.9999996228222928
2014-03-18,1.0732469029207,1.0732469029207,1.0,2.4738455429317434,0.9596653322679048,True,1.034239880277824,1.0342384786751369,0.9999998786509312,0.9640951069410928,-2.4898264679889044,1.0,0.9999998491289172
2014-03-21,0.7667096135694489,0.7667096135694489,1.0,2.691331778836444,0.9520495506606794,True,1.012837458941154,1.012836169466682,0.9999999514603723,0.9631314624386598,-2.5059468928567075,1.0,0.9999999396515669
2014-03-26,0.8798277299584937,0.8798277299584937,1.0,2.717275454528916,0.9498237750473696,True,1.0021966806225413,1.002195494306027,0.999999980584149,0.9620668474473566,-2.522853177790484,1.0,0.9999999758606267
2014-03-31,0.5124163224714869,0.5124163224714869,1.0,3.2278803269569667,0.9246464832346593,True,0.963014251970457,0.9630131605592638,0.9999999922336597,0.9590732183103408,-2.5792553497238027,1.0,0.9999999903442507
2014-04-03,0.2869939371503847,0.2869939371503847,1.0,3.591565290406668,0.902256971803866,True,0.9089326267848512,0.9089316226865536,0.999999996893464,0.954527918589823,-2.660240144978432,1.0,0.9999999961377003
2014-04-08,0.2607145604132528,0.2607145604132528,1.0,3.681736795487583,0.8906877910888013,True,0.8570751814751234,0.8570742577046895,0.9999999987573857,0.9494207083897412,-2.741959877019164,1.0,0.9999999984550801
2014-04-11,0.1558979576894146,0.1544616638341203,0.994667894098293,3.973989588236821,0.8867849955956416,True,0.8009810035722668,0.800865250195044,0.9995734303846582,0.9444098513662134,-2.8405222539165766,1.0,0.9999999993820321
2014-04-16,0.149759621541578,0.1465031111894817,0.9859431961295544,4.121069418615858,0.8982274310023507,False,0.7488832930098117,0.7485162790745991,0.99848301164425,0.9407152577371044,-2.942966027092519,1.0,0.9999999997528128
2014-04-22,0.2100993656630704,0.2071668171761492,0.9883576918751588,3.870293440477242,0.8978708410859374,False,0.7057805788220725,0.7052083221227231,0.9976729860627228,0.9372877044050112,-3.0171522201632968,1.0,0.9999999999011251
2014-04-25,0.2961922746810769,0.2915413166509081,0.9844457520592704,3.5764738529496825,0.9005396670477924,False,0.6730135144907928,0.6721149616849779,0.9966148073424466,0.9343478614164336,-3.061897950786208,1.0,0.9999999999604501
2014-04-30,0.2202320050960383,0.2125865290545702,0.97164862456368,3.791924919055577,0.8878439277229329,False,0.6367909937392124,0.6353526870745453,0.9946175127201452,0.9306275467209536,-3.1203001082477577,1.0,0.99999999998418
2014-05-05,0.2540461270653595,0.2463569272972551,0.9734696640677052,3.695659287729713,0.9158116994161186,False,0.6061714044053041,0.6042330262923621,0.9929256848279502,0.9294422789365668,-3.166328842606314,1.0,0.999999999993672
2014-05-08,0.2024087281720343,0.1983169603498883,0.9841583346168884,3.798249877179252,0.913949378220304,False,0.5738703903066427,0.5717597410169643,0.9922242968110652,0.9282028468792658,-3.216882525372149,1.0,0.9999999999974688
2014-05-13,0.130757766663163,0.124356188542111,0.9666081069464092,4.138492100436216,0.8532144141692863,False,0.5384213804151643,0.5359674568189761,0.9901750016218928,0.9222037722624674,-3.290611291377274,0.9172899074471809,0.9933831925934458
2014-05-16,0.1831268514185056,0.177863820838703,0.979655502844681,4.084949569313959,0.8745647466615641,False,0.5099978180954317,0.5073191659405543,0.989333441719716,0.9183926502143952,-3.354158353612209,1.0,0.9973532770373783
2014-05-21,0.2470599700908491,0.2470599700908491,1.0,3.7811132101618585,0.9015413710597676,False,0.488962790255065,0.4864984302725779,0.9957333766878864,0.917044547882025,-3.388314742136181,1.0,0.9989413108149513
2014-05-27,0.1617701591543665,0.1565200444324762,0.9791512231426388,4.170923740126051,0.8809241422465356,False,0.4627873797670092,0.4601001594053697,0.9944068044042668,0.914154915431186,-3.450923461975371,1.0,0.9995765243259805
2014-05-30,0.2376662786226338,0.2367816538024314,0.9973263317040094,4.075223113960671,0.877595305631114,False,0.4447776916754592,0.4422346789571347,0.9961585207841124,0.9112301466471802,-3.5008674341341948,1.0,0.9998306097303922
2014-06-04,0.1633058865609538,0.1633058865609538,1.0,4.269452274578445,0.8602577565890116,False,0.4222599472662988,0.4199203755654402,0.9984634083136448,0.9071523554425268,-3.562354221369735,1.0,0.9999322438921568
2014-06-09,0.377191676536025,0.3651767957525194,0.9769203529595708,3.95100417128268,0.9157408552207276,False,0.4186544856078769,0.4155408891804066,0.9967399638853188,0.9123054553094472,-3.5934462173627706,1.0,0.9999728975568627
2014-06-12,0.4249556688864437,0.416240882092662,0.9831673257048676,3.6973426494257815,0.923809419196832,False,0.422435195575017,0.4159608849277598,0.9956541528308828,0.919207833641878,-3.601757931927812,1.0,0.9999891590227451
2014-06-17,0.3132421084224466,0.289249104950718,0.9434300402995672,3.943471735015757,0.912047763138488,False,0.4136997486028114,0.4058239425295965,0.9914762238283776,0.9186350280016068,-3.629095036174848,1.0,0.9999956636090981
2014-06-20,0.2951474124020102,0.2697821314505931,0.9365267779352244,3.937369229490685,0.9084540921974492,False,0.4042155617067473,0.3949405976432762,0.9870802681569254,0.9178205531372744,-3.6537569716401146,0.8809305488972603,0.9904704544321511
2014-06-25,0.2490283219898494,0.2242572887271265,0.9275167255065468,3.978593547758599,0.8986313439429782,False,0.3918005825293955,0.3812859329299842,0.9823151847448952,0.9162854164017308,-3.679743897729593,0.787719061213408,0.9742503429746517
2014-06-30,0.3811726712192055,0.3621061210852623,0.9587547975772954,3.804042874352235,0.9123897505914002,False,0.3909503496245803,0.3797515479824065,0.9804303537714872,0.9159737631369044,-3.6896878158594046,0.787719061213408,0.9593278404337523
2014-07-03,0.5292104336588761,0.5172723381669371,0.9807453104506229,3.590666742737936,0.9152946629434322,False,0.4739064000451578,0.4622640220931248,0.9806193277789688,0.9159194351214264,-3.6302751719865234,1.0,0.9837311361735009
2014-07-09,0.2027288397596188,0.2003773014554037,0.9908241561163224,3.693153516423152,0.9029718682521024,False,0.4522121952223147,0.4413130844421072,0.9867422247813809,0.9148836297718804,-3.635305439541454,1.0,0.9934924544694004
2014-07-14,0.4537410798954177,0.4501110530960855,0.9928985037944016,3.3635305678501592,0.9266490474462789,False,0.4531295260261765,0.4465918656344942,0.9904359921891932,0.9219428803765196,-3.472240516526677,1.0,0.9973969817877602
2014-07-17,0.8500478752485316,0.8500478752485316,1.0,2.875032063376585,0.9582136687778778,False,0.6912805355595897,0.6886654714029168,0.9961743968756772,0.9437053534173344,-3.1139154446366217,1.0,0.998958792715104
2014-07-22,0.8675286608529748,0.8675286608529748,1.0,2.7505938050683687,0.9670661700561912,False,0.7970294107356207,0.7959833850729516,0.9984697587502708,0.9577218434006486,-2.8959224608956697,1.0,0.9995835170860417
2014-07-25,0.7807896418061387,0.7807896418061387,1.0,2.59451900694344,0.9675312038769478,False,0.7957302292212621,0.7947678856116066,0.9993879035001084,0.963607459686428,-2.715080388524332,1.0,0.9998334068344167
2014-07-30,0.5421300786556317,0.5421300786556317,1.0,2.9956654988747973,0.9436024564757872,False,0.7754422171760118,0.7745568610551286,0.9997551614000432,0.9620070594295768,-2.737527197352369,1.0,0.9999333627337667
2014-08-04,0.4897841077386161,0.4897841077386161,1.0,3.045191363100658,0.9325020215228584,False,0.7525895684210202,0.7517750407898076,0.9999020645600172,0.9596466563970396,-2.7621403306122323,1.0,0.9999733450935067
2014-08-07,0.4253272361945352,0.4253272361945352,1.0,3.0175033672202254,0.9348511270094948,False,0.7264085818429015,0.7256592164221859,0.9999608258240068,0.957663014046036,-2.782569373540872,1.0,0.9999893380374026
2014-08-12,0.4072927657456404,0.4072927657456404,1.0,3.21791382499684,0.9443011174821372,False,0.7008793165551206,0.7001899003680623,0.9999843303296028,0.956594062320924,-2.81739692965735,1.0,0.9999957352149611
2014-08-15,0.4135362836046612,0.4126335134830321,0.9980733883646532,3.544571339085293,0.9363200160855538,False,0.6778918739190839,0.6771853894172599,0.9998314549724068,0.9549721386220944,-2.8755708824115853,1.0,0.9999982940859844
2014-08-20,0.4541549161817766,0.4495716822470633,0.9907083388760696,3.4624638286385125,0.9376354761775976,False,0.6599929173000993,0.6589762928436442,0.9991016056847,0.9535852056265348,-2.92252231810974,1.0,0.9999993176343938
2014-08-25,0.4355545771710574,0.4334372595131233,0.9957586573726208,3.5981622273490728,0.9359537798516684,False,0.642037850089776,0.6409331701772026,0.9988341698197336,0.9521746915645456,-2.9765735108488864,1.0,0.9999997270537575
2014-08-28,0.3832412664995158,0.3788966671275455,0.990005097848477,3.5148636283512604,0.9314722027695276,False,0.6213341234025552,0.6199702499332301,0.9981278440620333,0.9505184924609442,-3.0196367202490766,1.0,0.999999890821503
2014-09-03,0.2720032847398322,0.2709393869055398,0.9964896022777192,3.5042424726547736,0.937967158630816,False,0.5933876563095374,0.592047780891015,0.9979967847192882,0.949514385754534,-3.0584051804415324,1.0,0.9999999563286012
2014-09-08,0.3873702642547129,0.3745581841821578,0.9694594014923982,3.672073729074816,0.9126357998799574,False,0.5769062649451515,0.5746486131543065,0.995713794061137,0.946564098884568,-3.107498664332195,0.9565731297112987,0.9965258101992169
2014-09-11,0.2530655188403816,0.2400636980006224,0.9639071930816624,4.070023491932796,0.8977546117883931,False,0.5509990052567699,0.5478818199420118,0.9931692659827792,0.942659339916874,-3.184500650540244,1.0,0.9986103240796868
2014-09-16,0.0836985972354829,0.0776349580614709,0.9733532440931032,4.792694411303357,0.8435211278338552,False,0.5136149726150671,0.5102620709915685,0.9915839842316052,0.9347282829502326,-3.3131561514012926,1.0,0.9994441296318747
2014-09-19,0.0726996830240038,0.0661073257990279,0.9716414379789016,5.093206725440802,0.8510595329755662,False,0.478341749447782,0.4747296913761653,0.9899885805313888,0.9280347829522592,-3.4555601973244534,1.0,0.9997776518527499
2014-09-24,0.1654557637198149,0.1552092006161268,0.9642295197184084,4.390600406539437,0.8759363941129399,False,0.4533108705895446,0.4491680521153622,0.9879278556663504,0.9238669118451138,-3.530363414061652,1.0,0.9999110607410999
2014-09-29,0.2543904163804238,0.2431686943237138,0.9698135450062246,4.053305955878138,0.8986632622965485,False,0.437397234252815,0.4326881034920304,0.9864787108135404,0.9218506198812286,-3.572198817406971,1.0,0.99996442429644
2014-10-02,0.1060145223428084,0.1012314409151824,0.976199207493594,4.336682168799646,0.8954494494809262,False,0.4108866173000145,0.4061715704858826,0.9856563505479448,0.9197385262492044,-3.633357485518385,1.0,0.999985769718576
2014-10-07,0.2941192628654428,0.2941192628654428,1.0,3.7236961531915935,0.9262686105044656,False,0.4015452289452488,0.3972073858762474,0.994262540219178,0.923656576802361,-3.640584578932242,1.0,0.9999943078874304
2014-10-10,0.2307714526177107,0.2307714526177107,1.0,3.659866490423085,0.939886988201696,False,0.3878833268390457,0.3838925112155645,0.9977050160876711,0.933394823641962,-3.64212713185151,1.0,0.9999977231549722
2014-10-15,0.4032456819982599,0.4032456819982599,1.0,3.4714531049464266,0.9389020600470868,False,0.3971007399345742,0.3955044136851817,0.9990820064350684,0.9366991654850368,-3.53972271570846,1.0,0.9999990892619889
2014-10-20,0.4520965978205958,0.4520965978205958,1.0,3.262389613857297,0.9575102870984844,False,0.4300982546661872,0.4294597241664302,0.9996328025740274,0.9491858384531056,-3.3733228545977623,1.0,0.9999996357047956
2014-10-23,0.4445921601606108,0.4445921601606108,1.0,3.4074050781020007,0.9568164251746968,False,0.4387945979628413,0.4385391857629386,0.999853121029611,0.9537641904860604,-3.3760494324781014,1.0,0.9999998542819182
2014-10-28,0.6894941344387161,0.6894941344387161,1.0,3.081979716255132,0.9704148680566074,False,0.5892143198483663,0.5891121549684051,0.9999412484118444,0.9637545970283884,-3.19960760274432,1.0,0.9999999417127673
2014-10-31,0.4439709574431652,0.4354958593433238,0.9801653026246356,3.3818309255358017,0.9456612740270572,False,0.5775948508559502,0.5768228513183986,0.9983591727488678,0.962307131188282,-3.214185468567638,1.0,0.9999999766851069
2014-11-05,0.4684627128450199,0.4553533724900245,0.9716614021409864,3.379570385324409,0.9484724287543134,False,0.5688642798150758,0.5671052930121288,0.9962233511002372,0.9612003549935644,-3.22741626190818,1.0,0.9999999906740428
2014-11-10,0.4108693518367065,0.4029819438459575,0.9817180291935208,3.563123537690416,0.9435429546825348,False,0.5562246855768063,0.5539754250788351,0.9950629253477,0.959787762968682,-3.254272843970759,1.0,0.9999999962696171
2014-11-13,0.1289085188694061,0.1237301658913659,0.9770103777760708,4.394045285137428,0.9162955270147308,False,0.5220393922402142,0.5195558043438376,0.9936187215419696,0.956308384092366,-3.3454546392640925,1.0,0.9999999985078468
2014-11-18,0.0536116340714294,0.0479302800492509,0.959737653497702,4.761337840006341,0.9002303545426491,False,0.4845651715867115,0.4818257624002707,0.9909082360984284,0.9518221417283887,-3.4587252953234726,1.0,0.9999999994031388
2014-11-21,0.0888598857308496,0.0787248894008877,0.9503028678908304,4.670366421226384,0.9117545165934698,False,0.4529087487182425,0.4495776925603201,0.9876598066418204,0.9486167317175952,-3.5556565853957056,1.0,0.9999999997612555
2014-11-26,0.0490517094010092,0.0362516035060916,0.906999982993022,4.8426469532699015,0.9073686035881362,False,0.4206001855728639,0.4165116054359818,0.9812070207499166,0.9453168814672388,-3.658615814825642,0.7758296087740566,0.9820663684822797
2014-12-02,0.2657258690913598,0.2577749513786895,0.979572286807772,4.091563150040817,0.9253389813980436,False,0.4082102402543436,0.4038126731113984,0.9810762420345452,0.9437186494617033,-3.693251601642856,1.0,0.9928265473929119
2014-12-05,0.2554349454888657,0.2522968316768562,0.9918321019709926,3.999366107590797,0.9212177810707182,False,0.3959882166731054,0.3916914057966351,0.9875297579964136,0.9419185799904244,-3.717740762118691,1.0,0.9971306189571647
2014-12-10,0.6949569394246055,0.6839786835130696,0.9839969788604184,3.2654873011003422,0.9416516898634324,False,0.5753694503240054,0.5670637724264957,0.987247135665534,0.941897228780265,-3.446388685507681,1.0,0.9988522475828658
2014-12-15,0.576936024136477,0.5719971890831805,0.9915680894888874,3.3338821384456323,0.9447360597944128,False,0.5763093946114883,0.5700238224205066,0.989839707959546,0.9436005273887536,-3.378884757270452,1.0,0.9995408990331464
2014-12-18,0.7270203597131594,0.7243971666313799,0.995699991548398,2.8357879601281533,0.9455037694975208,False,0.6667359736724909,0.6626478289470306,0.9933558781128572,0.944742472654014,-3.0530266789850726,1.0,0.9998163596132585
2014-12-23,0.7474109014498094,0.7454309565295852,0.9967892307445426,2.7555936070097804,0.9427435808784248,False,0.715140930338882,0.7123177054965634,0.9954158896918684,0.9445825613119668,-2.874566835799897,1.0,0.9999265438453034
2014-12-29,0.4389885482303546,0.4378720542567434,0.9969364920240582,2.8783186404390326,0.9419391871250866,False,0.6930487397701999,0.6903620533973779,0.9963282510911824,0.9443710913770164,-2.8748669801710283,1.0,0.9999706175381213
2015-01-02,0.4571008961034658,0.4571008961034658,1.0,2.9618613593937924,0.9380250415050464,False,0.6741729122768612,0.6717011608138649,0.9985313004364728,0.9438634073872588,-2.881826530508849,1.0,0.9999882470152486
2015-01-07,0.3829214879050324,0.3828231273017678,0.99970939120304,2.849208750994028,0.9400852475139168,False,0.650872798327115,0.6485909181328972,0.9992381548964132,0.9435611545973914,-2.862255862799956,1.0,0.9999952988060994
2015-01-12,0.3154212886846033,0.3147872836243951,0.9976457312171976,2.857622793573029,0.9420523201019552,False,0.624036677555714,0.621886627372217,0.999110761002076,0.9434404478377564,-2.8594760212638,1.0,0.9999981195224398
2015-01-15,0.8877329240048876,0.8782145549552345,0.9866717110277884,2.777877237284374,0.9449382028230268,False,0.7822544254252182,0.7756833839220275,0.9981156370041327,0.9443391008289186,-2.810516750876144,1.0,0.9999992478089759
2015-01-21,0.5305995279647924,0.5202178401904961,0.9791005774795004,3.227331057057595,0.9194853320493406,False,0.7621220336283842,0.755246140423505,0.9965944322421624,0.9423507993265524,-2.8438618953706607,1.0,0.9999996991235903
2015-01-26,0.4090073145276575,0.391752256698808,0.9577336239351548,3.446585222114426,0.9270574741497376,False,0.733872856100326,0.7261666297255293,0.9934855675776016,0.9411273333124072,-2.8920797615101623,1.0,0.9999998796494362
2015-01-29,0.3905119886922645,0.3767745174198713,0.9642049187537812,3.4482881888976293,0.9041155517531188,False,0.7064039867076811,0.6982152607410766,0.991143115671696,0.9381663907876642,-2.93657643570116,0.9098736861866105,0.9927897841724102
2015-02-03,0.4918804243361744,0.4707471030575756,0.953480659431686,3.191207437428528,0.928800386838648,False,0.6892421017179606,0.6800178081263966,0.9881301191724954,0.9374171104717428,-2.956946915839349,0.8312737430274103,0.9798685008808102
2015-02-06,0.2893491220413042,0.2714299103623349,0.9427640564847644,3.5696344396176016,0.933061088379056,False,0.6572506633438282,0.6473307763052717,0.9845008341574768,0.937068628704328,-3.005961917741609,0.848314324569783,0.9693441667759282
2015-02-11,0.3037921925190021,0.2870439453395543,0.9493342941148424,3.498675239094525,0.9448361519233828,False,0.6289739856778421,0.6185078298280143,0.981687510954066,0.9417291426357608,-3.045378983449843,0.7392266046050663,0.9509347618022592
2015-02-17,0.2793197682834936,0.2741467227962889,0.9839090453045924,3.620710559689401,0.943535709476099,False,0.6010016482862943,0.5909589412654764,0.983020431564382,0.9428130827399636,-3.0914055095490074,1.0,0.9803739047209037
2015-02-20,0.2695763242837526,0.269016830474487,0.9984416847578488,3.6746039144913576,0.9348607656132094,False,0.5744876223660911,0.5652035724021973,0.992273183480462,0.9421768973698236,-3.138061381944396,1.0,0.9921495618883615
2015-02-25,0.2172544810490545,0.2172544810490545,1.0,3.478283016147679,0.9465932423654329,False,0.5459089710607282,0.537367645093946,0.9969092733921848,0.9448267043671892,-3.1652791126806585,1.0,0.9968598247553446
2015-03-02,0.0188918378205302,0.016073527725388,0.9241264103210138,4.166481747944386,0.9107023577027976,False,0.5037476004015123,0.4956641157044613,0.9910866443464912,0.9420967566340378,-3.2453753235017566,1.0,0.9987439299021379
2015-03-05,0.0326712519897103,0.0290905159496461,0.9343873666528446,4.193164427519611,0.9065709576524902,False,0.4660614925285682,0.4583382277240761,0.9865507021309996,0.939254692715514,-3.3211984518231854,0.9177330007493519,0.992263055569915
2015-03-10,0.100035669953161,0.0976955687583481,0.9823962577106772,3.7465740758195447,0.9072053876273882,False,0.4367794267225356,0.4294868150068179,0.9862183465773736,0.936690748308464,-3.3552285017428947,1.0,0.996905222227966
2015-03-13,0.106900277675986,0.1064906685856862,0.9970230082584606,3.682102450497677,0.9097641695389674,False,0.4103890947988117,0.4036471232931274,0.992701143586026,0.9345366220069043,-3.381378417643277,1.0,0.9987620888911863
2015-03-18,0.0647934252720302,0.0647934252720302,1.0,4.0870331988286805,0.8944437691533038,False,0.3827414412366692,0.3765388274514397,0.9970804574344104,0.9313291937786164,-3.43783080013811,1.0,0.9995048355564745
2015-03-23,0.0901633407034559,0.0901633407034559,1.0,3.992005909822555,0.9025375824471265,False,0.3593351931940121,0.353628788511601,0.998832182973764,0.9290258648720972,-3.4821648089128656,1.0,0.9998019342225898
2015-03-26,0.1313234480632449,0.1278308168497827,0.9785182091589102,4.0066505291290175,0.8910796556698067,False,0.3410942535835508,0.3355649507786555,0.9972070650685758,0.9259901681359142,-3.524123666530158,1.0,0.9999207736890359
2015-03-31,0.1009284641550013,0.0968489240322002,0.9789787132234472,4.195382000226643,0.8753773283242433,False,0.3218809904292668,0.3164676686389391,0.9957487969209656,0.9219411409509806,-3.577824333225877,1.0,0.9999683094756143
2015-04-06,0.124624371907622,0.1237543543159078,0.9965358023538916,4.190005158185124,0.885766418159527,False,0.3061004609475353,0.3010506034930967,0.9962210001807212,0.9190471631276644,-3.626798799222617,1.0,0.9999873237902457
2015-04-09,0.0295009325488055,0.0235317393035654,0.9379141278995968,4.735508803225217,0.8489332442719242,False,0.2839724986756369,0.2788490943579342,0.9915564503982311,0.9134380496192052,-3.715495599542826,1.0,0.9999949295160983
2015-04-14,0.0335578182354812,0.0242450592744326,0.9142217286140412,4.659760980542087,0.8499963191553231,False,0.2639393242404245,0.2584807715512541,0.985369672655496,0.9083627111820948,-3.791036830022767,1.0,0.9999979718064393
2015-04-17,0.0961668736960186,0.0892975665897733,0.9710600957371556,4.516842273940283,0.9204498542429508,False,0.2505175281968721,0.2449461151543356,0.984224906502029,0.9156149970186084,-3.849101265536168,1.0,0.9999991887225758
2015-04-22,0.1033414552826514,0.1005415072756444,0.9870879132204626,4.412029500981876,0.911973290492854,False,0.2387434423637344,0.2333937465240403,0.9859427105330892,0.915323660496548,-3.8941355243718254,1.0,0.9999996754890303
2015-04-27,0.1218381586522708,0.1158935101192611,0.9774165819676588,4.384674912395975,0.9140514930381144,False,0.2293910196668173,0.223993727611658,0.9852606202478548,0.9152218870998736,-3.9333786754137576,1.0,0.9999998701956121
2015-04-30,0.1909939074941651,0.1785091303683019,0.9570292588029242,4.160525097803812,0.899098629442979,False,0.2263192506930052,0.2203549598321895,0.9830021113322605,0.913932026487322,-3.951550389204962,1.0,0.9999999480782449
2015-05-05,0.2044364228151415,0.1910149235223921,0.9534657890061148,4.079225368575028,0.8972081940069526,False,0.2245686244627761,0.2180077569274057,0.9806392055461688,0.9125941198888924,-3.961764387554568,0.8784757021180596,0.9902780084014302
2015-05-08,0.3431758917689492,0.31833221342157,0.93155550450242,3.672105037341023,0.938759568504804,False,0.29573298484648,0.2782024308239043,0.9767125094626689,0.9282933890584394,-3.787968777426441,0.7506091986813928,0.9711045036238273
2015-05-13,0.4425823486694433,0.4106429458056377,0.9344633792477272,3.604886025535415,0.941955145849224,False,0.383842603140258,0.3576667398129444,0.9733325790454735,0.9364904431329102,-3.6781191262918247,0.8620986589382577,0.9623840360489818
2015-05-18,0.2822306146027034,0.2458575244527955,0.8929133627214539,3.722046792116114,0.9229745790119276,False,0.3757136440572536,0.3487220025841325,0.966899041739552,0.9354091740032316,-3.681633339557768,0.6607421694627857,0.9382526867220862
2015-05-21,0.2581082213491062,0.2164745682127988,0.8716260224262891,3.744961326237199,0.9313751722235764,False,0.3663052102406018,0.3381422078344258,0.959277200194491,0.9350864538608592,-3.6866995784921226,0.5919867423542161,0.9105514111726566
2015-05-27,0.3920729401953481,0.3477987027414982,0.9045586902204986,3.609401288531812,0.9355651202993048,False,0.3817658482134496,0.3439361047786693,0.9548997193965716,0.9353736537239268,-3.640320604515936,0.7117392799949341,0.8946464406784388
2015-06-01,0.25445082726442,0.2355883397187672,0.9350122149300906,3.539018342695216,0.941805431006328,False,0.3715806465375272,0.3352682835738771,0.9533087190392532,0.9392327200933674,-3.579539247423504,1.0,0.9578585762713755
2015-06-04,0.2914380697333842,0.2746947836921787,0.9467925268339836,3.456338415929716,0.9251911955101472,False,0.3651692403931958,0.3304224035833413,0.9527874236628318,0.93810939812671,-3.5056187485272314,1.0,0.9831434305085502
2015-06-09,0.1707679580770725,0.1625536426264135,0.9663305186904853,3.759456145481073,0.8859278848415941,False,0.349617137807906,0.3169929027067871,0.9609132806794238,0.9339348770639008,-3.525925740283539,1.0,0.9932573722034201
2015-06-12,0.0538245571567086,0.0459076193047102,0.912152362298734,4.048085737402701,0.8880007226911543,False,0.3259537313558102,0.2953060800346209,0.9570124072089689,0.930260144714081,-3.567698540053072,1.0,0.9973029488813681
2015-06-17,0.0677196853549786,0.0619340820963709,0.9473456368389732,3.891410950241439,0.9121234335616556,True,0.3052950076757437,0.2766363201995609,0.9562390655793692,0.928809207821887,-3.5935955328681413,1.0,0.9989211795525472
2015-06-22,0.231309558854681,0.231309558854681,1.0,3.299387399520851,0.9218572147011472,True,0.2993761717700587,0.2730101792919706,0.9824956262317476,0.928253048372228,-3.417070652859767,1.0,0.9995684718210189
2015-06-25,0.2330534451522597,0.2330534451522597,1.0,3.3740850235479845,0.9193744370307096,True,0.2940703536406348,0.2698136405607937,0.9929982504926992,0.9275427594649064,-3.391279275272697,1.0,0.9998273887284076
2015-06-30,0.4740944141086526,0.4740944141086526,1.0,2.2716443150990964,0.9641963188968832,True,0.4020847899214455,0.392382104689509,0.9971993001970796,0.9495348951240924,-2.719498299168537,1.0,0.999930955491363
2015-07-06,0.3216230730801512,0.3216230730801512,1.0,2.096647859501154,0.9702283713328668,True,0.3956478525741419,0.3867213821607604,0.998879720078832,0.9619509808493572,-2.3457880353681078,1.0,0.9999723821965452
2015-07-09,0.4399403664763246,0.4399403664763246,1.0,2.012740108680926,0.9770753887032112,True,0.4222233609154515,0.4186527727500989,0.9995518880315328,0.9710256255616696,-2.1459592793557984,1.0,0.9999889528786181
2015-07-14,0.4336556737257518,0.4336556737257518,1.0,1.9251920612953224,0.978160429179224,True,0.4290827486016317,0.4276545133354907,0.999820755212613,0.975306507732202,-2.013498948519513,1.0,0.9999955811514473
2015-07-17,0.473433948589278,0.473433948589278,1.0,1.8662093495669765,0.9780749731110264,False,0.4556934685942195,0.4551221744877631,0.9999283020850452,0.9769675869594968,-1.925125189147991,1.0,0.999998232460579
2015-07-22,0.617995457672369,0.617995457672369,1.0,1.9602659123710395,0.9798007534141084,False,0.5530746620411092,0.5528461443985266,0.999971320834018,0.9786674868322636,-1.927936447005835,1.0,0.9999992929842316
2015-07-27,0.7422465247748457,0.7422465247748457,1.0,1.9096062760794088,0.9814715232390624,False,0.666577779681351,0.666486372624318,0.9999885283336072,0.9803499086763428,-1.91693834444998,1.0,0.9999997171936926
2015-07-30,1.2136956211450924,1.2136956211450924,1.0,2.259922363109535,0.972930150649893,False,0.9948484845595958,0.9948119217367826,0.9999954113334428,0.979756328034227,-1.944377065942744,1.0,0.9999998868774771
2015-08-04,1.1820184105655838,1.1820184105655838,1.0,2.436602609221636,0.9766015545724926,True,1.1071504401631886,1.107135815034063,0.9999981645333772,0.9795039461572884,-1.983755109405056,1.0,0.9999999547509908
2015-08-07,0.5723852816298003,0.571113221542182,0.9974960472167944,3.0856444759535715,0.9621242451530184,True,1.0643692274805177,1.0642540075547129,0.9997979951480506,0.9781135700769468,-2.0719062587289367,1.0,0.9999999819003963
2015-08-12,0.4986529749298748,0.4944597998316732,0.9905455551052612,2.94965493848233,0.9626294412416676,True,1.0191119272764662,1.0186704709368697,0.9990577999446276,0.9768748397701243,-2.142126153109208,1.0,0.9999999927601585
2015-08-17,0.7193645421503003,0.7090562317670792,0.9836680000939008,2.97057676903959,0.9627617796655276,True,0.9951321364663728,0.9939013318032864,0.9978266159565694,0.9757457949617568,-2.2084022023836387,1.0,0.9999999971040634
2015-08-20,0.551218835512343,0.5475327375644171,0.9920731575914452,2.779516500350547,0.966480363984692,True,0.9596190723900504,0.9581918442641768,0.9973663392873596,0.9750045604835916,-2.254091346220992,1.0,0.9999999988416254
2015-08-25,1.3817687477383502,1.3817687477383502,1.0,2.3123802542554204,0.9889701574148394,True,1.2129088775990304,1.212337986348681,0.998946535714944,0.9833839186423404,-2.258754458863746,1.0,0.9999999995366502
2015-08-28,1.3508994322581116,1.3508994322581116,1.0,2.424107501847127,0.9841681305298128,True,1.2957032103944792,1.2954748538943393,0.9995786142859776,0.9838544457748238,-2.2719827023024166,1.0,0.99999999981466
2015-09-02,1.416377513642169,1.416377513642169,1.0,2.396090819936398,0.9847918469638466,True,1.368107792343093,1.368016449743037,0.999831445714391,0.9844168864882374,-2.281911351713135,1.0,0.999999999925864
2015-09-08,1.3693793281316515,1.3693793281316515,1.0,2.385459698372875,0.9867985634677814,True,1.3688707138162282,1.3688341767762058,0.9999325782857564,0.9858458926759638,-2.2901952194459145,1.0,0.9999999999703456
2015-09-11,1.2862631950884458,1.2862631950884458,1.0,2.4991088943957256,0.9850781848593444,True,1.3622621123180056,1.3622284982411852,0.9999730313143026,0.9857844760506344,-2.3069083134418995,1.0,0.9999999999881383
2015-09-16,1.3550176382597483,1.3550176382597483,1.0,2.4331202524149926,0.9850452591229096,True,1.361682554393345,1.3616516294426702,0.999989212525721,0.9857253386964164,-2.3170052685597478,1.0,0.9999999999952554
2015-09-21,1.075111654481714,1.075111654481714,1.0,2.6286525869281943,0.9799143264676092,True,1.3387568824004146,1.3387284314457937,0.9999956850102883,0.985260457718112,-2.341937054029223,1.0,0.9999999999981022
2015-09-24,0.5431393961574248,0.53488100612813,0.9831698194418556,3.079522132010126,0.9592623916658322,True,1.2751074835009757,1.2744206374203806,0.998649615764814,0.9831806124339296,-2.400943860267696,1.0,0.9999999999992408
2015-09-29,0.5844139261715173,0.5771840971571127,0.9860367091688323,2.9448397354488782,0.9637486261429602,True,1.2198519989146188,1.218641714199319,0.9976405832371354,0.981626053530652,-2.44445553028219,1.0,0.9999999999996964
2015-10-02,0.4891504768701328,0.4800888330052464,0.9800401982267456,3.29797718145826,0.9461689753115244,True,1.16139587715106,1.1595574837037934,0.9962325524363044,0.978789487273122,-2.512737262376276,1.0,0.9999999999998785
2015-10-07,0.5586869230590328,0.5512114013905395,0.9852636613363746,3.133702075585733,0.9336309765392032,True,1.1131791608236978,1.110889797118733,0.99535504114831,0.9751768064144084,-2.5624144474330324,1.0,0.9999999999999514
2015-10-12,0.7332085591938616,0.7170490850158084,0.974307845208038,2.914693528208838,0.9368282414961306,True,1.0827815126933111,1.079382540150499,0.9936712654730884,0.9721089212209464,-2.590596773895097,1.0,0.9999999999999806
2015-10-15,0.9266589549273584,0.9118120333971956,0.98061055544309,2.775443590909984,0.946493553006352,True,1.0702917080720349,1.0659768996102348,0.9926264086706884,0.9700596917637788,-2.605384519256288,1.0,0.9999999999999922
2015-10-20,0.6812447331236475,0.6663515275640179,0.9733007069242108,2.9384515193201843,0.9396671821712584,True,1.039167950076164,1.0340068698465374,0.9910803525309704,0.9676282909963771,-2.6320298792614,1.0,0.9999999999999969
2015-10-23,0.5799725782351711,0.5626827290093148,0.9666588256742764,3.201562389162317,0.9164143535617388,True,1.0024323203288843,0.9963009385795596,0.9891266303824348,0.963531176001606,-2.677592480053473,1.0,0.9999999999999988
2015-10-28,0.5399267634329026,0.5350364070484882,0.98955513518994,3.21560488391091,0.913650715479662,True,0.965431875777206,0.959399776057074,0.989383733266938,0.9595407391598506,-2.7206334723620684,1.0,0.9999999999999996
2015-11-02,0.4248820639169262,0.4220337711235992,0.9947592943182302,3.6083369276995896,0.8775437740101735,True,0.9221878908283836,0.916410495662396,0.9926090698977134,0.9529809819478764,-2.7916497487890704,1.0,0.9999999999999998
2015-11-05,0.1848844351087682,0.1763719822013811,0.9608860771580634,3.956219951857604,0.8694156870397355,True,0.8632036143708146,0.8572074145855149,0.9900712304785414,0.9462957583552252,-2.884815365034553,0.8905136238541549,0.9912410899083322
2015-11-10,0.1147836243864933,0.1048319697153958,0.9604514942869172,4.436588412715099,0.7843350842041656,True,0.8033300151720689,0.7970173789959053,0.9877016515832114,0.9333389044231406,-3.0089572088489964,1.0,0.9964964359633328
2015-11-13,0.1058600634968961,0.0970740137550717,0.9608535271004396,4.469148857286288,0.7832972877965967,False,0.7475324190380551,0.7410219097766386,0.9855538016245896,0.9213355750930172,-3.12577254072398,1.0,0.9985985743853332
2015-11-18,0.0810549368295997,0.0726110844767832,0.958894825755378,4.617567215847076,0.7604405901489207,False,0.6942142204613787,0.6875490437526501,0.9834210835550528,0.9084639762974894,-3.245116114733828,1.0,0.9994394297541332
2015-11-23,0.0898302007864138,0.0857354784341738,0.9738836065980756,4.375452959320102,0.8354855087467659,False,0.6458634988873816,0.639403958527172,0.9826580853984946,0.9026256988934316,-3.3355430623007303,1.0,0.9997757719016533
2015-11-27,0.0851033220944735,0.0827128655725425,0.9875790280795838,4.449414370952727,0.8687006550336254,False,0.601002684743949,0.5948686710908018,0.985610651007148,0.8999116953846472,-3.42465276699289,1.0,0.9999103087606613
2015-12-02,0.1196475974004112,0.1174849953345876,0.9905161861964838,4.27234547570773,0.8812857296404242,False,0.5624942777564661,0.5566779770303046,0.9885539721207496,0.8984216181251095,-3.492468183690077,1.0,0.9999641235042646
2015-12-07,0.0424657500352034,0.033012593640332,0.8949691840517999,4.34569924062233,0.8451899370748569,False,0.5208919955387651,0.5147847463591069,0.9810671890752336,0.8941630836410893,-3.5607266682446577,0.7819182713192521,0.9825204553294636
2015-12-10,0.0739010441148654,0.0616629195611825,0.8998223438248326,4.149221696121699,0.8758976610951444,False,0.4851327194248531,0.4785350002152729,0.9745676014552016,0.8927018498374137,-3.607806270474821,0.6999019115633969,0.9599109718281783
2015-12-15,0.2113440719533865,0.1884564344707104,0.9190764871180566,3.811555775648909,0.902085338725916,False,0.4632296276271358,0.4553287149557079,0.97012831230823,0.898331943170515,-3.624106230888749,1.0,0.9839643887312713
2015-12-18,0.2055944357194232,0.2027118965525928,0.9881019183196158,3.7330052601641466,0.9202165306565936,False,0.4426188122745188,0.4351193694834587,0.9809124759150616,0.911462695662162,-3.632818153230781,1.0,0.9935857554925085
2015-12-23,0.2025833830106454,0.2014730291042528,0.9948370398067136,3.5029625388915107,0.9233830742345516,False,0.4234159779334089,0.4164276622531223,0.9892672142500528,0.918614922805596,-3.554904784627219,1.0,0.9974343021970034
2015-12-29,0.1971982898604332,0.1971982898604332,1.0,3.487941160680091,0.9177599933634224,False,0.4053185628875709,0.3988893124617072,0.9957068857000212,0.918546528450222,-3.5147266102589425,1.0,0.9989737208788013
2016-01-04,0.4435024181697046,0.4435024181697046,1.0,3.088052853309238,0.9573160625578286,False,0.4282288760568511,0.4256571758865056,0.9982827542800085,0.941808248914786,-3.25872235608912,1.0,0.9995894883515205
2016-01-07,0.7006903055032748,0.7006903055032748,1.0,2.803120406915028,0.967834852921469,False,0.5917057337247054,0.5906770536565672,0.9993131017120034,0.9574242113187958,-2.9853611865846648,1.0,0.9998357953406082
2016-01-12,0.5056173338212826,0.5056173338212826,1.0,3.217102874754397,0.9628380992288944,False,0.5848186617324316,0.5838722760697445,0.9997252406848014,0.9606725440648548,-3.0039005216382435,1.0,0.9999343181362432
2016-01-15,0.5143107350610687,0.5143107350610687,1.0,3.250893742487614,0.9626240219429932,False,0.5791780275987226,0.5783073527890504,0.9998900962739206,0.961843430791738,-3.0236599793061933,1.0,0.9999737272544973
2016-01-21,0.8072413218865937,0.8072413218865937,1.0,2.9453954808375657,0.9673651079470248,False,0.7160160041714453,0.7156677342475763,0.9999560385095684,0.96515643708491,-2.976701280225017,1.0,0.9999894909017989
2016-01-26,0.7658324825680775,0.7658324825680775,1.0,2.972446241469876,0.96372301357655,False,0.7459058912094245,0.745766583239877,0.9999824154038272,0.9650417632042412,-2.974148256971932,1.0,0.9999957963607196
2016-01-29,0.6374466177938382,0.6301813327938212,0.987529088002254,3.1665845227125016,0.9535258611625504,False,0.7372291493361777,0.7365197632041925,0.9989861492117014,0.964120491040906,-2.9895431582311778,1.0,0.9999983185442878
2016-02-03,0.6281365103871738,0.6166698915739314,0.979293686217562,3.0934408562531983,0.9538646097566288,False,0.7285017382202574,0.7269317734737717,0.9974107521721703,0.9633000205381638,-2.9978549740729394,1.0,0.9999993274177151
2016-02-08,0.6587969381090604,0.6363745723806171,0.961480906596202,3.0407833448771333,0.9490544630424133,False,0.7229253542113617,0.7196871973863194,0.9945363645260928,0.9621603759385038,-3.001289243737275,1.0,0.999999730967086
2016-02-11,0.848075773601611,0.8246816838580064,0.9660035712013412,2.744622377099007,0.9607148443961468,False,0.7980156058455112,0.7826838892693315,0.9922537410601128,0.9620447334151152,-2.8472891237543143,1.0,0.9999998923868344
2016-02-17,0.9127759208522908,0.9127759208522908,1.0,2.671557039891693,0.9700540276028728,False,0.866871794849579,0.8607391082191072,0.996901496424045,0.9668503099277698,-2.7418498734367414,1.0,0.9999999569547338
2016-02-22,0.6593502909532077,0.6543203915137806,0.9914086290041766,2.890092339054882,0.9702388445369922,False,0.8502700745378693,0.8442256108826811,0.9964620670304556,0.9688834306933032,-2.7537092706861928,1.0,0.9999999827818935
2016-02-25,0.6797708541230836,0.6744011814654318,0.9909731212880296,2.8650890026111626,0.9730507188324924,False,0.8366301369046865,0.8306396565293013,0.9960229513710616,0.9713838035768168,-2.7626196492401904,1.0,0.9999999931127574
2016-03-01,0.7408625916135542,0.7408625916135542,1.0,2.583497571737635,0.9841115577501705,False,0.828968733281396,0.8234574913360415,0.9984091805484246,0.979020456080829,-2.655146402738657,1.0,0.999999997245103
2016-03-04,0.6720301265758682,0.6720301265758682,1.0,2.5289602647819125,0.9831914409292865,False,0.8164136447449537,0.8113433021552277,0.9993636722193698,0.9815230469899034,-2.57943471996461,1.0,0.9999999988980413
2016-03-09,0.6487248476002448,0.6487248476002448,1.0,2.7400573345104204,0.9765361000873914,False,0.802998540973377,0.798333825790829,0.999745468887748,0.9811240912377024,-2.5922845291282752,1.0,0.9999999995592165
2016-03-14,0.5684690250416506,0.5684690250416506,1.0,3.043346643403144,0.9701057348038552,False,0.7842361796988389,0.7799446417308948,0.9998981875550992,0.9802426227229948,-2.628369498270265,1.0,0.9999999998236866
2016-03-17,0.4004079957963407,0.3941435618867074,0.9847096378058844,3.4276847121383685,0.9289572672375994,False,0.7535299249866391,0.7490805553433599,0.998683103575162,0.9761397942841632,-2.6923147153797133,1.0,0.9999999999294746
2016-03-22,0.3143262455229426,0.3073190645581362,0.98013882045359,3.701240852021604,0.9147334354411502,False,0.7183936306295434,0.713739636080542,0.9971995609254364,0.9712272855767222,-2.7730288063110646,1.0,0.9999999999717899
2016-03-28,0.4488635258079801,0.444758796824943,0.9909348143072676,3.4763791983948207,0.9128205756448822,False,0.6968312222438183,0.6922211689400941,0.996698381195983,0.9665547487821752,-2.829296837677765,1.0,0.9999999999887159
2016-03-31,0.3508170734072603,0.3389791497719315,0.9694203202512824,3.6415566667835386,0.8871145797087048,False,0.6691500903368937,0.6639618074066411,0.9945161363204068,0.9601995352562974,-2.894277624006228,1.0,0.9999999999954864
2016-04-05,0.3611785182066742,0.3497471396830779,0.9691004923125662,3.549406111203693,0.924554854795268,False,0.6445123645664761,0.6388246339887561,0.9924828847997798,0.9573479608194152,-2.946687902982025,1.0,0.9999999999981946
2016-04-08,0.3064535446928435,0.2979162539126233,0.9747912213183122,3.7449413992734346,0.9343402694868236,False,0.6174676589765855,0.6115519635826655,0.9910675517212624,0.9555073455128078,-3.010548182685337,1.0,0.9999999999992778
2016-04-13,0.3409164512403782,0.3334103594004041,0.980496714518756,3.5513896032915477,0.9268993253771276,False,0.5953435623576889,0.5893006352480846,0.990221884745062,0.9532187039019534,-3.053815496333834,1.0,0.9999999999997111
2016-04-18,0.4048685115916527,0.3973106786827103,0.9818136797267986,3.4086255676896124,0.9406448793722092,False,0.580105558296406,0.5739414387228547,0.9895492283436008,0.9522127979395738,-3.082200302042297,1.0,0.9999999999998844
2016-04-21,0.4255660971108867,0.4157595832250431,0.977541848985061,3.385245022619809,0.94166673365528,False,0.5677424014015645,0.5612868902830299,0.9885886379949178,0.9513691127968305,-3.106443879688498,1.0,0.9999999999999538
2016-04-26,0.4640475953485183,0.4562319181685397,0.9820660994195068,3.261606783177822,0.9505917830739232,False,0.5594468169173209,0.5528824925138708,0.9880668349088848,0.9513069264189978,-3.118856911967644,1.0,0.9999999999999816
2016-04-29,0.463609300315499,0.4532740746413782,0.976430601406113,3.2960017588087487,0.9246944053437705,False,0.5517798155891751,0.5449138190840714,0.9871359362286632,0.9491779247329796,-3.1330284997149325,1.0,0.9999999999999927
2016-05-04,0.4153191766349661,0.4076768167685444,0.9813262814059022,3.5281286443998217,0.9136431352156056,False,0.5408629644728384,0.5339348588988293,0.9866711638428424,0.9463351415715898,-3.164636511289724,1.0,0.9999999999999971
2016-05-09,0.3213219774339291,0.3131560456662172,0.9785356244094132,3.757172844570537,0.8920329999454983,False,0.5232996855097257,0.5162725538402204,0.986020320688168,0.9419909702415026,-3.212039417952189,1.0,0.9999999999999989
2016-05-12,0.1470880806531451,0.1434486653793222,0.983873143302968,4.2672229242722,0.8847600914961684,False,0.4932027571211993,0.4864466427633485,0.985848546497352,0.937412499941876,-3.29645409845779,1.0,0.9999999999999996
2016-05-17,0.1486815825355114,0.1389279274317909,0.9643800511821792,4.220231623008216,0.887086157536526,False,0.4656410631543443,0.4586451455368239,0.984131066872138,0.933386392549448,-3.370356300421824,1.0,0.9999999999999998
2016-05-20,0.2358573894289365,0.2358573894289365,1.0,3.677996504005742,0.913984026559683,False,0.4472583692563117,0.440822125048193,0.9936524267488552,0.9318342032702668,-3.3949675167085376,1.0,0.9999999999999999
2016-05-25,0.3205411900470151,0.3205411900470151,1.0,3.611667186006207,0.9173934773810604,False,0.4371209949195679,0.4311996502480987,0.997460970699542,0.9306789451991304,-3.4123034902523512,1.0,1.0
2016-05-31,0.5481993294368447,0.5481993294368447,1.0,3.266935658529105,0.9159031479136786,False,0.503767995629934,0.5013994577613463,0.9989843882798168,0.9294968814162944,-3.325082791218404,1.0,1.0
2016-06-03,0.1667671606032251,0.1667671606032251,1.0,3.985410082620205,0.8628583232597367,True,0.4768079288277974,0.4746288739886967,0.9995937553119268,0.9241657967637698,-3.377908974530548,1.0,1.0
2016-06-08,0.2051200588235404,0.2033718877749153,0.9946746088828718,3.923197701096661,0.8568814613573008,True,0.4550728992274568,0.4529283150915942,0.9992002235976024,0.9187830499312524,-3.421532072655837,1.0,1.0
2016-06-13,0.6701095540286661,0.6701095540286661,1.0,3.1407077594755552,0.951147006782774,True,0.5840948921081824,0.5832370584538373,0.999680089439041,0.9382014240421652,-3.253037484747668,1.0,1.0
2016-06-16,0.5661425721654683,0.5635162711255532,0.995370985389823,3.272195477649797,0.9534058109465102,True,0.5826587065127653,0.5816593954675746,0.9993353611151036,0.9473240561847722,-3.254570124179838,1.0,1.0
2016-06-21,0.8703230405365218,0.8703230405365218,1.0,3.003129751933051,0.9603782061138968,True,0.7552573069270192,0.754857582508943,0.9997341444460416,0.955156546142247,-3.103705900831766,1.0,1.0
2016-06-24,1.119914737616965,1.119914737616965,1.0,1.851150770428147,0.9816019770148418,True,0.9740517653409866,0.9738918755737562,0.9998936577784164,0.9710238046658038,-2.352172822589594,1.0,1.0
2016-06-29,1.7317712156234824,1.7317712156234824,1.0,1.9276428508321053,0.9826399480497516,True,1.428683435510484,1.4286194796035918,0.9999574631113666,0.9779934906961724,-2.097454839535101,1.0,1.0
2016-07-05,1.9439703960224397,1.9439703960224397,1.0,1.92410306500169,0.9812292573921784,True,1.7378556118176571,1.7378300294549005,0.9999829852445468,0.979934950713776,-1.9934437748150544,1.0,1.0
2016-07-08,1.883483922172843,1.883483922172843,1.0,1.9102689738432557,0.9783270539501292,True,1.8252325980307689,1.8252223650856656,0.9999931940978186,0.9798063189726842,-1.9435388942319751,1.0,1.0
2016-07-13,1.6932955635001572,1.6932955635001572,1.0,1.9939386198733124,0.976635867651701,True,1.81467763526832,1.8146682209588247,0.9999972776391276,0.9795526828670056,-1.947570872283282,1.0,1.0
2016-07-18,1.396821383375167,1.396821383375167,1.0,1.9757611173101688,0.9793836223678154,True,1.7812491351168676,1.7812404739521326,0.999998911055651,0.9795391580270704,-1.949826091885433,1.0,1.0
2016-07-21,1.4994181419690122,1.4994181419690122,1.0,1.9833350639712388,0.9772541232889108,True,1.7587026556650391,1.758694687393483,0.9999995644222603,0.9793563552480178,-1.9525068096522975,1.0,1.0
2016-07-26,0.353071414712679,0.3522173309170399,0.9978237889068028,3.379873085185076,0.948466522689782,True,1.6462521563888506,1.6461764988753675,0.9998255023810236,0.976885168643359,-2.0666961116949203,1.0,1.0
2016-07-29,0.1794890765854329,0.1701475796765188,0.9585172133158156,3.7448075576138935,0.8654385830504612,True,1.5289111100045771,1.5280941853394596,0.9965208392558071,0.9679694417959273,-2.200945027368438,1.0,1.0
2016-08-03,0.1311325755496728,0.1177743940970001,0.9243248198933232,3.95035755876601,0.8740460480792895,True,1.4170888272481847,1.4152686020400629,0.9907451577068084,0.9604555702985962,-2.340898029880244,0.7101812130470891,0.9768144970437672
2016-08-08,0.1639523262570837,0.1498613205102132,0.9435339702879652,4.038600324369064,0.8760198432402724,True,1.3168379071688967,1.314036019517675,0.986968262713301,0.9537007121339304,-2.476714213439349,1.0,0.9907257988175069
2016-08-11,0.1835150771192072,0.1741824978712335,0.969099016141341,4.031930088606477,0.8880376287162767,True,1.2261720807649217,1.2228477377859597,0.9855387229875442,0.948447665460518,-2.60113148345272,1.0,0.9962903195270028
2016-08-16,0.1592359913977644,0.1516868161280682,0.9666828942473762,3.932430997714383,0.9063283659202028,True,1.140817193615549,1.1371548640533284,0.9840302566883308,0.9450781214972928,-2.707635444593653,1.0,0.9985161278108011
2016-08-19,0.1725241955848093,0.1559249324986482,0.9378949654749448,3.9180879214964968,0.9123451906780026,True,1.0633537537730895,1.0586564695289542,0.98033943339126,0.9424594870317496,-2.8044716427458805,0.8359231691537887,0.9855086911182402
2016-08-24,0.2574974973977432,0.2378169646661382,0.943933857099007,3.903186910789653,0.9113758471813004,True,0.998885253263062,0.9929893091399288,0.9774269872878798,0.9399727958437136,-2.892368864189382,1.0,0.9942034764472961
2016-08-29,0.198594906709222,0.1871431695385228,0.947252495177548,3.539345453421745,0.9170924587442206,True,0.934862025538755,0.9285216179718164,0.9750130279190532,0.9381423688757544,-2.944126991327971,1.0,0.9976813905789185
2016-09-01,0.2076460963262492,0.1879401813677292,0.9179781337168708,3.681268644406077,0.885469465774391,True,0.8766847512017546,0.8692751030434895,0.9704502363828786,0.9339285366276452,-3.0030983235742195,0.7421846430196228,0.9772416507741748
2016-09-07,0.0529067395360816,0.039833406389579,0.8810732755619438,4.2543236523400365,0.8211200656618393,False,0.8107825102685008,0.8029197673111768,0.963300079517204,0.9249038589503809,-3.103196349875485,0.709447337688649,0.9558181057273327
2016-09-12,0.0972761936509155,0.0831984038582008,0.9256646633111936,4.302067063183346,0.913400221531086,True,0.753702004939094,0.7453420582349387,0.9602892462207232,0.9239835679568372,-3.1991060069401143,0.7635380127437338,0.9404356982886448
2016-09-15,0.1216246766481576,0.1009901758440428,0.8964241717982485,4.042325564598807,0.9217226365628592,True,0.7031358186758191,0.6937939076436671,0.9551800402669252,0.9238026934453192,-3.26656357155281,0.7699357273692329,0.9267957006150919
2016-09-20,0.1321305673650955,0.1101042168911026,0.8980562351020692,4.02597520865454,0.920371035035904,True,0.6574553985709611,0.6470987323834619,0.9506101358537368,0.9235281607725658,-3.327316502520949,0.7215507874902997,0.9103761075651085
2016-09-23,0.2443193769290626,0.2196956741050957,0.929225399357864,3.8305390010653935,0.9408734818842328,True,0.6244045168396093,0.6129064877211927,0.948899356934067,0.933935353439566,-3.3675743024045044,1.0,0.9641504430260434
2016-09-28,0.2600602667735593,0.2421640587776015,0.9485174866023028,3.7224010065599256,0.9445674466291992,True,0.5952569768343253,0.5832470934057055,0.948868807307526,0.940314609353346,-3.3959604387369384,1.0,0.9856601772104173
2016-10-03,0.1954339168684429,0.18416190221819,0.9588862756118844,3.887698070837032,0.9331525670495038,True,0.5632711320370547,0.5513202781107043,0.954879288290141,0.9397416459690386,-3.435299449304946,1.0,0.9942640708841669
2016-10-06,0.2417303119062701,0.2215470165826503,0.9394729919409116,3.8639859137375954,0.9358979040937718,True,0.5375478664265919,0.52493841718846,0.9536467845822028,0.9394341466190173,-3.4695943664595577,0.6845853779433704,0.9694897754489031
2016-10-11,0.2814597523958585,0.2729764241347506,0.9800680463536542,3.934076481813441,0.9059291727820512,False,0.5170608173041332,0.5047814577441633,0.9694995416450736,0.93675374871206,-3.5067529356878686,1.0,0.9877959101795613
2016-10-14,0.3104480467879072,0.2998812801624967,0.9764167742004066,3.841814094154624,0.913046769808882,False,0.5005317956628351,0.48838944353763,0.9736498811782732,0.934857190399806,-3.5335578283652094,1.0,0.9951183640718245
2016-10-19,0.4981065686940704,0.4847050192642244,0.9776503395578516,3.630459415707029,0.9191076697283784,False,0.5003377775053339,0.4880946895957576,0.9760501562060204,0.9335972287460916,-3.5413099553525558,1.0,0.9980473456287298
2016-10-24,0.2188197896989349,0.2058595964031457,0.9635072854370802,4.108487651744488,0.8849653606024749,False,0.477816338480822,0.4655158821403486,0.9750467265445052,0.9297066792946024,-3.5866841710639097,1.0,0.9992189382514919
2016-10-27,0.3822251875511967,0.3750313792392377,0.9850676704965424,3.739651432470234,0.9164690580960592,False,0.470169046406452,0.4582771219082598,0.9810592929157276,0.9286476695987188,-3.5989215519764155,1.0,0.9996875753005967
2016-11-01,0.3004630159630473,0.293670883151065,0.98304026674358,3.855419646846836,0.9315026362122488,False,0.4565925639709797,0.4451086228076842,0.982247877212439,0.9303606495668368,-3.619441399566049,1.0,0.9998750301202387
2016-11-04,0.6734190056302279,0.661880277505011,0.9844425123081094,3.5182758539770136,0.9441708995919184,False,0.5866884289665286,0.5751716156260802,0.9835646582698412,0.9386467995818856,-3.5587420722126275,1.0,0.9999500120480955
2016-11-09,0.423942802108011,0.4205687436614846,0.992098684426606,3.1928538672967126,0.9575439556129898,False,0.5736687788178473,0.5628033858689125,0.9886850739639002,0.9499850932005482,-3.3392091492630787,1.0,0.9999800048192382
2016-11-14,0.1826469065342099,0.1744389787369613,0.9672794699227554,3.929464239059087,0.9399096481922224,False,0.5423870290351563,0.5317342332983565,0.9869726256406086,0.9491790575998822,-3.3864295564467595,1.0,0.9999920019276953
2016-11-17,0.2093247597047909,0.2032747662449842,0.9805723437652246,4.105441662737471,0.9348924064166536,False,0.5157420474887271,0.5054574759340867,0.986460603090578,0.948036125505224,-3.4439505249500164,1.0,0.9999968007710781
2016-11-22,0.1908788775504677,0.1840756086812949,0.9769181274661326,4.148630453924455,0.93860281536319,False,0.4897529938936663,0.4797469265538634,0.9856972050406224,0.9472814606938612,-3.500324919267972,1.0,0.9999987203084313
2016-11-28,0.1508811841432539,0.1471199453498445,0.9835758572208452,4.107281904621474,0.9391170415377378,False,0.4626432491136333,0.4531367680575419,0.9855274972150402,0.9466283071613716,-3.548881478096252,1.0,0.9999994881233725
2016-12-01,0.1556822268787723,0.1465176849744775,0.9671285228301744,4.467781268509488,0.9276071897663776,False,0.4380863673348444,0.4286072414108968,0.9840555792642508,0.945106617769772,-3.622393461329312,1.0,0.999999795249349
2016-12-06,0.0572701270148754,0.0488553430249382,0.952437643856181,4.93526558967735,0.9133942008951852,False,0.4076210681092469,0.3982270895400201,0.9815261444316054,0.9425696244198052,-3.7274232315971543,0.9639117284578612,0.99711274990603
2016-12-09,0.2128963311416586,0.1990561651426484,0.9642735775762308,4.524812566589692,0.912759740215126,False,0.3920430891518399,0.3822934155882304,0.9801459390831754,0.9401848336834308,-3.7912143783965577,1.0,0.998845099962412
2016-12-14,0.2248881680077925,0.2138833037722851,0.9637631803987484,4.189917647037407,0.918843239242568,False,0.3786706954603161,0.3688206066429548,0.9788353183884212,0.938477506128162,-3.8231106398878256,0.9264026983380749,0.993049707832465
2016-12-19,0.1725067173766931,0.1605614594947154,0.9428101519115332,3.988197065739464,0.8904907716604336,False,0.3621775772136263,0.3521598748710956,0.97595330507027,0.9346385673707436,-3.836317553955957,0.8483143245697828,0.9814708771714504
2016-12-22,0.1888983487223883,0.1750149818446707,0.9415573519266922,3.9611226684494456,0.8923426503481428,False,0.3483152389343273,0.3379882834289816,0.973201628818784,0.9312548940089356,-3.846301963115436,0.8483143245697833,0.9708183529633171
2016-12-28,0.1421809854159753,0.1270402826715672,0.9310022098294652,4.2466146316480025,0.8724984311770126,False,0.3318244986528592,0.3211124433683885,0.9698256752996384,0.9265543769823816,-3.878326976598042,0.8433451169924618,0.9606204940856488
2017-01-03,0.0790145129630236,0.0755239783509015,0.981102145642611,4.836909364530732,0.8249073524072761,False,0.3115996997976723,0.3014653661669895,0.976591557505422,0.9184226150163732,-3.9550135676326574,1.0,0.9842481976342595
2017-01-06,0.0355490870673379,0.0333349313742011,0.98231592321442,5.111811507735354,0.7835569241978206,False,0.2895156507792455,0.2800149313835665,0.9800261769308208,0.9076333597508892,-4.047557402840874,1.0,0.9936992790537038
2017-01-11,0.1404496026166968,0.1366096066221089,0.9869124693523548,4.679771382173847,0.8229856797200905,False,0.2775903669262416,0.2685425054026499,0.9841579523837414,0.9008615453484252,-4.098134521187512,1.0,0.9974797116214815
2017-01-17,0.2205039492796901,0.2205039492796901,1.0,4.112554820485294,0.869875366357393,False,0.2730234535145175,0.2646994209128132,0.9936631809534966,0.8983826510291428,-4.099288145131335,1.0,0.9989918846485926
2017-01-20,0.1393250130159715,0.1366838525531745,0.9887817688112364,4.303805210399376,0.8710456947998811,False,0.2623275782746339,0.2544581754440421,0.993272667982116,0.896195694530802,-4.115649510352778,1.0,0.999596753859437
2017-01-25,0.2323860431303503,0.2323860431303503,1.0,3.953147695267838,0.8770601627005349,False,0.2599322554630912,0.2526924048589467,0.9973090671928464,0.8946648519843806,-4.018148421301814,1.0,0.9998387015437749
2017-01-30,0.3022829649886857,0.3022829649886857,1.0,3.609922455747173,0.904509073557103,False,0.2853426811784478,0.2824467409367901,0.9989236268771384,0.9005713849280141,-3.7732128419690296,1.0,0.9999354806175099
2017-02-02,0.4444267488550436,0.4444267488550436,1.0,3.32688487830512,0.9124083208506126,False,0.3807931217844053,0.3796347456877421,0.9995694507508556,0.9076735464815732,-3.505416063770684,1.0,0.999974192247004
2017-02-07,0.5164849557558179,0.5164849557558179,1.0,3.2545855684978675,0.9266169304366598,False,0.4622082221672528,0.4617448717285876,0.999827780300342,0.9190395768546252,-3.3549177666069943,1.0,0.9999896768988016
2017-02-10,0.5885481946487543,0.5881554221422278,0.9992463066652508,3.163928491181625,0.9181403084883868,False,0.5380122056561537,0.5375912019767717,0.9997812624095348,0.9189676353853262,-3.240324201351773,1.0,0.9999958707595207
2017-02-15,0.4978287624098471,0.4835504682173876,0.9706274113527776,3.283454387832806,0.9094965619207324,False,0.5347975301964492,0.533267943276021,0.9974489543249944,0.9182099495081588,-3.243774616270256,1.0,0.9999983483038083
2017-02-21,0.5630163390178964,0.5630163390178964,1.0,3.300282543564712,0.888002299252396,False,0.5517288154893174,0.5511169807211462,0.9989795817299978,0.9157933374876976,-3.248295250453812,1.0,0.9999993393215233
2017-02-24,0.4059193377631155,0.4037846559584825,0.9952276481437158,3.449920956503496,0.880215975967246,False,0.5400640572712212,0.5393303947401331,0.9986794270430952,0.9129471485660616,-3.264425306937787,1.0,0.9999997357286093
2017-03-01,0.2745038226589622,0.2684531922628979,0.98383512074937,3.742114621197918,0.7874197172135506,False,0.5188192385022405,0.5176602185419543,0.9974918825395972,0.9029049540578608,-3.302640452078597,1.0,0.9999998942914438
2017-03-06,0.1988890850212805,0.1953920544507745,0.987333749622525,3.975208675012772,0.7824778963775192,False,0.4932248262237637,0.4918787654146599,0.9966792319062316,0.8932707894434335,-3.3564459099133312,1.0,0.9999999577165775
2017-03-09,0.1149174212939094,0.1114132490479769,0.9831823245021776,4.443448540179299,0.7662037021162099,False,0.4629602338293754,0.4614415241053253,0.9955994793139072,0.8831054224572557,-3.443406120334609,1.0,0.999999983086631
2017-03-14,0.0715638617938079,0.064421904504686,0.9614790918347224,4.805503853528913,0.7242397281380051,False,0.43164852406653,0.4296799545372742,0.9928698483155726,0.8703961669117157,-3.5523739389901534,1.0,0.9999999932346524
2017-03-17,0.1636017885309438,0.1553244692192079,0.9687015987967302,4.296507112646557,0.8053352313931242,False,0.4102047852236832,0.4077315157118289,0.9909363883540652,0.8651912920702285,-3.611904592882666,0.8962959191294154,0.9917036673062335
2017-03-22,0.1306332151419263,0.1293292401777552,0.9947189217446648,4.37618783051114,0.8753541177786911,False,0.3878390596171427,0.385459333669103,0.993205908388425,0.871288987495306,-3.673047251892944,1.0,0.9966814669224934
2017-03-27,0.1397509452056108,0.1333286595372343,0.9759219268234636,4.405378134610268,0.8793286204585457,False,0.3679920104642201,0.3652888797385535,0.9918231898632284,0.8761127672732498,-3.73163372251033,1.0,0.9986725867689974
2017-03-30,0.1206349444851223,0.1180127337590009,0.990542117724947,4.638346524963064,0.8979493958329359,False,0.3482034451858923,0.3455067880601893,0.9917207040921658,0.8892147444090615,-3.804170746706549,1.0,0.999469034707599
2017-04-04,0.2042461298428545,0.2042461298428545,1.0,4.353027006136112,0.8803544247084026,False,0.3366868599584493,0.3342059354028026,0.9966882816368664,0.8885059188330088,-3.848079247460914,1.0,0.9997876138830396
2017-04-07,0.1846594150527935,0.1816995910404681,0.9898079229014344,4.209991777330356,0.8861148366179576,False,0.3245246643659969,0.3220054278538159,0.9961378529380316,0.8883146322558046,-3.87703224985047,1.0,0.9999150455532159
2017-04-12,0.2689817260243496,0.2689817260243496,1.0,3.824435263858445,0.910376756537886,False,0.3200812292986651,0.3177635317074586,0.9984551411752128,0.9015519068250536,-3.845474058255255,1.0,0.9999660182212864
2017-04-18,0.1492503298915374,0.1485548504270724,0.997311525185812,4.287225275195082,0.8488483010765802,True,0.3064147573460949,0.3042268372050277,0.9983636518960608,0.8973356183651756,-3.8808141556104414,1.0,0.9999864072885145
2017-04-21,0.2356509406640854,0.2356509406640854,1.0,4.032515283444804,0.8088076377372587,True,0.3007536520115342,0.2987407654817524,0.9993454607584242,0.8902533799149424,-3.8929502458371914,1.0,0.9999945629154058
2017-04-26,0.5210525080523445,0.5210525080523445,1.0,3.000202227541389,0.9592786018102556,True,0.4329329656360203,0.4321278110241076,0.9997381843033696,0.9316685130521304,-3.3573014348597097,1.0,0.9999978251661623
2017-05-01,0.8142946738063702,0.8142946738063702,1.0,2.968641756740088,0.9666733425181524,True,0.6617499905382302,0.6614279286934652,0.999895273721348,0.9526714107317436,-3.1241056279879365,1.0,0.9999991300664649
2017-05-04,0.7874488009893253,0.7874488009893253,1.0,3.016602779411132,0.966231064103784,True,0.7371692768088873,0.7370404520709812,0.9999581094885392,0.960807202754968,-3.0596039188418533,1.0,0.9999996520265859
2017-05-09,0.6814624288196427,0.6814624288196427,1.0,2.8092331152398304,0.970553836313736,True,0.7327127289697478,0.7325942102108742,0.9999832437954156,0.9666551828902288,-2.90938143668064,1.0,0.9999998608106344
2017-05-12,0.567279501201761,0.567279501201761,1.0,2.996487562843464,0.9673447573653076,True,0.7194780707483088,0.7193690334901451,0.9999932975181662,0.967068927575276,-2.916349926773666,1.0,0.9999999443242538
2017-05-17,0.9741495174464884,0.9741495174464884,1.0,2.37333833832298,0.9818738869464848,True,0.8722809387672164,0.8722373238639509,0.9999973190072664,0.9759519031980012,-2.590542973703254,1.0,0.9999999777297015
2017-05-22,0.8305186945768998,0.8305186945768998,1.0,2.849227609702573,0.9519499064433148,True,0.8689399592319911,0.8688998335209869,0.9999989276029068,0.9740317434576264,-2.6112377445832,1.0,0.9999999910918806
2017-05-25,0.7471751415105806,0.7471751415105806,1.0,2.8657325807969247,0.961862217368944,True,0.8591987738142783,0.8591618581601544,0.9999995710411628,0.973058181370532,-2.6315973314802976,1.0,0.9999999964367523
2017-05-31,0.735603473595152,0.7345976989105023,0.9983625526169644,2.7680301408236025,0.9639902562494976,False,0.8493111497967483,0.8491967254201823,0.9998686095672268,0.9723327473608492,-2.642511956227762,1.0,0.9999999985747009
2017-06-05,0.6357337705542319,0.6274573024703977,0.9846488467934084,2.8496048528022184,0.9652975907860032,False,0.832224959457347,0.8314575715841996,0.9986510285453214,0.9717699348348616,-2.6590793879537187,1.0,0.9999999994298804
2017-06-08,0.7163776861539928,0.7012727652570352,0.9747082082049112,2.9284776412843034,0.959605595687124,False,0.8229571775930787,0.8210427870780266,0.9967356029180886,0.9707967877030426,-2.6806312482201657,1.0,0.9999999997719522
2017-06-13,0.8883522590857875,0.8850051845309482,0.9953797562538766,2.877546189769656,0.967671597612512,False,0.862194226488704,0.8594202255497796,0.9966271351849516,0.9705467724958,-2.696384443544125,1.0,0.9999999999087809
2017-06-16,0.4141158440434468,0.4141158440434468,1.0,3.697175231169428,0.9118668660689218,False,0.8263479558930835,0.8237958750292731,0.9986508540739808,0.96585237998165,-2.776447706554149,1.0,0.9999999999635123
2017-06-21,0.2482966897684086,0.2439603847605713,0.987836320741738,3.982251785038382,0.8883506705648712,False,0.7801038546031095,0.7774090358077771,0.9977856914074013,0.9596522432283076,-2.8729120328328883,1.0,0.9999999999854049
2017-06-26,0.3319658201650312,0.3319281796553035,0.9999090896839438,3.7629568816608265,0.8907623715166514,False,0.7442528118480632,0.7417705673155792,0.9990597303733268,0.9541410534913752,-2.944115620739124,1.0,0.999999999994162
2017-06-29,0.0743074139731112,0.0647676315325284,0.9204138514834878,4.377649935348867,0.8826465344202389,False,0.6906571800180671,0.6876103324529351,0.9927680600621396,0.9484214919656844,-3.058798365907903,0.7816014524689139,0.9825281161921422
2017-07-05,0.0610296632279052,0.0526072332020157,0.903896734875139,4.271155284301929,0.8942023225239057,False,0.6402869786748542,0.6368100845128617,0.9856583540471796,0.944083958410342,-3.155786919379425,0.7906517993908391,0.967178010848038
2017-07-10,0.0841251148115473,0.0711886492321116,0.9139943855631456,4.396146479533114,0.8837044839885325,False,0.5957940295657898,0.5915603696904018,0.979925236568457,0.9392536004565974,-3.255015684191721,0.7610011386781818,0.9506838610744496
2017-07-13,0.086377405203324,0.0739726539928363,0.906968951957911,4.215095964606049,0.8788817422003076,False,0.5550406996167925,0.5501533524345966,0.9740887337996134,0.9344238517960944,-3.331822106624867,0.8171899968173745,0.9400043519338837
2017-07-18,0.1013804724710941,0.0914128528455679,0.9376106110475608,4.364008010707819,0.8989647474012042,False,0.5187478814451366,0.5134541124674744,0.9711704839794492,0.9315871234445032,-3.4143969789515034,0.8171899968173745,0.930179203524563
2017-07-21,0.1174389123473044,0.1037252011444095,0.9378100677867374,4.563024485903384,0.9086698400258854,False,0.48664316391731,0.4806757995616292,0.9685016506840324,0.9297537407710138,-3.506287179507654,0.7906517993908392,0.919017011193865
2017-07-26,0.076583482362809,0.0595815940778166,0.9166980970521654,4.7255623131671065,0.9092304247844838,False,0.4538383893929499,0.4469882631229243,0.9643573663934828,0.9281118754920914,-3.6038291902004103,1.0,0.967606804477546
2017-07-31,0.0998857810207781,0.0961900654595628,0.9840232801557868,4.545455037063901,0.9224641262749812,False,0.4255221807231762,0.4189244073098553,0.9761569146508652,0.9276600555547226,-3.67915925794949,1.0,0.9870427217910184
2017-08-03,0.1025256213642941,0.0954516283975517,0.9712239334230516,4.617703171470773,0.8976216291600614,True,0.3996824559744656,0.3930465849968711,0.9757622761526402,0.9252569814431498,-3.7542427710311927,1.0,0.9948170887164074
2017-08-08,0.1775510290460271,0.1611269206043226,0.9444714364131028,4.058131831477174,0.9034125592061066,True,0.3819119418201905,0.3744930118454673,0.9732590089734772,0.9235094276641864,-3.778553895866872,0.8201667719733986,0.9808450633769668
2017-08-11,0.525273922661728,0.5208923048218905,0.9918776436612649,3.3418670965070048,0.959966370007716,True,0.4679291303251131,0.4623325876313212,0.9844301897861498,0.9453835930703042,-3.5165418162509514,1.0,0.9923380253507867
2017-08-16,0.5761300031561932,0.5652072008800701,0.9799111242858688,3.151713623307716,0.9684986379787702,True,0.5328496540237612,0.5240573555805705,0.9840686645461274,0.9592526200153838,-3.29764490048501,1.0,0.9969352101403147
2017-08-21,0.4780447905288594,0.4708663084493729,0.9831207092499018,3.215099074081295,0.9704973899425507,True,0.528465264944169,0.5198020718100748,0.9839928281224294,0.965999481971684,-3.248117404642781,1.0,0.9987740840561259
2017-08-24,0.7030068856839135,0.7028907690744586,0.9997999387378323,2.8803353408887005,0.9800740168180344,True,0.6331902373880156,0.629655290168705,0.9934770944916712,0.9744442028794942,-3.0274481663903328,1.0,0.9995096336224504
2017-08-29,0.8053540893912748,0.8053540893912748,1.0,2.813372713875246,0.9819694327850816,True,0.7364885485899711,0.7350745697022469,0.9973908377966684,0.9789593408228464,-2.8990028948812805,1.0,0.9998038534489802
2017-09-01,0.8045555955716077,0.8045555955716077,1.0,2.9244412716248,0.978472749049236,True,0.7773287767789532,0.7767631852238635,0.9989563351186674,0.9789204134809576,-2.901037965020762,1.0,0.9999215413795921
2017-09-07,0.9106130204824596,0.9106130204824596,1.0,2.757635904602937,0.97703898606052,True,0.8572993230010572,0.8570730863790212,0.999582534047467,0.9787698992873228,-2.8149967287700672,1.0,0.9999686165518369
2017-09-12,0.934139560457577,0.934139560457577,1.0,2.7181188819816047,0.9769522898215756,True,0.9034034654749692,0.9033129708261548,0.9998330136189868,0.978624490530063,-2.7568700206969896,1.0,0.9999874466207348
2017-09-15,0.9037095359426764,0.9021080575576093,0.997795161437436,2.681019052687621,0.9755697871122712,True,0.9035871077555936,0.903216577764671,0.9996699854444628,0.9783801142566396,-2.7113594398913685,1.0,0.9999949786482939
2017-09-20,0.7728694307050937,0.7728694307050937,1.0,2.696438492418162,0.9700434197921596,True,0.8931296935915535,0.8927888059999048,0.999867994177785,0.9777131786994812,-2.7024068714074447,1.0,0.9999979914593176
2017-09-25,1.001560514148779,1.001560514148779,1.0,2.624091178086419,0.9737665821894697,True,0.9581881859258888,0.9580518308892292,0.999947197671114,0.9773974509786804,-2.6554174554148293,1.0,0.999999196583727
2017-09-28,0.8866533355673074,0.8866533355673074,1.0,2.7662611963821884,0.969379680261626,True,0.9524653978972022,0.9523399512634756,0.9999788790684456,0.976756029321316,-2.664284954692218,1.0,0.9999996786334908
2017-10-03,0.3114645429255016,0.3101713056289834,0.9964732263866536,3.633041507739845,0.9063469557319416,True,0.9011853294994662,0.9009664596127162,0.9996984268539022,0.971123303434166,-2.7417854789360283,1.0,0.9999998714533963
2017-10-06,0.4131488771510673,0.4122019046660752,0.9979641372712962,3.479679227319827,0.9218225801398964,True,0.8621424133115944,0.8618652952169849,0.9995596836872938,0.9671792455706244,-2.8008169788067323,1.0,0.9999999485813585
2017-10-11,0.1676984396149806,0.1676984396149806,1.0,4.254385842583788,0.8291967063479514,False,0.8065868954158653,0.8063319467688245,0.9998238734749176,0.9561406424328108,-2.9171024879088967,1.0,0.9999999794325434
2017-10-16,0.1479723230194274,0.1460172171675444,0.993428121318904,4.348480210223724,0.810883747617513,False,0.7538977296241502,0.7535067684007222,0.9993122133024364,0.9445200908475868,-3.031612705694083,1.0,0.9999999917730173
2017-10-19,0.1996942333936768,0.1996942333936768,1.0,3.929958686650397,0.852419500617111,False,0.7095614499257125,0.7092017656001586,0.9997248853209746,0.937152043629149,-3.1034803841705885,1.0,0.9999999967092069
2017-10-24,0.095206575134799,0.095206575134799,1.0,4.380572476900251,0.8162332236242886,False,0.6604130599424394,0.6600821503629298,0.99988995412839,0.92747853802876,-3.2056477515889616,1.0,0.9999999986836827
2017-10-27,0.0175959249826319,0.015081909585499,0.9603639612925796,4.869393707308544,0.7999096842673595,False,0.6089876891456548,0.6084821311007353,0.996727874701525,0.917273029727848,-3.338747428046529,1.0,0.9999999994734731
2017-11-01,0.0169145708968459,0.012580542014658,0.9411455928866111,4.99690610218397,0.8078395500692782,False,0.5616218396857502,0.5608100039738492,0.992281292156332,0.9085183513551626,-3.471400121977524,1.0,0.9999999997893892
2017-11-06,0.0104112432176377,0.0067196528467624,0.9333041572140164,5.146213623002046,0.7797301065658488,False,0.5175249919683013,0.5164827758836822,0.9875631213609468,0.8982152917720175,-3.6053852020594856,1.0,0.9999999999157557
2017-11-09,0.0629835051454798,0.0547259130736318,0.9511368359826295,4.736476856137806,0.8770790502330077,False,0.4811616730224756,0.4795422268588782,0.9846490185306814,0.8965243924488968,-3.6958725343857513,1.0,0.9999999999663023
2017-11-14,0.06858658867063,0.0590432811279953,0.951203521166688,4.825107997231704,0.8690338363188886,False,0.4481556662743279,0.4459023112004076,0.981973378741562,0.8943251479584962,-3.786211371413428,1.0,0.9999999999865209
2017-11-17,0.1913228343577563,0.1870397095456017,0.9872248477418336,4.366394183252483,0.9000011247424626,False,0.4276090397210023,0.4251933030680231,0.9851242601417248,0.897730734028876,-3.832625996360552,1.0,0.9999999999946083
2017-11-22,0.3785745078725918,0.3769492380767725,0.9969808765792156,3.878797122686759,0.9195718557713598,False,0.4236862771731294,0.4213337778687231,0.9922382300042194,0.9108354070743664,-3.836319686466649,1.0,0.9999999999978433
2017-11-28,0.3663734511009981,0.3597310607415967,0.9840404051867055,3.597930475559575,0.9238694156961144,False,0.4191012510873589,0.416405560498553,0.9915824040188184,0.9186558122474152,-3.6932861599224047,1.0,0.9999999999991374
2017-12-01,0.3508610032974493,0.3508610032974493,1.0,3.748695585196596,0.9015395603544576,False,0.4136420312641662,0.4111619959224648,0.9966329616075272,0.9172865120959786,-3.69771891394434,1.0,0.9999999999996549
2017-12-06,0.5337138093712249,0.5337138093712249,1.0,3.515385877659768,0.9014410428179704,False,0.4856850981284014,0.4846930839917208,0.9986531846430108,0.916018874553738,-3.588319092173597,1.0,0.999999999999862
2017-12-11,0.5450832043713785,0.5450832043713785,1.0,3.330724497859292,0.9027737990616284,False,0.5213239618741876,0.5209271562195155,0.9994612738572044,0.9149592685143692,-3.433762335585014,1.0,0.9999999999999448
2017-12-14,0.2635775452663094,0.2585103992239438,0.9851977527686396,3.942832446553769,0.8696171057551464,False,0.5007042485455574,0.4999338156598697,0.9983201921701192,0.9113318954936316,-3.4744879444625147,1.0,0.9999999999999779
2017-12-19,0.1228263612675979,0.1191826234142574,0.9833659658338046,4.517439937308583,0.8667061210007698,False,0.4704740175633206,0.4694737202802208,0.997123854063214,0.9077618335342026,-3.5579241038902003,1.0,0.9999999999999911
2017-12-22,0.0484877798544165,0.0450013799633689,0.964763054954678,4.781285131698504,0.8398301334314823,False,0.4367151185466083,0.4355159330548727,0.9945349901345312,0.902327297525985,-3.655792986114865,1.0,0.9999999999999964
2017-12-28,0.0355667853195171,0.0316516470446166,0.9687172160608888,4.997451348317235,0.8108439928331257,False,0.404623251888441,0.4032067901740522,0.99246956820864,0.8950086331505562,-3.7631256550910543,0.8959164386219766,0.991673315089755
2018-01-03,0.021079915355467,0.0185579253033792,0.9788901914311272,5.075609908653038,0.7840086236801793,False,0.3739397849658031,0.3724348809843983,0.9913832180664388,0.8861286323929262,-3.868124395376013,1.0,0.996669326035902
2018-01-08,0.0444031775805052,0.0373278616906283,0.9551687047551546,4.883110824303995,0.804052292312105,False,0.3475768563749793,0.3456263194408968,0.9884860570015362,0.8795625251864605,-3.949323309690252,1.0,0.9986677304143607
2018-01-11,0.0539573531151928,0.0458994377003703,0.9510167544851652,4.686209337982151,0.7843562656230236,False,0.3240872961141964,0.3216481689016546,0.9854885128002264,0.8719460244213856,-4.008274191953604,1.0,0.9994670921657443
2018-01-17,0.0465966941411665,0.0362170747321076,0.939030064845182,4.861081851697923,0.806721101416993,True,0.301888047956354,0.2988136813680909,0.9817718369638232,0.8667280305810342,-4.07649880473315,1.0,0.9997868368662977
2018-01-22,0.0532360092768316,0.0431998982268392,0.9435097881397808,4.67375269954848,0.8112377725362707,True,0.2819958848619923,0.2783645787167907,0.9787108730578996,0.8622888099374532,-4.124279116318377,0.8266695663555121,0.9859374552254349
2018-01-25,0.0320686090106784,0.0247626487505585,0.933702024400034,4.842278757528804,0.8129096202855484,True,0.2620017027938872,0.2580764243194922,0.9751101651652704,0.8583384747653008,-4.181719087615211,0.9006065330003851,0.9791109814474309
2018-01-30,0.1288345030230099,0.1121126947544827,0.9277012625364164,4.482176729865698,0.899941733252713,True,0.2513483268122169,0.2463993259542914,0.9713174529549622,0.8833004298577481,-4.20575569899525,0.7165812267688145,0.9581086010731417
2018-02-02,0.3816820963917571,0.3783750320329837,0.9927704394606346,3.892642058293184,0.9312970970562536,True,0.329548588559941,0.3255847496015068,0.9841892448583656,0.9120984301768512,-4.01788751457401,1.0,0.9832434404292567
2018-02-07,0.7619908796426184,0.7463783958809993,0.9767400865035925,3.1915698815298463,0.988274282776602,True,0.5890139632095475,0.5780609373692023,0.983593312189984,0.9578039417367016,-3.522096934747512,1.0,0.9932973761717027
2018-02-12,0.5839134770143691,0.5839134770143691,1.0,3.31401554881301,0.9881677055884892,True,0.5886059243139332,0.5815724611563023,0.9934373248759936,0.9760222000477742,-3.3972481031868105,1.0,0.997318950468681
2018-02-15,0.5651834608602007,0.5651834608602007,1.0,3.4796775483347555,0.9873081394849372,True,0.5867321272376347,0.5802613411326143,0.9973749299503974,0.982793763710072,-3.403842458798646,1.0,0.9989275801874724
2018-02-21,0.5842738243889534,0.5836247936762928,0.9990128505932544,3.4900499492595856,0.9883281761521856,False,0.5865354630097402,0.5822794126588214,0.9983576823361116,0.9861144111753402,-3.4107390580355217,1.0,0.999571032074989
2018-02-26,0.4624975744040827,0.4585013500013521,0.992619941113708,3.571049014234147,0.9872423796983008,False,0.5766124319212877,0.5723771676462238,0.9978986630383194,0.9867911922891166,-3.4235638545314115,1.0,0.9998284128299956
2018-03-01,0.4964609700336264,0.4964609700336264,1.0,3.4894989329198163,0.987458867655086,False,0.5702003149702749,0.5663038718372161,0.9991594652153276,0.987191797508698,-3.428838660802484,1.0,0.9999313651319982
2018-03-06,0.312417177654773,0.2951723402253536,0.9626273448449136,3.8650816299021615,0.9807509447536856,False,0.5495776639850347,0.5446133493082671,0.9962368955856948,0.9866765292882972,-3.463738098330458,1.0,0.9999725460527993
2018-03-09,0.2809717534606453,0.2758927988159657,0.98769963315698,3.724578108015337,0.967949445686969,False,0.5280891911430836,0.5231157052688831,0.9955539145913976,0.985178362600191,-3.484605299105249,1.0,0.9999890184211198
2018-03-14,0.4149413900445414,0.4011202725757603,0.9744212161856468,3.632066882754466,0.9670915746057076,False,0.5190373670552002,0.5133560706534332,0.9938632987189376,0.9837314195606324,-3.4964022257971865,1.0,0.999995607368448
2018-03-19,0.3864049200298471,0.3645922429680982,0.9586832587191232,3.594551322561796,0.9645911818667164,True,0.5084267712931719,0.5014549644386065,0.9910488955189524,0.9822002005451193,-3.504254153538356,1.0,0.9999982429473792
2018-03-22,0.4626890219927969,0.4445781233363399,0.9609376586352852,3.2585355616638894,0.970832314044875,True,0.504767751349142,0.4969048171504251,0.9886399965682592,0.9812907696250996,-3.3568229984136755,1.0,0.9999992971789516
2018-03-27,0.7993762904110827,0.7993762904110827,1.0,2.8829789158802352,0.9778045266285488,True,0.6815328747863064,0.6783877011068197,0.9954559986273036,0.9810118701853756,-3.0725165488936117,1.0,0.9999997188715807
2018-04-02,0.7289480881717258,0.7289480881717258,1.0,3.08742313204151,0.9733345929637484,True,0.7099820028175581,0.7087239333457633,0.9981823994509216,0.9803976880076456,-3.0737090755454437,1.0,0.9999998875486322
2018-04-05,0.7830562256617217,0.7830562256617217,1.0,3.054778605357851,0.9720156994515676,True,0.7538265365240562,0.7533233087353384,0.9992729597803686,0.9797271289231592,-3.062350793432888,1.0,0.9999999550194529
2018-04-10,0.9494994239339632,0.9494994239339632,1.0,2.938654502165804,0.9688635319470328,True,0.8712302689700004,0.8710289778545133,0.9997091839121476,0.9788580411650692,-2.988133018672637,1.0,0.9999999820077812
2018-04-13,1.020023173465392,1.020023173465392,1.0,2.890443993438022,0.9679692541255202,True,0.9605060116672354,0.9604254952210404,0.999883673564859,0.9779869382019052,-2.929519603531868,1.0,0.9999999928031125
2018-04-18,0.9728258558032082,0.9728258558032082,1.0,2.852592941783414,0.965925367728561,True,0.9678979181488192,0.9678657115703412,0.9999534694259437,0.9770220125640376,-2.883363606482796,1.0,0.999999997121245
2018-04-23,0.2919077774578514,0.2865400463865438,0.9843334558207112,3.7669669637087946,0.9417188300566378,True,0.9138187068935416,0.9133596583556374,0.998703868337525,0.9741977579634458,-2.954051875060876,1.0,0.999999998848498
2018-04-26,0.2724854611463874,0.270799626639451,0.9931111051476912,3.7802521695045614,0.9314186280829552,True,0.8625120472337694,0.8619548558183425,0.9982564472823384,0.9707754275730066,-3.020147898616371,1.0,0.9999999995393992
2018-05-01,0.2167555633430362,0.2094425821626361,0.9773875758069718,3.978222710619311,0.9059827693170548,True,0.8108515285225109,0.809753873925886,0.996586937564309,0.9655920149125304,-3.096793883576606,1.0,0.9999999998157597
2018-05-04,0.1172888316917017,0.1024160524058396,0.9327848677789464,4.3561520129160325,0.8773323404346801,True,0.7553665127760462,0.7531668482042824,0.99148277198148,0.9585312409543024,-3.19754253392376,0.8292063025634838,0.9863365040355777
2018-05-09,0.0808416933340848,0.0664664767860953,0.9201458362393208,4.44044974875423,0.8844469544337276,True,0.7014045272206894,0.6982308184908275,0.9857758171221074,0.9526044980326566,-3.296975111110198,0.8075697696967399,0.9720351652884707
2018-05-14,0.1341524894642335,0.1188040037770757,0.9289233592574526,4.288760630882308,0.8797365033362538,True,0.6560243642001728,0.6518766733137273,0.981227620492935,0.9467750584569444,-3.3763179526919678,0.7253645871797693,0.9523015190397746
2018-05-17,0.1113791740899552,0.1028234766546923,0.9588606915548742,4.465333929450464,0.8805759496232802,True,0.6124527489913555,0.6079524175810046,0.9794382661778902,0.9414791297502512,-3.463439230832648,0.8376971484347618,0.9431331693913736
2018-05-22,0.1078543706581925,0.1011178750273816,0.956685162316351,4.35086266577763,0.8591121782899264,True,0.5720848787247025,0.5674056541767147,0.9776180178689672,0.9348897736334252,-3.5344331056282465,0.9293906262293962,0.9420337659384155
2018-05-25,0.121924389092192,0.121924389092192,1.0,4.144661978738722,0.8630016247530545,True,0.5360720395541017,0.5317671529699529,0.9910472071475868,0.9291387217229956,-3.583251415477085,1.0,0.9768135063753662
2018-05-31,0.5522306062938502,0.5522306062938502,1.0,2.744030522002151,0.954388584649606,True,0.5457671795979508,0.5440452249642913,0.9964188828590348,0.9442886394789618,-3.079718879392124,1.0,0.9907254025501465
2018-06-05,0.6664265775542336,0.6664265775542336,1.0,2.556100118238163,0.9606520801178882,True,0.6181628183717205,0.6174740365182567,0.998567553143614,0.9541067038623176,-2.7655476226997475,1.0,0.9962901610200586
2018-06-08,0.570137644537843,0.570137644537843,1.0,2.4639787829499307,0.9630594528315872,True,0.6143208044650104,0.6136871251598237,0.9994270212574456,0.9594783532438792,-2.5846063188498576,1.0,0.9985160644080234
2018-06-13,0.6390429810510334,0.6390429810510334,1.0,2.358477573199284,0.9714283235827542,True,0.6291541104166242,0.6289006386945495,0.9997708085029782,0.9666483354472044,-2.448929071459513,1.0,0.9994064257632094
2018-06-18,0.6487684872218952,0.6487684872218952,1.0,2.33083293079996,0.9718480600537824,True,0.6409227364997867,0.6408213478109569,0.9999083234011912,0.9697681702111512,-2.3780713870637813,1.0,0.9997625703052837
2018-06-21,0.8497357318027151,0.8497357318027151,1.0,2.195009437903345,0.978862923291281,True,0.7662105336815437,0.7661699782060118,0.9999633293604764,0.9752250220592292,-2.268234217567519,1.0,0.9999050281221135
2018-06-26,0.6295609056338376,0.6276050883323042,0.9966874325312954,3.034821481670096,0.95831554542236,True,0.7552785634377271,0.7550847870161153,0.999701257614142,0.9738722639282796,-2.3295611986957256,1.0,0.9999620112488454
2018-06-29,1.011944288670923,1.011944288670923,1.0,2.8225410656674006,0.9645241746332064,True,0.9092779985776444,0.9092004880089998,0.9998805030456568,0.973124416784674,-2.36899958805346,1.0,0.9999848044995382
2018-07-05,0.5640218446156354,0.5610055321387382,0.9948166731032,3.316348230205665,0.971045069832946,True,0.8816575062606837,0.8813448915393789,0.9994753966502604,0.9729580690285357,-2.444787479425636,1.0,0.9999939217998153
2018-07-10,0.6094085462082349,0.6092951887243704,0.999800532819952,3.0825727593890435,0.970210898030919,True,0.8598775894564878,0.8595809153141782,0.9996704783520752,0.9727382953487264,-2.4958103018227087,1.0,0.9999975687199261
2018-07-13,0.5848605510428916,0.5834426028877986,0.9974572508560976,3.1509891867198387,0.970071784076006,True,0.8378762263834002,0.837489850320068,0.9994934201523972,0.9725249744469088,-2.548224612614479,1.0,0.9999990274879704
2018-07-18,0.5833607014367994,0.5830107516130887,0.999421931965916,3.268799062785911,0.962958555805886,True,0.8175149843876722,0.8171315224235096,0.9994877010974788,0.9717596609556268,-2.6058705686281933,1.0,0.9999996109951882
2018-07-23,0.3438034159655253,0.3300473184950988,0.9655189377042708,3.5697865053502214,0.9594190697544284,True,0.7796180589139005,0.7781647861092368,0.9967702000260222,0.9707724136595312,-2.6829838435659554,1.0,0.9999998443980753
2018-07-26,0.2979761249705902,0.287056536347616,0.9699001763311228,3.717916960855372,0.9544946392962492,True,0.7410867041984357,0.7388761261283071,0.9946205981304304,0.9694701917104688,-2.7657784929491087,0.9413547522698006,0.9953082370278133
2018-07-31,0.4406281627267372,0.413087888200693,0.9508287066653244,3.641658354995052,0.9503249458810792,True,0.7170500208806999,0.712813067094098,0.991117246813222,0.9679385720441176,-2.8358488819127845,1.0,0.9981232948111254
2018-08-03,0.4699993745513454,0.4468444677532055,0.9584775430734556,3.501170452463703,0.9410942295795436,True,0.6972859691743516,0.6915355791468266,0.9885060705140408,0.9657910246469515,-2.889074607556858,0.828672711730422,0.9845672481646691
2018-08-08,0.1221130412938404,0.1150389191747357,0.9618848840722792,3.896337614928042,0.92183891901901,True,0.6512721349439108,0.6454158463490594,0.9863763755986998,0.9622748561967164,-2.969655648146553,0.847360401950022,0.9735907004674974
2018-08-13,0.4438076780135802,0.4337160131247566,0.978438036812218,3.360430252647646,0.955627966228759,True,0.6346749783894844,0.6284798596911151,0.9857413084957812,0.9617431049992796,-3.00091761650664,1.0,0.9894362801869989
2018-08-16,0.5580964544687848,0.5455644766711573,0.9771485551727482,3.255830214493661,0.9635683102077724,True,0.6285486964758285,0.6218466290495185,0.9850538882299388,0.9628382281243754,-3.021310624345602,1.0,0.9957745120747996
2018-08-21,0.671548992520414,0.6580838248211054,0.9790624535125464,3.1750926711277447,0.9644831814751892,True,0.6543488741025798,0.6435889465124707,0.9845745734525474,0.9638252001348636,-3.0336131880881734,1.0,0.9983098048299198
2018-08-24,0.795042891123392,0.7887679367403087,0.9918597188604292,3.0990673011848857,0.9659933432976008,True,0.7387652843150672,0.7306963406491734,0.9889456606972764,0.965126086032506,-3.0388495171359104,1.0,0.999323921931968
2018-08-29,0.9294660502157364,0.9294660502157364,1.0,2.932231941068096,0.961295880597339,True,0.8531857438554687,0.8499581663891113,0.9955782642789106,0.9648196695976926,-2.974878971495222,1.0,0.9997295687727872
2018-09-04,1.0112022941856813,1.0086854387374018,0.9967361984921702,2.749057504173209,0.9607889419461793,True,0.9479956740535964,0.9451945297980856,0.9962730248068664,0.9644972113855717,-2.839386091102014,1.0,0.9998918275091149
2018-09-07,0.7726684799608935,0.7631208186892267,0.9845136572064666,2.9607787187710595,0.95703812440077,True,0.93396949852618,0.9306286329093768,0.9953322753988344,0.9639004844267876,-2.849097501315538,1.0,0.9999567310036459
2018-09-12,0.4868369654817502,0.4842095726073622,0.9942725599654498,3.614532599287252,0.9162088832036512,True,0.8981988958826257,0.8949151080852157,0.9952474981641636,0.9600851563289368,-2.910332309153276,1.0,0.9999826924014583
2018-09-17,0.4334816319697536,0.4334816319697536,1.0,3.753459053335794,0.8910141616570691,True,0.861021514769596,0.8580004299959788,0.9980989992656656,0.9545594767551872,-2.977782448687877,1.0,0.9999930769605834
2018-09-20,0.4116702880982811,0.4031044247305129,0.9798174565190898,3.615260971395304,0.8928017213835373,True,0.8250734166358908,0.8216087495747416,0.9966364758459396,0.9496188563254552,-3.0287807305044714,1.0,0.9999972307842333
2018-09-25,0.4623603824056473,0.4508252282207955,0.9738579622711958,3.533334850116093,0.9136112136060056,True,0.7960563738974714,0.791946067866426,0.99481419475996,0.9467382449078994,-3.069145060073401,1.0,0.9999988923136933
2018-09-28,0.2722887450525419,0.2582979189793072,0.959567093232517,4.126218905999416,0.8798600632898242,True,0.7541549635898771,0.7492542159554565,0.9919944266377648,0.9413879903784532,-3.153710967747483,0.9413547522698004,0.9953073611101819
2018-10-03,0.1691874428692533,0.1592502401684879,0.9559184124440884,4.135586575960021,0.8577238278878822,True,0.7073575619322272,0.7020538978924991,0.9891083455022708,0.9346948573792077,-3.232261016404486,1.0,0.9981229444440728
2018-10-08,0.4980928578910347,0.4889770855259815,0.9803488331113788,3.295346061642007,0.9261430954008516,True,0.6906163856089318,0.6850077529031776,0.9884075845109994,0.9340107164209392,-3.237307820023488,1.0,0.9992491777776291
2018-10-11,0.7713617639783237,0.7713617639783237,1.0,2.9303202365110206,0.9683383005615364,True,0.739063612630567,0.7368201595482653,0.9953630338043996,0.9546072669052976,-3.053115269916008,1.0,0.9996996711110516
2018-10-16,0.5606689541588895,0.5606689541588895,1.0,3.125095669220804,0.9746576970259806,True,0.7247920399528328,0.7227280631171152,0.99814521352176,0.9666375249777074,-3.0588737018603918,1.0,0.9998798684444207
2018-10-19,0.7090059903476285,0.7090059903476285,1.0,2.8384168500661526,0.9758324770051148,True,0.7235291559844166,0.7216302972955564,0.999258085408704,0.9721544961941516,-2.926599590783848,1.0,0.9999519473777683
2018-10-24,0.7787465375247448,0.7787465375247448,1.0,2.7942909290044264,0.980876140125729,True,0.7566595849086135,0.7559000414330694,0.9997032341634816,0.9773874825530982,-2.847214393716195,1.0,0.9999807789511073
2018-10-29,0.7584317410369135,0.7584317410369135,1.0,2.9225878464962487,0.9791612867584372,True,0.7577228785855935,0.7574190611953759,0.9998812936653928,0.9784517650763016,-2.8532442699386,1.0,0.9999923115804429
2018-11-01,0.5241555656535011,0.5070876584516555,0.9679147465981778,3.1289220651787093,0.9754823699294536,True,0.7390374935510262,0.7373925489758784,0.9973239699000156,0.9782142134645538,-2.8752984935578083,0.9098736861866108,0.9927828215489363
2018-11-06,0.5580295251631221,0.538848804713642,0.9633444445262636,3.233481723765793,0.9674335264201176,True,0.7245568560799939,0.7215090494348995,0.9946056078701156,0.977351758500999,-2.903953151974447,0.8355806160031075,0.98020664510527
2018-11-09,0.586824500794377,0.5622205973139801,0.9557106567086656,3.383459802251849,0.951637402084285,True,0.7135382676571446,0.708765973265226,0.9914940117771996,0.975294609987662,-2.942313683996639,0.8587995358844065,0.970494076367601
2018-11-14,0.5884075376650949,0.5657283433381096,0.9596250086379028,3.40187281043723,0.9427500782196993,True,0.7035278092577806,0.6973229628710567,0.988944491526056,0.9726910474462248,-2.979078414111886,0.7857532915345895,0.9557148135809601
2018-11-19,0.3155294333274774,0.3046179717183669,0.9691225906392044,3.814135302673028,0.9342579525601288,True,0.6724879391833564,0.6659065635788415,0.9873587394551078,0.9696163998553372,-3.0458829651967774,0.8587995358844065,0.9479615913652358
2018-11-23,0.4763994569149244,0.4587701872606231,0.9620700306560402,3.631743887730629,0.9166645687092024,True,0.6568008606018819,0.6493356534733841,0.9853356427511824,0.9653802533636464,-3.0927518389994857,0.8587995358844066,0.9408286269267695
2018-11-28,0.4470057012135778,0.4275589138696098,0.9543978993622064,3.5914429454515244,0.913521441978856,True,0.6400172478508176,0.6315935143050821,0.9828606232800644,0.9612315484528632,-3.1326471275156487,0.7589413639973164,0.9262776458924132
2018-12-03,0.4421191865989413,0.4421191865989413,1.0,3.5077777627144826,0.9452830641890062,True,0.6241854029506675,0.6164355680885909,0.9931442493120256,0.9599556697117548,-3.162657578331556,1.0,0.9705110583569653
2018-12-07,0.289387184524588,0.288612771294497,0.997498033063662,3.627892523992505,0.9658511629006206,True,0.5974015454765812,0.5902097443450635,0.9957565195630074,0.9634929656250744,-3.199876373984432,1.0,0.9882044233427861
2018-12-12,0.3664318199388904,0.3664318199388904,1.0,3.522145617881408,0.9606758618043882,True,0.578923967433566,0.5723075103925697,0.998302607825203,0.9632675973194196,-3.22565791349619,1.0,0.9952817693371144
2018-12-17,0.5150761283171995,0.5150761283171995,1.0,3.307104529136545,0.9598314593810644,True,0.5738161403042566,0.56772899982654,0.9993210431300812,0.9629927062843512,-3.2321736427474184,1.0,0.9981127077348457
2018-12-20,0.5174410582181673,0.5174410582181673,1.0,3.578668184879092,0.9584874282863282,True,0.5693061337373695,0.5637059644978701,0.9997284172520324,0.9626322840445096,-3.2598932061179524,1.0,0.9992450830939383
2018-12-26,0.3473424286924492,0.3473424286924492,1.0,3.62975963921474,0.9599569051296438,True,0.5515490373337758,0.5463968816334365,0.9998913669008128,0.9624182537313204,-3.2894825207656955,1.0,0.9996980332375753
2018-12-31,0.2549798624957363,0.2549798624957363,1.0,3.8472491515133567,0.9558750209959278,True,0.5278235033467327,0.5230835201024205,0.9999565467603252,0.9618947951124888,-3.334103851225508,1.0,0.9998792132950302
2019-01-04,0.3017208526269243,0.3017208526269243,1.0,3.6713418709334538,0.9560498658375154,False,0.509735291289148,0.5053745067043809,0.99998261870413,0.9614272007704908,-3.361082892802144,1.0,0.999951685318012
2019-01-09,0.3599563911195912,0.3599563911195912,1.0,3.5517112336099737,0.9423505123438136,False,0.4977529792755834,0.4937410574575977,0.999993047481652,0.9599010656963568,-3.3763331600667703,1.0,0.9999806741272048
2019-01-14,0.3669611605711314,0.3669611605711314,1.0,3.719282085901648,0.9437586333479472,False,0.4872896337792273,0.4835986657066804,0.9999972189926608,0.9586096711084842,-3.4037690741335607,1.0,0.999992269650882
2019-01-17,0.3532485847740075,0.3532485847740075,1.0,3.686447015367064,0.942709124855313,False,0.4765663498588097,0.4731706592320666,0.9999988875970643,0.9573376274082306,-3.4263833094322407,1.0,0.9999969078603528
2019-01-23,0.3731813719543126,0.367283863814601,0.9849014305370856,3.533854917718768,0.9343140542035888,False,0.46829555162645,0.4646997155986694,0.998791091032266,0.9554957415518592,-3.434981038095163,1.0,0.9999987631441412
2019-01-28,0.4753628512969016,0.4646474664753777,0.9742385715748167,3.2776191612783334,0.9379446577692716,False,0.4725359314287209,0.4646955356688061,0.9968268894756702,0.9540916548492524,-3.3405639120050656,1.0,0.9999995052576565
2019-01-31,0.5822526997406433,0.5715303051410776,0.979732020205996,3.146278274329041,0.9354453164502452,False,0.5383659924158744,0.528796397352169,0.9954592999340964,0.9525999477773318,-3.2239925293994505,1.0,0.9999998021030626
2019-02-05,0.1713834051622429,0.1617598761610099,0.9625569737539496,4.279811770104782,0.8907037674286505,False,0.5090073854355839,0.4994334756568763,0.9928271138396848,0.9476482533494374,-3.308458068655877,1.0,0.999999920841225
2019-02-08,0.3618355712370827,0.3618355712370827,1.0,3.607598481899192,0.919432773678102,False,0.4972336402997038,0.4884256433032928,0.9971308455358738,0.9453910149757304,-3.3323893017153425,1.0,0.99999996833649
2019-02-13,0.3774747263835104,0.3774747263835104,1.0,3.5125319126067787,0.927866124505036,False,0.4876529271864083,0.4795495699497102,0.9988523382143496,0.943989023738075,-3.346800710586658,1.0,0.9999999873345959
2019-02-19,0.3732572730049076,0.3690238250185271,0.9903739259277764,3.6318514154771777,0.9256499778291764,False,0.4785012748518882,0.4707075103552156,0.9981740652314236,0.9425219000653632,-3.3696047669779,1.0,0.9999999949338384
2019-02-22,0.3077120051345328,0.3019411067927731,0.985530940116938,3.7783228432184575,0.9103803569046108,False,0.4648381332744998,0.4572061980702202,0.9971626152222648,0.939950576612503,-3.4023022130771445,1.0,0.9999999979735353
2019-02-27,0.2072606696796091,0.2009807209250401,0.9816001196771568,4.146124680236017,0.8747999346449583,False,0.4442319361869086,0.4367081598986058,0.9959176155786562,0.9347385252550996,-3.4618080104498548,1.0,0.9999999991894142
2019-03-04,0.1930815565202452,0.1930815565202452,1.0,4.150285045199908,0.8718518472634422,False,0.4241399058135755,0.417218031628337,0.9983670462314624,0.9297075910157668,-3.5168861732298597,1.0,0.9999999996757657
2019-03-07,0.2938416786341579,0.2889032205231069,0.985937427620282,3.660277117719609,0.8831822405488436,False,0.4137160476392221,0.4069528467399186,0.997372676742568,0.9259855629784132,-3.5283574487890395,1.0,0.9999999998703063
2019-03-12,0.3951991035730574,0.3951991035730574,1.0,3.556662171472988,0.8881086126295487,False,0.412234692113929,0.4060125472865697,0.9989490706970272,0.922955406950504,-3.5306218266037552,1.0,0.9999999999481225
2019-03-15,0.2286871797662591,0.2286871797662591,1.0,3.9983322808754074,0.8560560078872163,False,0.3975508911261154,0.3918265178849449,0.9995796282788108,0.917603455025441,-3.5680386629454874,1.0,0.999999999979249
2019-03-20,0.2376126344115659,0.2312754439786735,0.98081119020991,3.834947489500385,0.8564019410753093,False,0.3847558305889514,0.3789824319724432,0.9980781532332988,0.9127073339094304,-3.5893913690698795,1.0,0.9999999999916996
2019-03-25,0.6387174546139289,0.6310097175428299,0.9868465772761044,3.028211573730568,0.9339907886045185,False,0.5371328050039379,0.5301988033146752,0.9971796271567234,0.9254774067264832,-3.252683491866293,1.0,0.9999999999966799
2019-03-28,0.6138437559776903,0.6128725430258765,0.998282495303179,3.064533537271683,0.947182285759909,False,0.5831593755881893,0.579803047141396,0.9978413480445968,0.9385003341465388,-3.139793519109527,1.0,0.999999999998672
2019-04-02,0.6299504965508423,0.6227483658532726,0.9861114270778348,2.8177258075285527,0.9542862442025092,False,0.6112340481657812,0.605570238368522,0.9969029543672558,0.9479718801801212,-2.9465528921609425,1.0,0.9999999999994688
2019-04-05,0.5999515975277739,0.5906161034954233,0.9819790894001716,2.918226704522,0.9553764549013308,False,0.6103314521147407,0.604373907578674,0.9957090451698892,0.9524146250128468,-2.9295571795775768,1.0,0.9999999999997875
2019-04-10,0.540524016761927,0.5313367348887399,0.9814092752618296,3.048973088113942,0.9501561251255508,False,0.6047468572865157,0.5985309337634793,0.9945650635772444,0.9522339450218632,-2.9391104522604863,1.0,0.999999999999915
2019-04-15,0.4155054891827962,0.4114361280070348,0.989572803558502,3.204654137985852,0.9466550615621312,False,0.5896075478382181,0.5835633493029638,0.994165682775745,0.9517876343450846,-2.960353947118516,1.0,0.999999999999966
2019-04-18,0.5856365689155568,0.5809046588108695,0.9908973422004016,3.0669596848988894,0.9525002894388872,False,0.5892898695244052,0.5833506540635963,0.9939042155297176,0.9522152274013662,-2.9688824061409456,1.0,0.9999999999999865
2019-04-24,0.460053462474872,0.4570588194815286,0.9934616783160224,3.5464116556584777,0.9083480736477922,False,0.5789509569604425,0.573247307297031,0.993868812552622,0.9487058551010804,-3.015084746102348,1.0,0.9999999999999946
2019-04-29,0.4997543402899778,0.4997064846933273,0.9999068024096786,3.3697399402881363,0.912762937695251,False,0.5726152276268054,0.5673640414887346,0.997491606466856,0.945830421708614,-3.0434571616372117,1.0,0.9999999999999978
2019-05-02,0.1704410364956988,0.1676365699878045,0.9901929556440632,4.3133927834446375,0.8887040881523862,False,0.5404412923363169,0.5353858437686603,0.9969077144010328,0.941260315024116,-3.145052011381805,1.0,0.9999999999999991
2019-05-07,0.6030834625696289,0.5968250898316958,0.9889585433309334,3.1262202801897665,0.9596486488592624,False,0.5780265944763041,0.5722493914064816,0.9962717807154248,0.9522933153252038,-3.1337529726665823,1.0,0.9999999999999997
2019-05-10,0.6561225125538337,0.6484847294205517,0.986338640408676,2.952308233073618,0.9658003814495096,False,0.6248841453228218,0.6179905942149236,0.995477129490885,0.9603975549997872,-3.024886128910804,1.0,0.9999999999999999
2019-05-15,0.4717936932428149,0.4647472613115989,0.9829570418200848,3.1734535532886583,0.9642757301100212,False,0.6126369091564213,0.6057311275826577,0.9944755224772208,0.9627244600659276,-3.036771522861032,1.0,1.0
2019-05-20,0.590320649287375,0.5768218621709301,0.972951788316862,2.9901585104851627,0.9711962511560362,False,0.6108516083668977,0.6034183863497194,0.9927536237443924,0.9678075347199928,-3.0088037154355103,0.9098736861866105,0.9927898948949289
2019-05-23,0.9704507206378324,0.9704507206378324,1.0,2.682617854015579,0.975632296875044,False,0.8266110757294586,0.8236377869225873,0.9971014494977568,0.9725023920130236,-2.8130921985835515,1.0,0.9971159579579716
2019-05-29,0.7952455540420992,0.7952455540420992,1.0,2.8106172226223487,0.9771652477637488,False,0.8241018339944699,0.8213664082921482,0.9988405797991028,0.9753001054634588,-2.81160721300683,1.0,0.9988463831831886
2019-06-03,0.6650227362208687,0.6650227362208687,1.0,3.034009223433167,0.9722230678830436,False,0.8113755061725818,0.8088589145264459,0.9995362319196412,0.9750539424570256,-2.829399373840937,1.0,0.9995385532732755
2019-06-06,0.6208283057654568,0.6208283057654568,1.0,2.9396657631145486,0.9613169003266978,False,0.7961317301400118,0.7938164658255668,0.9998144927678564,0.9739549790865992,-2.8382206849828258,1.0,0.9998154213093102
2019-06-11,0.4617122090062269,0.4617122090062269,1.0,2.931647727853055,0.9463940623863356,False,0.7693781684493091,0.7672481252800195,0.9999257971071426,0.9717501057505782,-2.845694848412444,1.0,0.9999261685237241
2019-06-14,0.4673728801449183,0.4673728801449183,1.0,2.792037242251637,0.947911251122668,False,0.7452177453849579,0.7432581056692115,0.999970318842857,0.9698429973803454,-2.81350028471596,1.0,0.9999704674094896
2019-06-19,0.4552388623046171,0.4552388623046171,1.0,2.933772252094512,0.9384409874959432,False,0.7220194347385307,0.7202165662000439,0.9999881275371428,0.9673308365895932,-2.8231220421062444,1.0,0.9999881869637959
2019-06-24,0.3567355760071816,0.3567355760071816,1.0,3.552957438884843,0.9046524982707064,False,0.6927967260400228,0.691138086984615,0.9999952510148572,0.9623165695240824,-2.8815088738485324,1.0,0.9999952747855183
2019-06-27,0.414556992581231,0.414556992581231,1.0,3.5653854044389264,0.8936894385120404,False,0.6705375473633195,0.6690115994323442,0.9999981004059428,0.9568263990431192,-2.936218996295764,1.0,0.9999981099142073
2019-07-02,0.2303940297080442,0.2174773930002504,0.9631831328810142,4.002210928436256,0.8337938222149432,False,0.6353260659508976,0.6328888629177768,0.9970529030039486,0.9469837928968652,-3.0214983508670032,1.0,0.999999243965683
2019-07-08,0.327164647011713,0.3021453282785893,0.9443051294444692,3.835989602512816,0.8380522492771616,False,0.6106731524357628,0.6064293801466418,0.9928330811191904,0.9382692694072888,-3.0866576509986685,1.0,0.9999996975862732
2019-07-11,0.2117361656295829,0.1791036480580042,0.915659657987922,4.324959934261183,0.8135099687217486,False,0.5787581934912684,0.5722433215795508,0.9866592072686888,0.9282885253524455,-3.18572183365967,0.6907133980004149,0.9752567936194045
2019-07-16,0.1905200256521682,0.1559313116923308,0.90686422326358,4.351847655113856,0.8277054144172545,False,0.5476991400641406,0.5389383607885733,0.9802756085482802,0.9202418764776304,-3.2790118993760053,0.6722300372303435,0.9510146531082797
2019-07-19,0.526350103196058,0.526350103196058,1.0,3.3591609361467043,0.8980285248583891,False,0.5459912171146939,0.5379313001811721,0.992110243419312,0.9184648083480912,-3.2854238223176613,1.0,0.9804058612433119
2019-07-24,0.4730746979017657,0.4730746979017657,1.0,3.422737537271721,0.8730585703535125,False,0.5401578955776596,0.5327427719988196,0.9968440973677248,0.9148323093085248,-3.296408919513986,1.0,0.9921623444973248
2019-07-29,0.4487241778990541,0.4487241778990541,1.0,3.356813362383434,0.8890089340139097,False,0.5328431981633711,0.5260212844708384,0.99873763894709,0.9127664392849556,-3.301241274943542,1.0,0.9968649377989299
2019-08-01,0.6799747904986543,0.6799747904986543,1.0,3.219459350722494,0.8889899007859231,True,0.621122153564541,0.6183933880875279,0.999495055578836,0.9108643162050332,-3.252172120410913,1.0,0.998745975119572
2019-08-06,0.9140881418318704,0.9140881418318704,1.0,2.7748425334072166,0.9500340116124216,True,0.7969017465249387,0.7958102403341334,0.9997980222315344,0.9343661334494662,-2.965774368208695,1.0,0.9994983900478288
2019-08-09,0.9849479381338728,0.9849479381338728,1.0,2.7015323877382413,0.9581375608327192,True,0.9097294614902992,0.909292859013977,0.9999192088926138,0.948628989879418,-2.807229179926422,1.0,0.9997993560191315
2019-08-14,0.965273000902472,0.965273000902472,1.0,2.759209279713575,0.9620095641180972,True,0.9430555851376028,0.942880944147074,0.9999676835570456,0.9566573344226256,-2.7784172397987144,1.0,0.9999197424076526
2019-08-19,1.0544141894192405,1.0544141894192405,1.0,2.6208941760660305,0.9737285326112118,True,1.0098707477065854,1.0098008913103738,0.9999870734228182,0.9669000533357772,-2.683903401559104,1.0,0.999967896963061
2019-08-22,0.9414991941748798,0.9414991941748798,1.0,2.5485209672805067,0.9749007247737932,True,1.004401023424049,1.0043367555395342,0.9999948293691272,0.9717004561985868,-2.602673940991945,1.0,0.9999871587852244
2019-08-27,0.7881502713032841,0.7881502713032841,1.0,2.614066532545903,0.9757658961904206,True,0.987100963254388,0.9870418368006342,0.999997931747651,0.9741397201936872,-2.6035853483162623,1.0,0.9999948635140897
2019-08-30,1.1529891882812944,1.1529891882812944,1.0,2.4468670077921137,0.9780377710294236,True,1.0866338982705317,1.0866102476890305,0.9999991726990604,0.976478550695129,-2.5095543440017734,1.0,0.9999979454056359
2019-09-05,0.3194190724754851,0.3194190724754851,1.0,2.5121965871539125,0.9662829972877144,True,1.025256712206928,1.0252349536719467,0.999999669079624,0.975662906422536,-2.509765723453945,1.0,0.9999991781622544
2019-09-10,0.2982708226857995,0.2982708226857995,1.0,2.685030212762036,0.9562515991755768,True,0.9670978410452378,0.9670778231930548,0.9999998676318496,0.9741100018427792,-2.523786882598592,1.0,0.9999996712649017
2019-09-13,0.2279636426770293,0.2279636426770293,1.0,3.223151103707397,0.92319836670855,True,0.907967105175781,0.9079486887517728,0.99999994705274,0.970037071032041,-2.5797360202872968,1.0,0.9999998685059607
2019-09-18,0.3160844013732815,0.3160844013732815,1.0,3.413762686540104,0.9230868765543028,True,0.8606164888715812,0.8605995457614936,0.999999978821096,0.966281055473822,-2.646458153587522,1.0,0.9999999474023843
2019-09-23,0.1873362810037468,0.1873362810037468,1.0,3.6557130570580063,0.9035295649573316,True,0.8067540722421545,0.8067384845808738,0.9999999915284384,0.9612609362325027,-2.7271985458651606,1.0,0.9999999789609537
2019-09-26,0.3506984507226864,0.3506984507226864,1.0,3.628444296090133,0.908243519637758,True,0.770269622520597,0.7702552818722188,0.9999999966113752,0.9570195429049232,-2.7992982058831584,1.0,0.9999999915843815
2019-10-01,0.38268482599246,0.38268482599246,1.0,3.570107679827008,0.9196548332705404,False,0.7392628387983462,0.7392496454018381,0.99999999864455,0.9540303661341728,-2.8609629637986664,1.0,0.9999999966337526
2019-10-04,0.2421412127928586,0.2421412127928586,1.0,3.767778066353384,0.8968142347032252,False,0.6994931087179072,0.6994809707931198,0.99999999945782,0.9494530756196968,-2.933508172003044,1.0,0.9999999986535011
2019-10-09,0.2536256940127108,0.2536256940127108,1.0,3.692684901872105,0.9058217006418504,False,0.6638237155414914,0.6638125486506871,0.999999999783128,0.9459625656214692,-2.9942423103925693,1.0,0.9999999994614004
2019-10-14,0.4529505763933744,0.4529505763933744,1.0,3.463962900268746,0.920331302558711,False,0.6469538644096421,0.646943590870102,0.9999999999132512,0.9439120645764484,-3.0318199575826634,1.0,0.9999999997845601
2019-10-17,0.3329690836608157,0.3329690836608157,1.0,3.699305807278004,0.8888900495514164,False,0.621835081949736,0.6218256302933591,0.9999999999653004,0.939510303374446,-3.085218825558291,1.0,0.999999999913824
2019-10-22,0.2904900108521689,0.2904900108521689,1.0,3.579568815235921,0.8821459646907472,False,0.5953274762619307,0.595318780738064,0.9999999999861202,0.93492115627975,-3.1247668247325016,1.0,0.9999999999655296
2019-10-25,0.3473514797576675,0.3473514797576675,1.0,3.420060039707965,0.8816102907909006,False,0.5754893965415897,0.5754813966596324,0.999999999994448,0.9306562870406422,-3.148390281930539,1.0,0.9999999999862118
2019-10-30,0.1659726610832021,0.162439232319644,0.9841686010853858,3.983536344079421,0.8435870587890829,False,0.5427280577049187,0.5424380235124334,0.9987334880817232,0.9236907487805176,-3.2152019669024496,1.0,0.9999999999944847
2019-11-04,0.25921838852168,0.2552716785011709,0.9861235501796204,3.658533844645523,0.8873725648194809,False,0.5200472841702597,0.5194647159115324,0.9977246930495552,0.9207852940636344,-3.250668517121896,1.0,0.9999999999977939
2019-11-07,0.1508853103304849,0.1370088317080593,0.941836349321574,4.084552060788155,0.8788658171138917,False,0.4905143262630777,0.4888682451752546,0.9932536255513168,0.9174317359076553,-3.3173792006151963,1.0,0.9999999999991176
2019-11-12,0.1043061536021734,0.0873560233552265,0.8979987680793491,3.9462266563472057,0.8789231435068404,False,0.4596176724502054,0.4567472674296524,0.9856332369535592,0.91435104851559,-3.3676869970737573,1.0,0.9999999999996471
2019-11-15,0.3359551356295603,0.3359551356295603,1.0,3.463721349233749,0.8558070608492699,False,0.4497246695045538,0.447083896885645,0.9942532947814238,0.9096675295022844,-3.375369745246557,1.0,0.9999999999998588
2019-11-20,0.3664498203884261,0.3661605369041174,0.9993624082560418,3.539292854393903,0.8663608462510781,False,0.4430626815752636,0.4406100280871228,0.9973187628661946,0.906202994842188,-3.388483593978345,1.0,0.9999999999999435
2019-11-25,0.1840332803919914,0.1812655355221379,0.988608706341103,3.749197628905889,0.8544627062941899,False,0.4223403294806019,0.419862468681924,0.9966219583441872,0.9020637717583482,-3.4173407167725487,1.0,0.9999999999999774
2019-11-29,0.1725329855531122,0.1697111835071488,0.988951075806514,3.697681964192176,0.8922875639663423,False,0.4023557419664028,0.399850365867942,0.9960082877411736,0.9012816751349876,-3.439768016566119,1.0,0.9999999999999909
2019-12-04,0.2615561232734602,0.2572889047354133,0.985244594553632,3.557091822065636,0.9040826455623118,False,0.3910917724709674,0.3884454489773397,0.9951471922861702,0.902962257391382,-3.44915392100608,1.0,0.9999999999999963
2019-12-09,0.2683173099659193,0.26512169463903,0.989994109228552,3.623307303815618,0.9132194332996812,False,0.3812698154705636,0.3785795486302749,0.9947349456415608,0.9091165629363616,-3.463086191630844,1.0,0.9999999999999986
2019-12-12,0.3709944960018183,0.3709944960018183,1.0,3.5421101748220565,0.906595302614722,False,0.380447789913064,0.3779727444199984,0.9978939782566244,0.9089148621106304,-3.4694081102861407,1.0,0.9999999999999994
2019-12-17,0.2724647064079257,0.2724647064079257,1.0,3.719551515347795,0.8984352857012582,False,0.3718091432326529,0.3695321013790326,0.9991575913026496,0.9080764959978808,-3.489419582691073,1.0,0.9999999999999998
2019-12-20,0.2006535571146635,0.2000505345275794,0.9982346497588808,3.939895622172412,0.8964361098337811,False,0.3581166963432138,0.3559735760309164,0.9990837559791482,0.9071452651047528,-3.5254576658495806,1.0,0.9999999999999999
2019-12-26,0.08277757566516,0.0796339053906756,0.9844070350040676,4.391425922677541,0.9346440306959756,False,0.3360895666889695,0.3338664023796971,0.9979096183011418,0.9236445244594864,-3.5947351263958174,1.0,1.0
2019-12-31,0.0675461167232004,0.0629268160835369,0.9726296810499632,4.228050627070313,0.9662322843901427,False,0.314606090691708,0.3121912354760043,0.9958872233210476,0.9491971804178804,-3.645400366449777,1.0,1.0
2020-01-06,0.0348223565096533,0.0288510053949252,0.9433262423151209,4.413668789128405,0.96220850733585,False,0.2922233919571436,0.289524017069518,0.9916823448405734,0.957003976568662,-3.706861840264068,0.7237608613444011,0.9779008689075521
2020-01-09,0.0376445919494122,0.034034409552533,0.969695858100314,4.372700207787422,0.9648993058638796,False,0.2718570879565251,0.2690848484681592,0.9899234259013526,0.9617411741457924,-3.760128909665936,0.8051304293655047,0.9640792337441884
2020-01-14,0.0423484104390588,0.0382136638560537,0.9722602098133593,4.547136055773407,0.96991486065101,False,0.2534963937551278,0.2506151536991908,0.9885103686143132,0.966645386048923,-3.8230894813545344,1.0,0.9856316934976753
2020-01-17,0.0654435442673586,0.0595920033626483,0.962556603380458,4.359955284517514,0.971900989905029,False,0.2384521657961063,0.2353333016722674,0.9864340673956048,0.9697987483625868,-3.866038745607573,1.0,0.9942526773990701
2020-01-23,0.1173574372118901,0.1170405549612068,0.9986248198583813,4.049876250893464,0.9709418636078098,False,0.228764587509369,0.2258698819353825,0.9937485188732706,0.9704846175097206,-3.8807457460304446,1.0,0.997701070959628
2020-01-28,0.6838019438088808,0.6838019438088808,1.0,3.110858931260648,0.9747000928949624,False,0.501787001289076,0.5006291190594815,0.9974994075493082,0.9730139027408656,-3.4188136571685668,1.0,0.9990804283838512
2020-01-31,1.0384691340689571,1.0384691340689571,1.0,2.650974125880318,0.9780443216374384,False,0.8237962809570046,0.8233331280651668,0.9989997630197232,0.9760321540788092,-2.958109938395617,1.0,0.9996321713535405
2020-02-05,1.1737118042428267,1.1737118042428267,1.0,2.443744572729435,0.978150163485795,True,1.033745594928498,1.0335603337717627,0.9995999052078892,0.9773029597230009,-2.6494907189959083,1.0,0.9998528685414162
2020-02-10,1.229941996942507,1.229941996942507,1.0,2.3227963401373444,0.9797460164447174,True,1.1514634361369032,1.1513893316742092,0.9998399620831556,0.9787687937560308,-2.4534740916807696,1.0,0.9999411474165665
2020-02-13,1.221753760965901,1.221753760965901,1.0,2.2137879529404785,0.9813095248356812,True,1.193637631034302,1.1936079892492244,0.9999359848332624,0.9802932324038208,-2.309662408436595,1.0,0.9999764589666266
2020-02-19,1.31083852473199,1.31083852473199,1.0,2.2966052379275155,0.9793464822657828,True,1.2639581672529148,1.2639463105388835,0.9999743939333048,0.980217492392778,-2.3018281061311474,1.0,0.9999905835866506
2020-02-24,0.9213286650249504,0.9213286650249504,1.0,1.9057603950322148,0.988243683073982,True,1.2365478070746776,1.2365368988977692,0.999989757573322,0.9850332068015004,-2.064187479471788,1.0,0.9999962334346603
2020-02-27,0.7033417566291547,0.7033417566291547,1.0,1.91101054682191,0.990029664692296,True,1.1938913230390358,1.19388128751628,0.9999959030293288,0.988031081535978,-1.9722813198818607,1.0,0.9999984933738642
2020-03-03,0.7090352467623852,0.7090352467623852,1.0,2.589814540198143,0.9732132798076232,True,1.155102836936904,1.1550936042559683,0.9999983612117316,0.9868456573977096,-2.021683977507164,1.0,0.9999993973495457
2020-03-06,1.0576319147886744,1.0576319147886744,1.0,2.843859616954715,0.9619979631657564,True,1.1473051631650455,1.1472966690985849,0.9999993444846926,0.9848578418591534,-2.087458028662968,1.0,0.9999997589398183
2020-03-11,1.469998739907174,1.469998739907174,1.0,2.1290044311538527,0.9753629217932914,True,1.3409213092103225,1.3409179115837382,0.9999997377938772,0.9840982482538844,-2.090781740862239,1.0,0.9999999035759273
2020-03-16,1.4668523297011995,1.4668523297011995,1.0,2.197530906279587,0.981046881281982,True,1.4164799215048487,1.416478562454215,0.9999998951175508,0.9838541388961324,-2.099321674095626,1.0,0.999999961430371
2020-03-19,1.2743846805098242,1.2743846805098242,1.0,2.487148260779153,0.9742242897171818,True,1.4051123022252467,1.4051110518986638,0.9999999580470204,0.9830837509618164,-2.1303478010303087,1.0,0.9999999845721483
2020-03-24,1.2709475847662586,1.2709475847662586,1.0,2.717045278437746,0.9688006571925858,True,1.3943791248285278,1.394377974528071,0.999999983218808,0.981941103460278,-2.177283599222904,1.0,0.9999999938288593
2020-03-27,1.3145537742625082,1.3145537742625082,1.0,2.765348576066115,0.9626025202878552,True,1.3879930967832463,1.3879920385068265,0.9999999932875232,0.9803940168064842,-2.2243287973703607,1.0,0.9999999975315437
2020-04-01,1.2635749357448989,1.2635749357448989,1.0,2.763588492304701,0.961511910971568,True,1.3780396439001783,1.3780386702858722,0.9999999973150092,0.9788834483396908,-2.267469572965108,1.0,0.9999999990126175
2020-04-06,0.8447392280979608,0.8447392280979608,1.0,2.895922167982293,0.954816590368884,True,1.335375610636001,1.3353747149108393,0.9999999989260038,0.9769580997020264,-2.317745780566483,1.0,0.999999999605047
2020-04-09,0.637184734633581,0.6314018703844537,0.9899034909623284,3.0901218907507406,0.9311396307312478,True,1.2795203405558075,1.2790568873487285,0.9991922782889098,0.9732926221843642,-2.379535869381224,1.0,0.9999999998420188
2020-04-15,0.3083201269481423,0.3023280149412304,0.9831397821417172,3.5482086572756035,0.9014169223125466,True,1.2018243234671944,1.2009185775561286,0.9979080785971344,0.9675425661946188,-2.473029692412774,1.0,0.9999999999368075
2020-04-20,0.2300745252250004,0.2241253507190221,0.9829176998112468,3.8513883945421994,0.8908383621380572,True,1.1240843396078188,1.1227751194091602,0.9967088482942634,0.961406229870094,-2.5832983885831284,1.0,0.999999999974723
2020-04-23,0.3354665618053934,0.3263494378144251,0.9795610110808264,3.771935064182204,0.912852512694492,True,1.060994917383625,1.0590610648815817,0.9953370213171884,0.957521932496046,-2.6783893226310544,1.0,0.9999999999898892
2020-04-28,0.3488291796120293,0.3429613180321654,0.986725760737532,3.75707642762333,0.9206362177000662,True,1.0040216583618975,1.0017730851336282,0.994648120470816,0.9545710753123676,-2.764684291030437,1.0,0.9999999999959557
2020-05-01,0.3943475678427776,0.3911784502059793,0.993841836359986,3.8239003013375976,0.9260172548435508,True,0.955247731120368,0.9529255143394164,0.9945836177419496,0.952286769674862,-2.849421571855009,1.0,0.9999999999983823
2020-05-06,0.2426780474896487,0.2368049915774895,0.9800789473134554,3.699476352706644,0.9400723998823296,True,0.8982421564299105,0.8956358725184622,0.99342324410767,0.9513096200914596,-2.91742595432314,1.0,0.999999999999353
2020-05-11,0.2569094807461779,0.2554383560943561,0.9953329251980908,3.6692476210028833,0.9505044996507228,True,0.846935542375212,0.8444200712045338,0.9945690527619224,0.9512452104562008,-2.97757168765752,1.0,0.9999999999997412
2020-05-14,0.4386901792207313,0.4386901792207313,1.0,3.656601242550047,0.9577797245758992,True,0.8142759133228535,0.8119616798458296,0.997827621104769,0.9551659189280198,-3.031894052048922,1.0,0.9999999999998965
2020-05-19,0.2410849765668837,0.2410849765668837,1.0,3.866754193787406,0.9390136778442816,True,0.7684206383823761,0.7662915435835139,0.9991310484419076,0.9538737396413208,-3.098682863388001,1.0,0.9999999999999586
2020-05-22,0.2167501675985811,0.2167501675985811,1.0,4.086836632489346,0.9082662011194376,True,0.7242870007196724,0.7223282335047193,0.9996524193767632,0.9502251365595702,-3.1777351649161085,1.0,0.9999999999999835
2020-05-28,0.263369303834023,0.2516940055527934,0.9690742286225824,3.8611730643674607,0.9045562457154808,True,0.6874135849688205,0.6846774952685653,0.9972061641164288,0.9465716252920432,-3.232410196872217,1.0,0.9999999999999933
2020-06-02,0.2659108875662306,0.2659108875662306,1.0,3.836481608713424,0.8940618789766155,True,0.6536933691766134,0.6511761666523784,0.9988824656465716,0.942370845586809,-3.280735909819514,1.0,0.9999999999999973
2020-06-05,0.3459073096120579,0.3459073096120579,1.0,3.600681264392283,0.880255518125501,True,0.629070484411449,0.6267546580891528,0.9995529862586284,0.9374016193899044,-3.3063315381853355,1.0,0.9999999999999989
2020-06-10,0.3201422584572818,0.3201422584572818,1.0,3.797896073927852,0.8509106509171399,True,0.6043562263351157,0.6022256661186031,0.9998211945034514,0.9304823419120832,-3.345656701044737,1.0,0.9999999999999996
2020-06-15,0.5348205006567935,0.533578059085208,0.9977332453095916,3.373379561442793,0.9148009495917728,True,0.59879336828085,0.5967338575559314,0.9996541585679426,0.9292278305264584,-3.3478745298765813,1.0,0.9999999999999998
2020-06-18,0.5189313571088536,0.5053100929187627,0.974552818191068,3.400419207923516,0.9091567680625218,True,0.5924044073870903,0.589419956384958,0.9976460513377928,0.9276221455293436,-3.352078104120336,1.0,0.9999999999999999
2020-06-23,0.5556148035489153,0.5381005625763143,0.970119721694372,3.261125832480142,0.9249695309139908,True,0.5894612390800363,0.5853144048802665,0.9954439449663192,0.9274099363601156,-3.2975067411362198,1.0,1.0
2020-06-26,0.578010161958834,0.578010161958834,1.0,3.261397743424801,0.928268909617568,True,0.5885451529103402,0.5847300654465519,0.9981775779865276,0.927925320314587,-3.275841342509368,1.0,1.0
2020-07-01,0.534653689012744,0.5323755619758006,0.995789666144286,3.258574699827532,0.9365224050009872,True,0.5842338357985325,0.5805417051688918,0.9979865450391484,0.9330835711264271,-3.265481356900267,1.0,1.0
2020-07-07,1.1585430447113456,1.1585430447113456,1.0,2.5767898957134983,0.9735057493180234,True,0.9288193611462204,0.927342508894364,0.9991946180156592,0.9573368780413848,-2.852266480188206,1.0,1.0
2020-07-10,0.4717476689671274,0.4717476689671274,1.0,3.073555735130178,0.9503660212269284,True,0.8922536257718929,0.8908949217001852,0.9996778472062636,0.9567792094962284,-2.869969620583564,1.0,1.0
2020-07-15,0.445861921632543,0.445861921632543,1.0,3.404299014888252,0.9621286533672008,True,0.856542289440745,0.8552922816947739,0.9998711388825056,0.959988875818812,-2.912715972127939,1.0,1.0
2020-07-20,0.4116625176867812,0.4116625176867812,1.0,3.3982285151004845,0.957432688499379,True,0.8209519077004279,0.8198019005741345,0.9999484555530022,0.9597843808332572,-2.951556975565743,1.0,1.0
2020-07-23,0.2159235736559888,0.2159235736559888,1.0,3.83222525895072,0.9343664199256454,True,0.7725496409768728,0.7714916344206829,0.9999793822212008,0.9577509439606484,-3.0220104382365416,1.0,1.0
2020-07-28,0.0260754498989007,0.0215644085185776,0.9121836031447154,4.280562378075166,0.90224920393178,True,0.712831705690635,0.7114974563485145,0.992955719895082,0.9533108047583392,-3.122694593423632,0.7869218846659264,0.9829537507732742
2020-07-31,0.0341796268346256,0.0252143389941156,0.8926512807251294,4.407569433465127,0.8996154477975657,True,0.6585395393821543,0.6565948069601626,0.984931364761486,0.9490151762014774,-3.225484580626952,0.5324525215990779,0.9469136524393386
2020-08-05,0.0363023611968384,0.0209024942866951,0.8838253453895719,4.7693923053084255,0.8783072516793123,False,0.608760565127329,0.6057394219462853,0.9768428832117328,0.9433585422397042,-3.3489971986014693,0.5540290079882569,0.915482880883252
2020-08-10,0.0498466249462586,0.0309351908405964,0.880941595033369,4.53852328418392,0.9119916014789284,False,0.5640474499128435,0.5597550834578302,0.9691707801574636,0.940849186978842,-3.4441592854480656,0.646190545099639,0.8939394940205629
2020-08-13,0.0493639887368642,0.0334301982549879,0.9122391368346724,4.683096550268541,0.8921239616384173,False,0.5228727730187652,0.5176490926416029,0.9646162486916404,0.9369511689516082,-3.543274266633704,0.7759739106943918,0.8845022473544693
2020-08-18,0.0524420272351915,0.0428991341699919,0.946499824865721,4.547514009507883,0.9036460417876812,False,0.4852383133560793,0.479669095963874,0.9631669347855668,0.934286758778494,-3.623613446063638,0.7747705215951637,0.8757237092937249
2020-08-21,0.0300493308933856,0.0220988459870868,0.9243781700910882,4.595407628291368,0.8872285632890123,False,0.4488231947590639,0.4430634759657311,0.9600638336100086,0.9305221031393356,-3.701356980641857,0.7271646977184214,0.8638389883677007
2020-08-26,0.0968337227680869,0.0940130493268335,0.988032084068943,4.438839131710833,0.8521161806986669,False,0.4206640369997857,0.4151394418346192,0.9768447838853692,0.9242496293440822,-3.760355552727375,1.0,0.9455355953470803
2020-08-31,0.0214949756830598,0.0165571328334066,0.9505622131110408,4.86122538487229,0.8392163819493667,False,0.3887305120944476,0.3832528571145222,0.974742178223423,0.9174469695525048,-3.848425139298969,1.0,0.9782142381388321
2020-09-03,0.0225264087314567,0.0208654480569941,0.9799948688704376,4.627536503352613,0.8096260876073612,False,0.3594341838254083,0.3542618643899199,0.9778937926116318,0.9088212989968936,-3.910754048423261,1.0,0.9912856952555329
2020-09-09,0.025819491140673,0.0204073493626757,0.9603103981303712,5.011734998696586,0.7718330825890256,False,0.3327450084106295,0.3275535031877404,0.976487121053131,0.8978622416842641,-3.998832524445127,1.0,0.9965142781022132
2020-09-14,0.0196688886624403,0.0151318697400975,0.9650614720540116,5.077180153172559,0.7754972263051284,False,0.3076989188307744,0.302559772511929,0.9755730691332014,0.8880730404539333,-4.085100334743322,1.0,0.9986057112408853
2020-09-17,0.0240959098700357,0.0192080022786464,0.9674008021709384,5.167351051982767,0.7799162509332858,False,0.2850106781139154,0.2798916308932664,0.9749192877762204,0.8794204972922816,-4.171680392122478,1.0,0.9994422844963541
2020-09-22,0.0481905404065707,0.0430833100903238,0.9698973434757304,4.884673899588935,0.8235458865081244,False,0.2660650670973278,0.260946965229031,0.9745175322321812,0.874950528429549,-4.228719872719795,1.0,0.9997769137985416
2020-09-25,0.0489051349581048,0.0430131263883452,0.9665444945402144,4.959806070712816,0.8271587162843398,False,0.24869227252619,0.2435122581217762,0.973879689216824,0.8711271834579324,-4.287206768559237,1.0,0.9999107655194166
2020-09-30,0.2428628184389002,0.2329467921239562,0.971562619943976,4.151587235232908,0.942609354388622,False,0.2482259161992068,0.2426670208419506,0.973694323674996,0.9140164860163462,-4.20583504856344,1.0,0.9999643062077667
2020-10-05,0.3030570028842697,0.2989508661222887,0.98926037301852,3.9120846322741305,0.9216690093238672,False,0.2811245682102445,0.2764373280101534,0.9830339532811104,0.9186080000008588,-4.029584798789854,1.0,0.9999857224831067
2020-10-08,0.4146550245032392,0.40768337664319,0.9835290299275364,3.665684455111863,0.9266112788645424,False,0.3612428419860413,0.3551849571899753,0.983330999268966,0.923409967319069,-3.811244592583059,1.0,0.9999942889932427
2020-10-13,0.2652195629682333,0.2635802804392779,0.9944382015710368,3.6471293690353943,0.9274693623956,False,0.3535609796646167,0.3478565830499195,0.9899953206502085,0.9258456043649876,-3.7127754584544608,1.0,0.9999977155972971
2020-10-16,0.2748541875819095,0.2744690819571063,0.998834215288506,3.784373724861112,0.9344331122385788,False,0.3472644362980002,0.3419855829624945,0.995298657433187,0.9309981090891424,-3.718503319766993,1.0,0.9999990862389189
2020-10-21,0.0968954788895352,0.0904343713096771,0.9732531061508992,4.6929079706308565,0.8750586958835816,False,0.327234919705323,0.3218614860302691,0.993535013330604,0.9265229560326976,-3.796455691836102,1.0,0.9999996344955675
2020-10-26,0.2224382798507747,0.2224382798507747,1.0,4.250985787188459,0.9158764757817728,False,0.3188511885169592,0.3139076295359096,0.9974140053322416,0.9256712376126236,-3.832818099464291,1.0,0.999999853798227
2020-10-29,0.2843136481988725,0.2830873132843285,0.9965613913209322,3.731230706142135,0.9574417696126624,False,0.3160881852915123,0.3114420042357831,0.9973457962113368,0.9447335568126468,-3.771865663470997,1.0,0.9999999415192908
2020-11-03,0.2580837537271629,0.2570195582794246,0.9965296122635096,3.602927521101464,0.9665136360775076,False,0.3114478307663644,0.3070882085592744,0.9972805014955108,0.9578016043715634,-3.670502778049277,1.0,0.9999999766077163
2020-11-06,0.5570523086749004,0.5541133566353802,0.9947910485559092,3.262636653713717,0.9731423256921908,False,0.458810517511486,0.4553032974049379,0.9970813452603426,0.9670060371639396,-3.425783103447942,1.0,0.9999999906430865
2020-11-11,0.3657408246183888,0.3411334478209402,0.9290735308755288,3.2688565697131065,0.9645526884476052,False,0.4513649420800382,0.4461697094382181,0.9916407201095576,0.966809769266633,-3.3316271832070408,0.9413547522698005,0.9953083715732237
2020-11-16,0.4617210843490972,0.4344727412926741,0.9266493336805666,2.9341989555876227,0.9589567510169046,False,0.4575786274414736,0.4452339519865746,0.9864414091952384,0.9661815278066548,-3.09317024663539,0.8423492025664309,0.9830716380526803
2020-11-19,0.3737981457297714,0.3521819754457989,0.9343688193250488,3.1413654054312423,0.9558673502273628,False,0.4508761889045374,0.4377897938633126,0.9822756020056232,0.9653563936003114,-3.097025859339058,0.8423492025664309,0.9718138432137804
2020-11-24,0.3053570025795825,0.2736745389391029,0.8934584130596444,3.3628643675164462,0.9446178876130876,False,0.439234653998541,0.4246605734693759,0.975170226889945,0.9636973131213336,-3.118292939993249,0.8423492025664309,0.9614566719619925
2020-11-30,0.1675423859384434,0.148366627448188,0.90976281449237,3.864325767863189,0.9161166869819444,False,0.4174992725537332,0.4025570577876809,0.969937633898139,0.9598908630301825,-3.1779755662228446,0.734958232282337,0.9433367967876201
2020-12-03,0.2368909199250087,0.2178436808324997,0.9388074376643876,3.859162342128621,0.8457553247324803,False,0.4030506043434353,0.3877799876312664,0.967447218199439,0.9507600199663664,-3.232470508295307,0.7195610821937956,0.9254347396201141
2020-12-08,0.150723425321649,0.150723425321649,1.0,4.274373062942147,0.8524700942396763,False,0.3828644300216924,0.368815462646497,0.9869788872797756,0.9428968259082312,-3.3158227126670545,1.0,0.9701738958480457
2020-12-11,0.1283316508733786,0.1262641422495725,0.9907333681114964,4.426689581122388,0.8340966330559686,False,0.3625018076898273,0.3494113570147431,0.9892315757788082,0.9341928104800502,-3.4046920621434813,1.0,0.9880695583392183
2020-12-16,0.1227472769225672,0.1173329588994308,0.9763840293655014,4.458083583238765,0.8382792716326427,False,0.3433214452284465,0.3308450851655181,0.9882037720657436,0.9265197273722576,-3.4889633838311043,1.0,0.9952278233356873
2020-12-21,0.264325377361078,0.2637252658199088,0.9983155212260104,3.998276079030453,0.8981014167802812,False,0.337001759799057,0.3254754996178693,0.9942708215619036,0.9242462625248996,-3.5297083994470526,1.0,0.9980911293342749
2020-12-24,0.2701602258651003,0.2676000162474486,0.993375070724522,3.940406302737085,0.9241060791888276,False,0.3316544370843405,0.3208454609482357,0.9941991614949132,0.9242350478580138,-3.5625642317102555,1.0,0.99923645173371
2020-12-30,0.2525887159378746,0.2525887159378746,1.0,4.06601890222463,0.9450619025239636,False,0.3253291793926232,0.3153849213474068,0.9976796645979652,0.9367311606575836,-3.602840605351406,1.0,0.999694580693484
2021-01-05,0.2347517032152734,0.2347517032152734,1.0,4.036255895250212,0.9501382946467692,False,0.3180829812984352,0.3089342638968362,0.9990718658391862,0.9447754410510948,-3.637513828543311,1.0,0.9998778322773936
2021-01-08,0.2850111861262941,0.2826566731109585,0.9921963036132906,3.679677390000586,0.9503769509012452,False,0.315437237684664,0.306832056633966,0.9985218208611146,0.9481363469611852,-3.6408869134598927,1.0,0.9999511329109574
2021-01-13,0.2398276898657605,0.2342454711763577,0.9826457362833936,3.944079091096558,0.9516559749892456,False,0.3093884738591517,0.3010251297973574,0.997251734094897,0.9502481237780214,-3.665142287670826,1.0,0.999980453164383
2021-01-19,0.2889476693118513,0.2814539013307404,0.9787835671035726,3.7764656151193794,0.9501289882541596,False,0.3077532094953677,0.299459431520028,0.995774280735591,0.9502385929361123,-3.6740481538667114,1.0,0.9999921812657532
2021-01-22,0.2661563778869867,0.2597913311296796,0.9813519652124614,3.8970549268242247,0.9371605862521846,False,0.3044254629666972,0.2962859834888001,0.9946204954937408,0.9491923524013984,-3.691888695703312,1.0,0.9999968725063013
2021-01-27,0.3700580684193444,0.3636327903897862,0.984730144450808,3.703408940084135,0.9722099054389292,False,0.3438050262382855,0.3366940676293918,0.993829267410306,0.9630028842239168,-3.6928103152537775,1.0,0.9999987490025205
2021-02-01,0.233021535704428,0.2244086525456362,0.9716322803752002,3.730247458354576,0.9759617122506288,False,0.3349423469955769,0.3277112344226913,0.9920535084474976,0.970778181039944,-3.6958052867018414,1.0,0.9999994996010082
2021-02-04,0.3322790168185293,0.3271874590145094,0.9869729801063848,3.734503141536726,0.9779011272173882,False,0.3347292805814131,0.3276693323900368,0.9916470661802088,0.9750519487464104,-3.698901115088632,1.0,0.9999997998404033
2021-02-09,0.3022501427657418,0.2874335506257815,0.9641830087535485,3.8510007261830257,0.9787833308553896,False,0.3321309495561594,0.3244504698488963,0.989449941586076,0.977290778011798,-3.711069083976184,1.0,0.9999999199361613
2021-02-12,0.2786854038630555,0.2728253300183875,0.9857664605595032,4.012655557815189,0.978115999415034,False,0.3278553059007111,0.3203204586624557,0.9891552631039502,0.9777859108537396,-3.735196001883304,1.0,0.9999999679744646
2021-02-18,0.1407286841903591,0.1311936016050837,0.9651573622127358,4.413309885863053,0.9589516968125454,False,0.312885176163883,0.3051903100978659,0.9872354310326532,0.976279173730444,-3.7894451126016846,1.0,0.9999999871897858
2021-02-23,0.1534300501077619,0.1438595967304215,0.9684791923385008,4.397544586911779,0.9590344346616668,False,0.3001287660793933,0.2922838530284704,0.9857349319371208,0.974899594604942,-3.838093070546493,1.0,0.9999999948759143
2021-02-26,0.158348940530932,0.132042990515218,0.8788229021050182,3.88499677403489,0.954884199447462,False,0.2887863800355164,0.2794645840274102,0.9771819695505528,0.9732983629923436,-3.841845366825564,0.7109314463954487,0.9768745109974771
2021-03-03,0.1394414321460315,0.103451622343761,0.8242413726177796,3.876157261063791,0.9502352495180484,False,0.2768387842043576,0.2653835470927183,0.964946721795931,0.9714533139144,-3.8445903183646224,0.5590774580467025,0.9434507467614153
2021-03-08,0.0886140323729307,0.0671706679270227,0.8434471557706177,4.052177952132504,0.9355316889464356,False,0.2617808040578435,0.2495265167594626,0.955226756513906,0.9685795839169627,-3.861197329066053,0.5194381433451938,0.9095297384881176
2021-03-11,0.1097338404163261,0.0858217347091968,0.8655276638294264,4.099204888305893,0.943272506439336,False,0.2496170469665221,0.2364301341954413,0.9480508290991476,0.9665550177187529,-3.88023793380524,0.5566164355577395,0.8812966742536874
2021-03-16,0.162370194616344,0.1306928430977929,0.87292125873771,4.042367189981783,0.963065300039168,False,0.2426372987785079,0.2279711509076295,0.9420404634702328,0.966275840304386,-3.893208274299364,0.7410803539807702,0.8700793686318541
2021-03-19,0.1492102212366273,0.1194044681771255,0.876787931954631,4.106187408431194,0.9641543039023645,False,0.2351631325751574,0.2192858162891892,0.9368202609489849,0.9661061173922244,-3.9102466050299114,0.6242914630609186,0.8504163361861793
2021-03-24,0.1180552524419775,0.095065212300507,0.8778167754276247,4.108782974970128,0.9618103304147612,False,0.225794502164503,0.2093481679700946,0.932099982107276,0.9657624544340272,-3.926129514625128,0.5194381433451938,0.8239380807589005
2021-03-29,0.0397807669221705,0.0302801948234319,0.920495106124792,4.891738686886989,0.907705303338644,False,0.2109134033451164,0.1950227301183616,0.9311715920286772,0.9611178823463966,-4.003378248406077,0.7027693323114194,0.814244580883102
2021-04-01,0.0416326997476916,0.0336906652158103,0.9498563033702794,5.020120189492424,0.9000606146400442,False,0.1973709470573224,0.1821161649261575,0.9423824188336384,0.9562333009298885,-4.084717603692985,0.9179918125792956,0.8764929199008182
2021-04-07,0.0951913558477044,0.0796115499967454,0.934907447503616,4.680563625654002,0.9065068458713,False,0.189196579760553,0.1739157957318046,0.9417844211272368,0.9522551845252014,-4.132385285449867,0.9260418891217459,0.9062223014333748
2021-04-12,0.0742587360565157,0.0558853383494586,0.9221266417374452,4.996021450347278,0.877213502686762,False,0.18000155226423,0.1644733591412169,0.9402117987760532,0.9462518499781264,-4.20147617864166,1.0,0.9624889205733499
2021-04-15,0.0539749786237531,0.041466567899061,0.9228734098802877,4.787797379764446,0.8772435999684979,False,0.1699194263729919,0.1546328158418444,0.938824727664392,0.940731189977356,-4.248381874731483,0.8130135065956525,0.9505308874551341
2021-04-20,0.0637693965569123,0.0506186053837456,0.9334313152862728,4.574313787943807,0.8918186099397891,False,0.1614274239877055,0.1463116790051965,0.9383932546741424,0.9368181835743506,-4.274456427788469,0.834032577015901,0.9412110226199956
2021-04-23,0.0185578119168372,0.0108200548016861,0.9242297663348756,5.263044883059536,0.840481452616164,False,0.1499978550220361,0.1354723490689157,0.9372601756070011,0.9291112450976956,-4.353543504210155,1.0,0.9764844090479983
2021-04-28,0.0211463374870294,0.0112818042363469,0.9265469914819504,5.338277510939138,0.8260717827199143,False,0.1396897336192355,0.1255371054823102,0.9364031208769972,0.9208680881074732,-4.432322224748473,0.766970814765734,0.9597233215054172
2021-05-03,0.0095783637960619,0.0048638566155712,0.9099925294432158,5.009503077638295,0.8284810211678956,False,0.1292808240333816,0.1158832455729711,0.9342902735622948,0.9134771227523072,-4.478496692979659,0.7162807267688014,0.940247913926488
2021-05-06,0.018867737367451,0.0123195613141533,0.9350977644644424,5.027953867746496,0.8528424796200551,False,0.1204477771001072,0.1075981508322657,0.9347747681035834,0.908626351301727,-4.522453266961006,1.0,0.9760991655705952
2021-05-11,0.0921011654022172,0.081132191424229,0.9466053567792873,4.481575342838822,0.9425427627831814,False,0.118180048164276,0.1054808740796227,0.9418731213090056,0.9289761981905996,-4.497926512487696,0.8701135727994419,0.9676203181489029
2021-05-14,0.0965462512692154,0.0832374567902393,0.9390842007153826,4.407586535748947,0.9627023359695605,False,0.1164493444126712,0.1037014006964721,0.941650007661516,0.949211880857976,-4.443722526444446,0.8977512131259607,0.9620307897470676
2021-05-19,0.1848834017660324,0.1602289979366783,0.906240382472507,3.923139244038576,0.9761953816060096,False,0.1575097788246879,0.1376179590405958,0.9388172376463952,0.9654019813067962,-4.131372557000924,0.7382672855741117,0.944129709413231
2021-05-24,0.1506314028124853,0.13031061102671,0.9186148665547512,4.202192022026133,0.9600492819660612,False,0.1569595087437117,0.1370333711994849,0.9372010479590638,0.9649737653595374,-4.137038114202941,0.8096552055532501,0.9333717491044327
2021-05-27,0.1656912740083391,0.1493427712168427,0.9366256739032448,4.22391432100078,0.9623885833178956,False,0.1621985679024881,0.1444190112098996,0.9371550180345984,0.964766950796206,-4.143988210746768,0.8068782012270873,0.9232522652742451
2021-06-02,0.1581032422388401,0.1373004209744783,0.9265319297990026,4.326347231351271,0.94260581902394,False,0.1618709418493963,0.1438495239910659,0.9363051709757508,0.9629940602544248,-4.158576932395128,1.0,0.969300906109698
2021-06-07,0.1206517960699891,0.1016599620236993,0.9230143529403168,4.393185651696349,0.9436503203838555,False,0.1585734101870437,0.1404743590336766,0.935241905532916,0.9614465610647792,-4.177345629939226,0.7277637316587362,0.949977932153621
2021-06-10,0.0313895731247418,0.0243133199740722,0.9462332390585582,5.000593928593387,0.903351038385712,False,0.1483987032220596,0.1311814759089083,0.9418367056483014,0.956798919250454,-4.243205493831559,0.7971168461452753,0.9377490452729534
2021-06-15,0.0418122911620697,0.0325334718394779,0.9284382478490084,4.751585344178619,0.8533819013671964,False,0.1398717902572604,0.1232896355833538,0.940764829024358,0.9485255578197934,-4.283875881859324,0.9257276961035276,0.9367873373393993
2021-06-18,0.023540720181132,0.0165011711197049,0.9220789592325536,4.516062093363252,0.8959193782530591,False,0.1305653046511701,0.1147465584262619,0.9392699594410138,0.9443170634544548,-4.302450778779638,0.8474748451810783,0.9296423379667337
2021-06-23,0.0192505551574273,0.0133715307938121,0.955143447985804,5.031736636564246,0.8963828286186234,False,0.1216601246916707,0.1066365562156659,0.9487940525678876,0.9404823246675882,-4.360793647402407,1.0,0.9718569351866935
2021-06-28,0.038224656362553,0.0324779961659548,0.955696895945794,4.61924309876411,0.9460366517181588,False,0.1149852872253413,0.100703871411689,0.9529357585946314,0.9438149208979304,-4.381469603511344,0.7837891189228371,0.9568115098855849
2021-07-01,0.0582354249359935,0.0518246990424905,0.9634191130710646,4.462014172323555,0.9475458643766632,False,0.1104452982421935,0.0967935376221532,0.9592257712804912,0.9460534869851702,-4.387913169016321,1.0,0.982724603954234
2021-07-07,0.0968003750803061,0.095061298094566,0.9925415939816896,4.286838132467974,0.9471001822316572,False,0.1093537043892425,0.0966549584599462,0.9792152649012104,0.9466815041330624,-4.327268147087313,1.0,0.9930898415816936
2021-07-12,0.2433238233054677,0.2432511387355186,0.99976261073571,3.720417434714052,0.9562603723857372,False,0.1897357757389776,0.1846126666252897,0.99154367240191,0.9524288250846672,-3.963157719663356,1.0,0.9972359366326774
2021-07-15,0.2969236572659819,0.2969236572659819,1.0,3.686556785875848,0.9589433305483572,True,0.2540485046551802,0.251999261009705,0.996617468960764,0.9563375283628812,-3.7971971593908513,1.0,0.998894374653071
2021-07-20,1.001556108693201,1.001556108693201,1.0,2.7296471972792262,0.9764102978547377,True,0.7025530670779927,0.7017333696198027,0.9986469875843056,0.9683811900579952,-3.1566671821238765,1.0,0.9995577498612284
2021-07-23,1.058656574382775,1.058656574382775,1.0,2.551169143527223,0.9779204094913286,True,0.916215171460862,0.915887292477586,0.9994587950337224,0.9741047217179952,-2.7933683589658846,1.0,0.9998230999444914
2021-07-28,1.0076605937527012,1.0076605937527012,1.0,2.644248781896947,0.9751324354933468,True,0.9710824248359656,0.9709512732426552,0.9997835180134887,0.974721349983206,-2.703896612724522,1.0,0.9999292399777966
2021-08-02,0.7626167755667083,0.7626167755667083,1.0,3.1851237065618934,0.939066636744066,True,0.9544051728944252,0.9542845134285796,0.9999134072053956,0.971868972924075,-2.742394780231512,1.0,0.9999716959911187
2021-08-05,0.760070286328523,0.760070286328523,1.0,3.2512765391796745,0.9348247257916548,True,0.9388583819691528,0.9387473752605752,0.9999653628821582,0.9689054331534817,-2.783105320947365,1.0,0.9999886783964475
2021-08-10,0.6824601254905216,0.6811156579953525,0.9979440744662886,3.3387233791006783,0.9324786709697512,True,0.9183465214508624,0.9181368378793572,0.9998036598088886,0.9659912921787832,-2.82755476559963,1.0,0.999995471358579
2021-08-13,0.6183758618592943,0.6141069742581264,0.9932334036732232,3.419159796057236,0.9364159618548822,True,0.894348868683537,0.8938144487896588,0.9992780393180354,0.9636252657528712,-2.874883168036239,1.0,0.9999981885434316
2021-08-18,0.0312890589147616,0.0299099748738992,0.9884552260962406,4.805849747588131,0.8392366447236119,True,0.825304083902035,0.8247020908763981,0.998412214260292,0.9536741760705304,-3.0293604944003905,1.0,0.9999992754173727
2021-08-23,0.0748862821375459,0.0722151357421358,0.9886110295601768,4.743178312934765,0.8684776823388731,True,0.7652706597608759,0.7645031344656572,0.9976281194842828,0.946858456571998,-3.1664659198831404,1.0,0.9999997101669491
2021-08-26,0.0427575051952595,0.0362882732698365,0.9644611145003152,4.941198017705649,0.8709409146308711,True,0.7074696073956267,0.7062459455699917,0.9949747590855652,0.9407850532167078,-3.3084444877089414,1.0,0.9999998840667796
2021-08-31,0.1059016604556457,0.1030929537969133,0.9886431555958464,4.457285760809944,0.9298297532299812,True,0.6593441716404282,0.6579937062281453,0.9944682308063878,0.9399086292177696,-3.4003517895570217,1.0,0.9999999536267119
2021-09-03,0.0768208835504427,0.0729514011310832,0.9734851580551224,4.327073649862909,0.9305036155310762,True,0.6127423085932294,0.6111903218203804,0.9927895849862866,0.9391562281228344,-3.4744895383814924,1.0,0.9999999814506848
2021-09-09,0.0948388490879609,0.0878570304656699,0.9618033156358688,4.41770930860282,0.912641055862922,True,0.5713100318328079,0.5693236585120035,0.9903106834382532,0.9370350143420414,-3.5499471199991985,1.0,0.9999999925802739
2021-09-14,0.0754807439021095,0.064493578471465,0.9244490358969356,4.486961296619993,0.903317313406804,True,0.5316436887983521,0.5289372521087605,0.9850417516349476,0.9343375982672224,-3.6249082541288624,0.7174142600561075,0.9773931339783407
2021-09-17,0.0244521602294106,0.0196756521235856,0.9381678459846344,4.903731947297476,0.9031558296923312,True,0.4910683665128368,0.4881963241099465,0.9812918391829226,0.9318430567812312,-3.727214149582352,0.9063380363415486,0.9717087261673975
2021-09-22,0.6173480656376328,0.6157853173723796,0.9974885128700948,3.233249993273115,0.9481723529366402,True,0.5668361859877145,0.5647497200674063,0.991009843395226,0.9416406344744764,-3.43083565579681,1.0,0.988683490466959
2021-09-27,0.7310953564286005,0.7310953564286005,1.0,3.0795509805130976,0.9478795767119128,True,0.665391688252246,0.6645571018841228,0.9964039373580904,0.9453839998169382,-3.2200648506265823,1.0,0.9954733961867837
2021-09-30,0.517417819594166,0.5082389511670582,0.9816383212474802,3.243532985149672,0.9408090364316452,True,0.6535537787595997,0.6520516498267577,0.9952226880692416,0.9450180027461148,-3.2219423013884296,1.0,0.9981893584747135
2021-10-05,0.5036873303090398,0.4964097537969207,0.9845276432438816,3.2979251835760537,0.9564906159901574,False,0.641564462883555,0.6396002981443708,0.9943670844832128,0.9519015706925404,-3.22802093196344,1.0,0.9992757433898853
2021-10-08,0.8316291155779848,0.8217081088984153,0.9862890809150964,3.096043146385192,0.9650954054086152,False,0.7556032545002129,0.7488649845967975,0.9937208441977636,0.9598178715221852,-3.148834260616491,1.0,0.9997102973559542
2021-10-13,0.6442189297185779,0.6377471250532709,0.98747486489997,3.181843121521134,0.9611237149503288,False,0.7466925085176821,0.7399755558333154,0.9932211658539402,0.9606013775790714,-3.1514749694888624,1.0,0.9998841189423817
2021-10-18,0.4852401501748007,0.4843745508103694,0.998386534700907,3.5468907978126314,0.9447868883213264,False,0.7257763198502516,0.7195274754314798,0.9963203871621202,0.9593362184384518,-3.183108235754764,1.0,0.9999536475769527
2021-10-21,0.3882274218906437,0.3744095573223903,0.9683455129457044,3.67860434032849,0.94916838364251,False,0.6987724080134831,0.6919180419827526,0.994082397224807,0.9585227916547764,-3.2227479241206622,1.0,0.9999814590307811
2021-10-26,0.3705601888468552,0.3705601888468552,1.0,4.04978837282194,0.9240731066731356,False,0.6725154304801528,0.6662094137318809,0.9976329588899228,0.9557668168562452,-3.2889111600167644,1.0,0.9999925836123125
2021-10-29,0.4920602811874004,0.4920602811874004,1.0,3.762165047359472,0.9347534298413822,False,0.6580790185367327,0.6522774831283226,0.9990531835559692,0.9540857458950563,-3.3267714710041814,1.0,0.999997033444925
2021-11-03,0.1636616566256883,0.1612822019975241,0.9906936445125184,4.072469283606674,0.920654251476642,False,0.6185256295838492,0.6129978606378588,0.998384420432493,0.9514112263415831,-3.3864272960123807,1.0,0.99999881337797
2021-11-08,0.0816694414094097,0.0662522309919093,0.9102081213166768,4.226492257756659,0.8866139034931998,False,0.575577134529894,0.5692582102661828,0.9913303165032276,0.9462274405137128,-3.453632492951923,1.0,0.999999525351188
2021-11-11,0.0393011914410627,0.0314956529159291,0.916468152846894,4.440250903378875,0.8603875086329099,False,0.5326750590827876,0.5262372056781626,0.985341343410721,0.9393602459632484,-3.5325619657860794,0.8618934013502536,0.9889510354311133
2021-11-16,0.0173940248002684,0.0145505901881331,0.955586486491719,4.917014602189817,0.8659703169197435,False,0.4914525763401861,0.4853022764389602,0.9829609548572008,0.933489051639768,-3.6433181766983775,0.8932956736636756,0.9812986064897183
2021-11-19,0.0196360610444647,0.0155813693878538,0.945940634912382,5.070003983102201,0.8422592845368598,False,0.4537072551165284,0.4477246038748717,0.9799993292616154,0.9261906702715356,-3.757453041210684,0.8895135952684443,0.9739558055920164
2021-11-24,0.0188824978794049,0.0125135195547612,0.936864995666625,5.131159195811447,0.8126480115031848,False,0.4189212745375585,0.4129077171292629,0.9765485825740162,0.9171072575700676,-3.867349533578745,0.8382311389774046,0.9630978322628476
2021-11-30,0.4815678859758557,0.4740196668310802,0.983967227916929,3.1531013679960704,0.9697965565301728,False,0.4565092414005368,0.4495748869503533,0.980999769779764,0.9487208369461309,-3.4388006342291404,1.0,0.9852391329051391
2021-12-03,0.4009170173373755,0.3926397761066822,0.9800794612628448,3.3770580088739983,0.970718863153271,False,0.4520618634754839,0.4450200780828596,0.9809261450984104,0.9619196526704148,-3.401755059016055,1.0,0.9940956531620556
2021-12-08,0.7370138769659322,0.7370138769659322,1.0,3.0371054849115184,0.9766541568622188,False,0.623033071569753,0.6202163574127032,0.9923704580393642,0.9707603551854972,-3.182965314553333,1.0,0.9976382612648222
2021-12-13,0.7973593751051667,0.7973593751051667,1.0,3.003723166097726,0.9767096929372964,False,0.7276288536910012,0.7265021680281813,0.9969481832157456,0.9743299578365768,-3.0754200254799686,1.0,0.9990553045059289
2021-12-16,0.5529750732840177,0.5529750732840177,1.0,3.125539824495132,0.9765165302186218,False,0.7136565512584425,0.7126200004486483,0.9987792732862982,0.9756419012658036,-3.0794296094011817,1.0,0.9996221218023715
2021-12-21,0.4929978434779505,0.4905289297537512,0.9944482902307296,2.998478788383799,0.9775507596776852,False,0.6960038546360032,0.6948527147930565,0.9984327946418527,0.9767872163129327,-3.030859116790752,1.0,0.9998488487209486
2021-12-27,0.2465883115901031,0.2463108371467652,0.9990882657618574,3.69118976693453,0.9643845598992696,False,0.6600506111923312,0.6589693645813532,0.9988260773138556,0.9757950037998396,-3.083685568802254,1.0,0.9999395394883794
2021-12-30,0.4651251641293007,0.4651251641293007,1.0,3.459636933561451,0.9627632758798444,False,0.6444565754272888,0.643461828545189,0.9995304309255422,0.97475246556624,-3.11376167798299,1.0,0.9999758157953518
2022-01-04,0.3388763267365346,0.31014306332721,0.9024398263564216,3.157772376228104,0.9201861611643936,True,0.6200101555320285,0.6167963273277507,0.9917631825600124,0.9703871612140924,-3.117282533842599,0.812652156660364,0.9849899230645528
2022-01-07,0.3064248381969369,0.2777670327535725,0.905495071924064,3.3680773587151114,0.9017306224546224,True,0.5949233301452213,0.5896739837618165,0.9848617337091368,0.9648946381133348,-3.1373461198324,0.8243305437453534,0.9721371727190169
2022-01-12,0.2955579573574168,0.2673429636473859,0.9012246891344428,3.3155467800638565,0.920556532094691,True,0.570974100322197,0.563887502152662,0.9781707701431612,0.9613475896318432,-3.1516021726509167,0.931566363335237,0.9688915079683146
2022-01-18,0.3487468796425252,0.3232012489098776,0.9185170225007916,3.2676879427709737,0.9109966427927678,True,0.5531959226678232,0.5446326018932394,0.9733984703317716,0.9573195138847173,-3.1608890342605216,0.8433451169924618,0.9588477966902464
2022-01-21,0.4015351451769461,0.3717414572735582,0.9109556471200368,3.1568484686830187,0.911493391285962,True,0.541063060468553,0.530801310323665,0.968403044474833,0.953653424076817,-3.15846469491402,0.8483143245697823,0.9500051189206093
2022-01-26,0.4784329460672614,0.4377817516978611,0.8981840156191845,2.963838492682546,0.926079702953356,True,0.5360526513164496,0.5233597456336007,0.9627855221663812,0.95144752638694,-3.041688973575136,0.7043118665141203,0.9303496587280903
2022-01-31,0.3798396521553351,0.3471048638950879,0.8964006580034369,3.01126864226456,0.9214741312089868,True,0.5235556113835604,0.5092593550945197,0.9574747330333456,0.949049654772704,-3.0234367747887902,0.7043118665141203,0.9122666353509727
2022-02-03,0.2716933555864961,0.2716933555864961,1.0,3.918992298110224,0.975314986162944,True,0.5034066309197953,0.4902540751338778,0.9829898932133384,0.964808853606848,-3.095081216654505,1.0,0.9649066541403891
2022-02-08,0.2617643426857553,0.2617643426857553,1.0,4.013662359623137,0.9749797882771094,True,0.4840752478610721,0.4719748965380281,0.9931959572853352,0.9709114144090047,-3.168567708091996,1.0,0.9859626616561556
2022-02-11,0.2877042348085035,0.2877042348085035,1.0,4.107647710513232,0.9646304770430458,True,0.4683655668168667,0.4572332435996661,0.997278382914134,0.9704089394197282,-3.2436941082856947,1.0,0.9943850646624622
2022-02-16,0.3090649516182673,0.3090649516182673,1.0,3.951190206473048,0.9724854312722724,True,0.4556215176009787,0.4453797802411542,0.9989113531656536,0.9716548345312548,-3.300293796140683,1.0,0.9977540258649849
2022-02-22,0.1879242104833504,0.1861955941485437,0.993683896234636,3.921824777471728,0.9688035583596576,True,0.4342057330315685,0.4246450453537454,0.9984931566111722,0.9714267324375268,-3.350016274647167,1.0,0.999101610345994
2022-02-28,0.2475918553685018,0.2421916645742805,0.9837696414228764,3.904280660628656,0.9528637863599764,True,0.4192766228185232,0.4100487748913882,0.9973152753961086,0.9699416967513228,-3.394357425525686,1.0,0.9996406441383976
2022-03-03,0.2334846766689878,0.2259657748087803,0.978076794782336,4.039346363981859,0.9553291856338508,True,0.4044132671265604,0.3953221348847796,0.9957761969470068,0.9687726958619252,-3.44595654060218,1.0,0.999856257655359
2022-03-08,0.353960133018298,0.3495012566882845,0.9889450568640982,3.749185667903863,0.9422520455976386,True,0.4003770163978994,0.39165646462906,0.995229705740374,0.9666510438407824,-3.470214870786315,1.0,0.9999425030621436
2022-03-11,0.2267642079878504,0.2258464059006333,0.995651456900252,3.7051979382792,0.9445631323088054,True,0.3864879917250955,0.3783916599307859,0.9954827564363008,0.9648840109182242,-3.4890135161857456,1.0,0.9999770012248574
2022-03-16,0.347146293262978,0.3420172359535012,0.9847111717733656,3.4188090941874307,0.9566404009279093,True,0.3833406558481261,0.3754817060126031,0.9946210296632662,0.964224522118999,-3.446890862986757,1.0,0.9999908004899429
2022-03-21,0.4115694893271933,0.4036602297869272,0.9825751861271098,3.3898173398737304,0.9566900479040332,True,0.4002779559355664,0.3923888202771975,0.9936573621803736,0.9636217641818018,-3.4126467491189407,1.0,0.9999963201959772
2022-03-24,0.403127395852337,0.3956676848304142,0.9831915582696004,3.4203756262742364,0.9558489769468832,True,0.4019876198856287,0.3943561390091276,0.9928200978675118,0.9629999412030082,-3.4132650592913643,1.0,0.9999985280783908
2022-03-29,0.277527609378161,0.2717808176977908,0.9812912106739464,3.442139140247628,0.9568837969699108,True,0.3920308190450313,0.3845501133042206,0.9918977868920268,0.9625106496643604,-3.415574985767865,1.0,0.9999994112313564
2022-04-01,0.1524012297634042,0.1380184529115478,0.9441146590602074,4.062195979855819,0.9149917087587792,True,0.3728604519025011,0.3648275804728068,0.9880751366654812,0.958709134391914,-3.4673046652949018,1.0,0.9999997644925426
2022-04-06,0.1332912987851962,0.1167657575274389,0.9475765973353094,4.2080447028588495,0.9066574406182728,True,0.3536949196531168,0.3449826346371774,0.9848352535190674,0.9545449988900228,-3.5265638683000176,0.7321984488843378,0.9785756592438862
2022-04-11,0.2382052420170369,0.2230925385334351,0.9648245133057805,3.915643202865672,0.9195327254779204,True,0.3444557454422304,0.335231426948878,0.9832343943020044,0.9517440170170548,-3.55769021506527,1.0,0.9914302636975545
2022-04-14,0.0387280751522877,0.0284756893514703,0.927310142462846,4.648856760743263,0.8686601013038535,True,0.319997531819035,0.3106909679410853,0.9787604541548718,0.9450973037599986,-3.6449835387195098,0.764244711250289,0.9732554195017733
2022-04-19,0.065839146248893,0.0534955884934709,0.939347293422152,4.56289753201735,0.8715866706736487,True,0.2996648609734236,0.2901153375852762,0.9756074012962542,0.9392164531130908,-3.718416658183337,1.0,0.9893021678007093
2022-04-22,0.1348681305291682,0.1150063690707519,0.9346197909479186,4.088871354415245,0.9091737371584832,True,0.2864811225378832,0.2761066201041143,0.9723283924683874,0.9368130358367222,-3.74805303388189,1.0,0.9957208671202837
2022-04-27,0.0691040070899097,0.0534224438912105,0.9228767551671224,4.261744750278721,0.9011321946864824,True,0.2690909533020454,0.258291886007082,0.9683722614842862,0.933958568544703,-3.7891483711936367,0.6926903394100221,0.9714784249034628
2022-05-02,0.0368904543642466,0.0258556897042339,0.8827106598403562,4.366357247982949,0.9117893987941588,True,0.2505149133870215,0.2396969903028541,0.9615193333527718,0.9321850349646597,-3.835325081336782,0.692344199282124,0.9491476868537558
2022-05-05,0.0385901473365177,0.0303505253285199,0.8933889541285461,4.33319344208234,0.948423354932491,True,0.2335609321029812,0.2229492731049074,0.9560689030148338,0.9419280269453584,-3.8751545501964255,0.7976385262582398,0.9370269540061146
2022-05-10,0.0933107506743032,0.080720682680378,0.9095089547820584,4.088660144669214,0.951316837431374,True,0.222340917588687,0.2115709858709451,0.9523441071562118,0.9475613132369678,-3.8922349977542496,0.8812630441861845,0.9325658412205202
2022-05-13,0.1330489513449581,0.1117483126277271,0.8861451539291076,3.9348041618773313,0.962750317532954,True,0.2151975602891886,0.2035851720114876,0.9470481908980436,0.9566747158145594,-3.895640530884097,0.7325291480033849,0.9165629057631494
2022-05-18,0.2323069399438377,0.2032768850065136,0.8942786861906913,3.6670634878993225,0.9656273708102144,True,0.2254631880819781,0.2035605090510897,0.9428266305214552,0.9620463088119524,-3.758494305093232,0.7325291480033849,0.9018402051423682
2022-05-23,0.2362044286986089,0.2253213590117317,0.9617802346265268,3.716074412847616,0.9581139464586554,True,0.2319079324519565,0.2166170190274749,0.9541987929844982,0.9617317198236888,-3.733042369745863,1.0,0.9607360820569473
2022-05-26,0.2983247208849104,0.2889645632121452,0.9741427525718626,3.5031238104073776,0.966609427676796,True,0.2717580055117289,0.2600255455382771,0.9661651687369168,0.964658344535553,-3.5950912341427714,1.0,0.984294432822779
2022-05-31,0.3841743518009063,0.3721404115479605,0.9690777886543778,3.350954186647644,0.967441146107466,True,0.3392078132852353,0.3272944651440871,0.9679127406873934,0.9663280254787008,-3.448609005645695,1.0,0.9937177731291116
2022-06-03,0.2303655208330796,0.2199295095550894,0.9704596322363608,3.691810908511636,0.9371986047178698,True,0.3305004298890628,0.3187052686969673,0.9694408756167738,0.9639976718178342,-3.46806515787497,1.0,0.9974871092516446
2022-06-08,0.1439756965354347,0.1383352555921962,0.9781901341870112,4.005741512987138,0.9161783211123,True,0.3155784512207726,0.3042756676485857,0.9746904307589164,0.9601721237613916,-3.511079266283944,1.0,0.9989948437006578
2022-06-13,0.2082215476594943,0.2075103635755705,0.9975793658288158,3.6312695972302462,0.934263757880292,True,0.3069898989358703,0.2965344433227445,0.988423791800856,0.9580994544909036,-3.5206944927596484,1.0,0.9995979374802632
2022-06-16,0.1768761334873076,0.1690514860775877,0.9681031899101386,3.7495795998442767,0.9016601145383446,True,0.2965807976999853,0.286335806743132,0.9867981436495986,0.953584307294699,-3.539005301326419,0.9581375138571206,0.9962811035904118
2022-06-21,0.1570316270279098,0.1362198752752966,0.9197966218132928,3.803243318718111,0.904344987714534,True,0.2854168640462193,0.2743265322257052,0.9814380219026942,0.9496451617282858,-3.560144342717755,0.7732468788054527,0.9784383656076151
2022-06-24,0.1282027273716477,0.1100703002249271,0.9175068796734112,3.8489548844225614,0.9005657180772579,True,0.2728397331122536,0.2611860336656429,0.9763235305243516,0.9457188062362036,-3.58324918605414,0.7506091986813929,0.9602120322535174
2022-06-29,0.1859778859013365,0.1614725853779366,0.9113345291026538,3.776859442745697,0.9063076316627816,True,0.2658907853353803,0.2532089578026265,0.971124410410616,0.9425659122703298,-3.598738006589464,0.7264266226665804,0.9415091994865624
2022-07-04,0.4542482003456808,0.4309218033289132,0.9524245748114598,3.423307390300767,0.9607745943924983,True,0.3789052343415606,0.3598366651183985,0.9696284235626836,0.953491121543631,-3.4934796368162457,1.0,0.9766036797946249
2022-07-07,0.3609241420775215,0.3431827896035065,0.9508691718809736,3.427883033333176,0.9599496860969744,True,0.3774667469604375,0.3585043550772072,0.9681276834281468,0.957366260275637,-3.454121674726404,1.0,0.99064147191785
2022-07-12,0.1269800381195107,0.1154570181487924,0.9141920942312788,3.752301034051882,0.9269165491702026,True,0.3574278102531634,0.339060568122934,0.9638128362923972,0.9549302833872022,-3.477976023472442,0.7506091986813924,0.9714388900589335
2022-07-15,0.3457181838369613,0.3259387846843521,0.936138014830465,3.42544064114321,0.9269325508136936,True,0.3564910401398672,0.3380108254478474,0.9615988505754428,0.9526904647813216,-3.446454794074903,0.9264026983380751,0.9678359947212648
2022-07-20,0.4098544842682876,0.3940411565037087,0.9503024523052722,3.276822080027089,0.9300349337364862,True,0.3885091066169194,0.3716290240813642,0.9606951387138292,0.9508780222977348,-3.3446751656462146,0.9264026983380751,0.9645213310106097
2022-07-25,0.2779654345181415,0.2608069658195652,0.9348693912695658,3.4976211791490392,0.9264719570830104,True,0.3796656128490172,0.3627632594204203,0.9586290789182882,0.9489255370805568,-3.356910846726441,0.848314324569783,0.9552247704953436
2022-07-28,0.2140787538166537,0.2012313428652544,0.9449032690406424,3.688641579147346,0.9457148691455032,True,0.3664186641264281,0.3498407060960071,0.9575310141280764,0.9486686836457524,-3.3834493053201133,0.858799535884406,0.9475107517264687
2022-08-02,0.1640047600187767,0.1451544457658003,0.9243138599051016,3.986596860795389,0.9311199857463328,True,0.350225551797816,0.3334658052695905,0.9548736417902386,0.947264787813799,-3.431701109758136,0.8243305437453529,0.9376563350879794
2022-08-05,0.1059562379451163,0.0903348650649503,0.9224000507969264,4.165909239088102,0.9255073638077508,True,0.3306840066896001,0.3140153300532193,0.9522757545107736,0.9455241938933152,-3.4904377601045327,0.7312956308122047,0.9211474787459175
2022-08-10,0.0492568170129247,0.0424443542841322,0.9344330456760764,4.286776099309072,0.9342816214865868,True,0.3081698315154661,0.2922896519916924,0.950848337803998,0.944624788100777,-3.554144827240896,0.6883646839955943,0.9025248551658918
2022-08-15,0.0376659907401319,0.032391069568695,0.9560842825332588,4.489429822834095,0.920504153952424,True,0.2865295242534394,0.2714977653978526,0.9539899046415544,0.9426951373689088,-3.628967626888352,1.0,0.9610099420663567
2022-08-18,0.0848899495946075,0.0754383851737908,0.9561840926960116,4.272457355520215,0.9290892152960548,True,0.2703983582807329,0.2558130149799277,0.9553064174742288,0.9416066636030804,-3.6804468051789008,1.0,0.9844039768265427
2022-08-23,0.2427234519096198,0.2243038432824409,0.9551751581839854,3.926374568392972,0.9447460311205114,True,0.2681843657710439,0.2532922812441288,0.9552959167310092,0.9434902841135392,-3.7001210262360265,1.0,0.9937615907306171
2022-08-26,0.2157162251210222,0.1930580122527526,0.9449271175731502,4.03443408273851,0.9493980087914198,True,0.2639869145190421,0.2484735397248187,0.9544664127983808,0.9470349189202676,-3.726866070756225,1.0,0.9975046362922468
2022-08-31,0.2131612111283479,0.201190998833554,0.9650898995364652,3.9156826023023865,0.9546645197307332,True,0.2599208582477866,0.2446909364535175,0.9608405048412314,0.9516126794065468,-3.7419713932799183,1.0,0.9990018545168987
2022-09-05,0.2215193679800208,0.199131838428874,0.9270920688158616,3.870631198091176,0.9610164289193652,True,0.2568487390263653,0.2410462086115461,0.958140629959202,0.9572549291142378,-3.7522641776648182,1.0,0.9996007418067595
2022-09-08,0.2257486837905728,0.2027652764957905,0.9323739169849864,4.028589308581539,0.950230148104738,True,0.2543607346075019,0.2379837340422856,0.9560792929212648,0.956692946633478,-3.774370188138157,0.74319356353281,0.9790881675448435
2022-09-13,0.322542911561032,0.29399383843499,0.9264340318912608,3.639657484209218,0.9427571117902028,True,0.29527004077962,0.2715897966779083,0.9537076720388644,0.955578079846016,-3.6935425657807937,0.8011427222775718,0.9648525319234618
2022-09-16,0.2320491481270163,0.2106841225427565,0.935399226343725,3.832075283585307,0.9314480402859312,True,0.2902123693674117,0.2667173427470961,0.9522429963832532,0.9536476766812092,-3.704625183205154,0.7577576598525767,0.948284942157791
2022-09-21,0.1931039980655829,0.1779109408423915,0.9477361252602898,3.856668522161913,0.9204243692386356,True,0.2824436996632654,0.2596128305947198,0.9518824466934164,0.9509898120858034,-3.716788650321696,0.888084113582876,0.943468875871798
2022-09-26,0.31913533562508,0.290186854594993,0.92565621356826,3.640866487948847,0.9409466608202888,True,0.3044586812403542,0.2779572449948837,0.9497843480434038,0.950186359984562,-3.671235352897986,0.7392266046050658,0.9271294941704594
2022-09-29,0.1494205644012349,0.1290419073552033,0.9238450581222052,3.8533322800258873,0.9141145860830632,True,0.2920556318932246,0.2660440179837093,0.947709204849708,0.9473006180724424,-3.685803107068218,0.7879775511830347,0.9159973387314655
2022-10-04,0.3054336723975054,0.2797923911380827,0.9371503360758048,3.590861826122353,0.9245495280929588,True,0.3000824561957931,0.2742930418763333,0.9468644953477958,0.9454805308740836,-3.628838338500699,0.8153024729002124,0.9079417494649653
2022-10-07,0.1968840729098324,0.1745959141002586,0.930944757182374,3.7853843065412502,0.9121907466733772,True,0.2918265855329162,0.2663172716542473,0.9455909162945622,0.9428173481380272,-3.641362015943944,0.7569991248540962,0.8958663394960958
2022-10-12,0.233691676108944,0.210333710991776,0.9290608471009194,3.721782247659936,0.925687854767508,True,0.2871757927789985,0.2618385868012496,0.9442685107590708,0.9414469886683856,-3.647795634481223,0.818827188882793,0.8897032074470316
2022-10-17,0.2676956224080133,0.2476202733003446,0.9501655229541304,3.733317234701539,0.9234118206880464,True,0.2856173791493197,0.2607011217211772,0.9478067180761066,0.9400041752299586,-3.654637362498848,0.8016552630424564,0.8826593718946656
2022-10-20,0.2751843838454659,0.254949811914793,0.950964950849456,3.669992998139417,0.9259182450818748,True,0.2847827395250114,0.2602410169366665,0.9497016577401164,0.938877300818112,-3.655865813350094,0.9174929382596287,0.9035595117136435
2022-10-25,0.1382526291848149,0.117804926530111,0.919243917096968,3.859029466014557,0.8881445038587263,True,0.2730603306977957,0.2488461297041421,0.9472650384886644,0.9348186770613612,-3.6721189055632513,0.949730774157497,0.9312622691799556
2022-10-28,0.1850724753106304,0.1688602510652893,0.9321168992148104,3.8302530478581462,0.9175520408753424,True,0.2660213022668224,0.2424472594130338,0.9460531873467564,0.9334373461664796,-3.684769636946843,0.9565731297112987,0.9464487854987615
2022-11-02,0.0759133976837436,0.0699773049543861,0.9653946818225438,4.399340153586309,0.921869965661252,True,0.2508126699001761,0.228649663056342,0.9576580840322289,0.9325119557260616,-3.741935278278,1.0,0.9785795141995046
2022-11-07,0.101277106839328,0.0956646216635989,0.9710366265566536,4.368216506521662,0.9142459335073708,True,0.2388498248553083,0.2180108597449226,0.9656852095468836,0.9310506739485664,-3.7920377765374935,0.949730774157497,0.976271614996144
2022-11-10,0.034180952583685,0.0261280267990368,0.9334666081685394,4.649596197032829,0.8988112821095984,True,0.2224763150735784,0.2026602331092517,0.9631077214366164,0.9284715226014488,-3.86064245017712,0.938552271193732,0.9732540674919511
2022-11-15,0.0336242937347182,0.0256837113252582,0.9310482392475996,4.588501148286525,0.8609991798357925,True,0.2073681533664697,0.1885021113665323,0.960542962861495,0.9230737351801964,-3.918871146025873,1.0,0.9893016269967805
2022-11-18,0.058131757537739,0.0478868800598247,0.9293528883909444,4.367438227691865,0.8700381100708819,True,0.1954292417001712,0.1772528928619957,0.9580477569038508,0.9188308851714514,-3.954756512559152,0.963911728457861,0.987270435113667
2022-11-23,0.0741766015289707,0.0657510292697662,0.9471064496788768,4.2091835857920525,0.8607007315693661,True,0.1857290304864752,0.1683327437746173,0.957172452325853,0.9141804728832846,-3.975110678417785,1.0,0.9949081740454668
2022-11-28,0.1187518627986845,0.1010940463225169,0.9086231208716272,4.053166187558332,0.8626664029727545,True,0.1803708570714519,0.1629536479784493,0.953288505809515,0.9100593472904422,-3.9813551191490286,0.675288490100964,0.9693385993299066
2022-12-01,0.1291930068550337,0.1057859336555352,0.8876311939682427,4.075437661797415,0.873248098889786,True,0.1762766290541385,0.1583802308326162,0.9480359208622132,0.90711444741839,-3.9888817225609,0.6232356618335576,0.9416503643301987
2022-12-06,0.1488612602884883,0.1310087669645906,0.9300727551618956,4.019178573425737,0.8819393784933588,False,0.1740833995528865,0.1561905137231742,0.9465988676061878,0.9051004419043874,-3.991305470630087,0.9202344889007569,0.9399370942958433
2022-12-09,0.0769390106152929,0.0742013270523113,0.986690254402845,4.535097202142772,0.8607995875857359,False,0.166311848437879,0.1496313787895051,0.970653699684182,0.9015563735588954,-4.034808809151102,1.0,0.9759748377183373
2022-12-14,0.1338477933437554,0.1228498730251081,0.9606374178252112,4.455006054042445,0.9314967110858328,False,0.1637147240303491,0.1474888583283534,0.9698523971354645,0.9195205760750578,-4.06842458874241,1.0,0.9903899350873349
2022-12-19,0.1780125588347408,0.1771781205520492,0.9974512930088336,4.182352287008695,0.9313952892364126,False,0.1722934249129841,0.1653024156625709,0.986411734659486,0.9266454039718706,-4.077538804603712,1.0,0.9961559740349339
2022-12-22,0.1395300523595863,0.122406892188245,0.939219139161706,4.346372937481771,0.9330169278591436,False,0.1696723551087123,0.1618707737846248,0.9826363270196636,0.9304683183042344,-4.099045535233957,1.0,0.9984623896139736
2022-12-27,0.1001546501328951,0.0885866419381237,0.9496301420753344,4.449819044225577,0.9231499556890252,False,0.164110938710647,0.1560080432369048,0.9799958322241172,0.9298828492950176,-4.127107415953287,1.0,0.9993849558455894
2022-12-30,0.085068112829561,0.0744300595362823,0.9507770819376598,4.555404701935225,0.9195470560613612,False,0.1577875126401601,0.1494818045408549,0.9776583322012008,0.9290559858363252,-4.161371198831842,1.0,0.9997539823382358
2023-01-04,0.085418132790489,0.0571505725267353,0.8583663112040867,4.43592935033504,0.9512006963468312,False,0.1519979622521864,0.1420953059797254,0.9681149705214316,0.9423428121426288,-4.183335850952098,0.5694687290500507,0.965331162075181
2023-01-09,0.111050746983346,0.079505050878662,0.9000773855244596,4.620527819855006,0.9455186274247004,False,0.1487221850306792,0.1370880855716403,0.962671963721674,0.9442483013118717,-4.21831120846433,0.6289055107242011,0.9384171099671026
2023-01-12,0.0692241842526242,0.0398811655326074,0.8690373398651867,4.710607356675802,0.9148936546824123,False,0.1423623449684348,0.1293115319685177,0.955181193813155,0.9418999295815148,-4.2576949003212485,0.42988684670558286,0.897734688906181
2023-01-17,0.0401983408172323,0.028856483257364,0.9177404262979592,4.746827141777271,0.8964520867366066,False,0.1341892246363386,0.1212751280716254,0.9521859324119394,0.9382641021539224,-4.2968254796377305,0.6893782250062556,0.881066171794187
2023-01-20,0.0197288502617878,0.0145371248574302,0.9284304216294448,4.874271158932454,0.8746237307962715,False,0.1250323946863745,0.1127360878144898,0.9502854915493398,0.9331728724453104,-4.343021133981309,0.9039163811289895,0.8947762973950685
2023-01-25,0.0161130389778396,0.011071466023657,0.9263691921719844,5.037736682649971,0.8832101192419229,False,0.1163188462296917,0.1046029180712231,0.9483721875991514,0.9291758521890394,-4.398598377874802,0.8255530017490762,0.8892384337433892
2023-01-30,0.0206222830541828,0.0152574851696818,0.938575043111333,5.003060882812238,0.8915035050147322,False,0.108663121175651,0.0974552834390998,0.947588416040126,0.9261620644150949,-4.446955378269798,0.8939018743910847,0.8920364981320065
2023-02-02,0.0422925977060911,0.0299181943263463,0.92601664423751,4.916180656148424,0.8699168211936649,False,0.1033534792980862,0.0920523163100795,0.9458626742959167,0.9216624449573804,-4.484493400500089,0.7767724762970497,0.8828153763852099
2023-02-07,0.0475023895583325,0.0344048144951091,0.910258171136366,4.611024517642272,0.9001624734597282,False,0.0988853921189059,0.0874405161648819,0.9430143140431528,0.9199424472375684,-4.494615889871463,0.7428230127551227,0.8716159872948029
2023-02-10,0.0430030801185648,0.0324565318253019,0.9049122721561096,4.340237467310045,0.9084744453794285,False,0.0944148071588787,0.0830417974177155,0.9399661506921893,0.9190250070889172,-4.4019888363346125,0.8662302312133129,0.8711851268082837
2023-02-15,0.0761690909871162,0.0640216967137415,0.9233523195364404,4.412840744664998,0.9248276559101456,False,0.0929551498651377,0.0815201893613976,0.9386370441997294,0.9225065963816544,-4.402856989001044,0.778039222510583,0.8637334544644678
2023-02-20,0.0825907261162158,0.0749018130681728,0.9365573570145208,4.147609871998669,0.9207486486461568,False,0.0921259959652239,0.0809907192579396,0.9384706692249128,0.9223659605628144,-4.249708718799619,0.7975158555627749,0.8584360465523324
2023-02-23,0.1217048801097479,0.1081161245602845,0.929848194555378,4.110261447005293,0.9411303821118818,False,0.1098733264519383,0.0972659624393465,0.93778087125135,0.9336246134922548,-4.166040355723023,0.7116496220136668,0.8466931325892393
2023-02-28,0.1107162142781325,0.0991247302573023,0.9294596941149312,4.087858015322451,0.9318002817590088,False,0.1103790591476548,0.09838122313012,0.9371151770804366,0.9334786669535952,-4.11913095148268,0.7297511660048143,0.8373377752624853
2023-03-03,0.0567639128041786,0.0535959951955474,0.9776679157155036,4.638199067673735,0.9163299035033974,True,0.1060898474401767,0.0947984048953542,0.9614468202614768,0.9321067658775796,-4.160656400777964,1.0,0.9349351101049941
2023-03-08,0.0610646840240113,0.0588182447525104,0.985421351211336,4.671311344410131,0.8869666096449892,True,0.1024878343668835,0.0919199920839267,0.9758315388313924,0.9284955533789724,-4.201508796268538,1.0,0.9739740440419976
2023-03-13,0.6449028092387005,0.6129497058337865,0.9518486482955786,3.3752215401589174,0.9556437011913496,True,0.4279368192899737,0.4045378203338425,0.9739129075885272,0.9447844420663988,-3.7057364426027655,0.7195610821937967,0.9536210070941415
2023-03-16,0.7558746846015315,0.7457750514777928,0.9792962416986744,3.03077674261545,0.9816146516896028,True,0.6246995384769084,0.6092801590202127,0.9771429080546156,0.9668825678403212,-3.300760622610376,0.9264026983380746,0.9514435423936562
2023-03-21,1.141381710949815,1.109892803016345,0.9656051224404988,2.851854841823122,0.9827870498334372,True,0.9347088419606524,0.909647745417892,0.9762198852054864,0.9764252570361908,-3.031417154138024,0.7857532915345888,0.9381883223249309
2023-03-24,0.7560621256783994,0.7323682286620194,0.9654450266613992,3.159568270095628,0.9820486626036526,True,0.9204171046580722,0.8954653840774223,0.9753578965219596,0.979799300376668,-3.041669243414632,0.8483143245697836,0.9309984025045192
2023-03-29,0.9405430110696136,0.9304606676593722,0.9879030899749024,3.0879746134002697,0.9834585743393022,True,0.932492648504997,0.9164625542265924,0.9828850125937252,0.9819948647542484,-3.0453736730134837,1.0,0.9723993610018077
2023-04-03,0.9816403002468252,0.9816403002468252,1.0,2.9809606324337925,0.9832317371652765,True,0.961981239550094,0.955569201838732,0.99315400503749,0.9827369882008652,-3.0067258486656687,1.0,0.9889597444007231
2023-04-06,0.9864099094223344,0.9864099094223344,1.0,2.9876191654449413,0.9813005200693166,True,0.976638441473438,0.9740736263888934,0.997261602014996,0.9826220707503414,-2.9952618387332324,1.0,0.9955838977602892
2023-04-11,0.5362204092791327,0.5316678341509616,0.9916623590599,3.223624625690237,0.976505810262418,True,0.9414049988978938,0.9386811630098588,0.9968136625785884,0.9821327699113076,-3.0135308616897927,1.0,0.9982335591041157
2023-04-14,0.311570361677249,0.303515365489011,0.982868662994004,3.826277242814485,0.9611944779507128,True,0.8910182279202422,0.8878678992081912,0.9956980626118216,0.98045770655446,-3.0785505721797684,1.0,0.9992934236416463
2023-04-19,0.2566639618197631,0.2381166543724735,0.9529175451290036,3.956575831959084,0.9534036020764292,False,0.8402698866322039,0.8358877996213339,0.9922756212131962,0.9782933781962176,-3.148792592962114,0.8929312380486071,0.9907844487942031
2023-04-24,0.3677525412119253,0.3485778561025177,0.9574858561490616,3.7709200913587138,0.9500419476004344,False,0.8024684989985817,0.7969030041398286,0.9894924400080656,0.9760332637485548,-3.198562792833842,0.8902018381006422,0.9827378399387182
2023-04-27,0.6171108803456963,0.5933707441220905,0.9621262997609714,3.273893376515375,0.9459315314569344,False,0.7876398895063509,0.7806204233384096,0.987303148788298,0.9736251251652251,-3.2045892395283646,1.0,0.9930951359754873
2023-05-02,0.4924806518326587,0.4822700575657476,0.9788315928445604,3.274932633782488,0.956627493909592,False,0.7640271504924556,0.7567523940765968,0.986625424312799,0.9722653146647746,-3.210216711068695,0.8996782613505605,0.9856217860054931
2023-05-05,0.6151262699440493,0.5876491806146319,0.9589550828916352,3.2219678520958093,0.9653202645339456,False,0.7521150800485832,0.7432241369996396,0.984411796999106,0.9717097106543082,-3.2111568023508643,1.0,0.9942487144021972
2023-05-10,0.5494799560564019,0.5290708068691266,0.9666877559535296,3.2019758629218447,0.9624269879391084,False,0.7359042701292087,0.7260918705891987,0.98299387371546,0.9709670928370924,-3.2056482386934526,1.0,0.9976994857608789
2023-05-15,0.5880942319705555,0.5702639206178023,0.970710476018244,3.1769673276669264,0.9648721622738632,False,0.7240794670765165,0.713625634591487,0.9820112018996826,0.970479498392034,-3.188439692077537,0.9315663633352361,0.9924088359668275
2023-05-18,0.4221020646189634,0.4054660957243309,0.9661432763184572,3.590020930571375,0.953414006832906,False,0.6999212748799123,0.6889728714821146,0.9807417678531846,0.969114259067304,-3.220566191157044,1.0,0.996963534386731
2023-05-23,0.2623733692783283,0.2539068791029421,0.975619632619568,3.887143950692837,0.934492995075453,False,0.6649174424317855,0.6541675920917808,0.9803319970344953,0.9663445579479558,-3.273892411919908,1.0,0.9987854137546924
2023-05-26,0.2250256516174723,0.2122380634176001,0.959877302848856,3.883563250422783,0.9324628768855014,False,0.6297260991666405,0.6188132297978463,0.9786956214996442,0.9636340234629596,-3.3226660790001383,1.0,0.999514165501877
2023-05-31,0.129456016604333,0.1086568804715288,0.9128330114859252,4.230286181146695,0.9298182333243518,False,0.5897044925616559,0.5780007218517409,0.9734266126985468,0.9609287602518708,-3.3952756871718632,0.581760692746352,0.9660938876814351
2023-06-05,0.085289220680499,0.0670042456520854,0.8926001750747288,4.01037328636666,0.9202862380024068,False,0.5493512708111633,0.5371210037557685,0.9669604976886412,0.9576773584719138,-3.444483495107447,0.8359231691537888,0.9556802301992234
2023-06-08,0.0799694799241173,0.0637626523286902,0.8963996090766748,3.9983587766141966,0.9224687988888196,False,0.5118007275401997,0.4992523356416023,0.961315626599684,0.9548606737052664,-3.488793517627987,0.8359231691537888,0.9460996653155888
2023-06-13,0.0840329268134402,0.0677789218384413,0.9060783229815468,4.117553315372246,0.9168723667996288,False,0.4775793034820589,0.4647344625373494,0.9568966423102332,0.9518216091528152,-3.539094301447528,0.6788892100252737,0.9247228288923637
2023-06-16,0.1555045424375803,0.1357961493153454,0.9082907709095804,3.765043429605353,0.918354964029394,False,0.4518133225985007,0.4384193974795891,0.9530081725981808,0.9491442775429416,-3.557170231700154,0.7069282568333742,0.9072992631276445
2023-06-21,0.1265355869945678,0.1091272335828764,0.9135047982913468,3.934035830869324,0.9010918899310264,False,0.4257911037501861,0.4120760243678521,0.9498479026536344,0.9453000865339884,-3.587319479633688,0.7961049455395768,0.8984037177205992
2023-06-26,0.1925353110179071,0.1659681210793514,0.9000578066621593,3.8493022434207647,0.9238252150356032,False,0.4071306403316038,0.3923873921047721,0.9458646949743164,0.9435820968141176,-3.608278100736654,0.7069282568333746,0.8830856808496214
2023-06-29,0.2269364531339689,0.2012575301510006,0.9184896722271656,3.897478266394616,0.9051107289763892,False,0.392715105355793,0.3770970031484704,0.9436746931545444,0.9405043873870994,-3.6314141139892913,0.5938717067902293,0.85994856292487
2023-07-04,0.079824843145552,0.0682305029916806,0.914013653496526,4.200341191092629,0.8901783408908971,False,0.3676838843789738,0.3523876831359273,0.9413018099819028,0.9364783036674031,-3.6769282801575582,0.6963257087241511,0.8468587345888124
2023-07-07,0.1099176463121276,0.0881831583335886,0.884526140364594,4.062569723334856,0.9284849279779231,False,0.3470625853336261,0.3312513211517402,0.9367597564125184,0.935838833612245,-3.7077795956117434,0.779901296154193,0.841502139514043
2023-07-12,0.1285874835957958,0.1011816916473699,0.8701006370657925,4.053528870859136,0.9448062583811064,False,0.3295845771945997,0.3128457507913906,0.9314270268647802,0.9412192884735618,-3.735439537631534,0.6166297070584438,0.8235123449175951
2023-07-17,0.1503731038613825,0.1255593445240363,0.9093859006224654,4.145298104917186,0.9377355258160616,False,0.3152476593279423,0.2978628382900022,0.929663736765395,0.9409405874609618,-3.768228223014386,0.8933054733132644,0.8653882219549967
2023-07-20,0.1314880519160563,0.1072739241678986,0.9024310637271444,4.138991024065633,0.9411922667616672,False,0.3005468907349915,0.282615725160234,0.9274851229223352,0.941091595041385,-3.797889247098486,0.8075697696967398,0.8607627457743361
2023-07-25,0.0276369284987389,0.0188927157483352,0.9154204473632014,4.841720537745322,0.9402624550350996,False,0.2787140937560913,0.2615178844072821,0.9265199488776044,0.941025263840882,-3.881395750350233,0.7638842507031953,0.8530124661686449
2023-07-28,0.0269964236328781,0.0173733732550996,0.9283866634051584,4.876604619870743,0.9314874368739052,False,0.2585766801462342,0.2419863235151075,0.9276399775941369,0.940262237683524,-3.961012459911874,1.0,0.941204986467458
2023-08-02,0.0742073081617487,0.0615809301657889,0.9354276298767624,4.504418204476723,0.9450773928530404,False,0.2438271303874754,0.227553892047162,0.9323125689637124,0.9431513307852338,-4.004484919477062,1.0,0.9764819945869831
2023-08-07,0.0583710336838539,0.0534350926738716,0.9732831430457772,4.743052346433075,0.9056240938271536,False,0.2289906426511857,0.2136243880972988,0.9568949134129512,0.9401491518285876,-4.063570313633544,1.0,0.9905927978347933
2023-08-10,0.0427852735387776,0.0392069955201719,0.9742474692785498,4.63357782455375,0.9024720111244572,False,0.2140942131221931,0.1996709966911286,0.9673064469323104,0.9371349805722572,-4.10917091450716,1.0,0.9962371191339173
2023-08-15,0.0425605304263451,0.0376200347451463,0.964147386195344,4.730693672958148,0.8950385865307386,False,0.2003715185065252,0.18670691973545,0.9670537220733528,0.9337672690489356,-4.158892735183239,0.865840035046577,0.9858053524069301
2023-08-18,0.0681467777273096,0.0625977975001687,0.969791627080784,4.456832931775912,0.8787070190773467,False,0.189793539244188,0.1767781899566275,0.9686964650778116,0.9293624490512084,-4.182727950910653,0.8704019004614185,0.9765730762512893
2023-08-23,0.0767492298966389,0.0698077576651155,0.9631236515214469,4.388968823772612,0.8836564720951174,False,0.1807499944963841,0.1682205553733066,0.9682506399933024,0.9257059708947212,-4.19922722073961,0.8611102893368415,0.9673360532981335
2023-08-28,0.119451334564668,0.1068725792569867,0.9473639131161028,4.355736077346351,0.8951814204709901,False,0.1758461017018468,0.163312717284001,0.9665797018431266,0.9232640068608228,-4.211747929268149,0.8887280965282838,0.9610474167565456
2023-08-31,0.0484111184631205,0.0351419509622938,0.9028212799240752,4.6435313506845,0.8386449419491934,False,0.1656513030427487,0.1530590559782644,0.9614790280896024,0.9164944816678924,-4.246290602981458,0.6549538514883079,0.9365599315350865
2023-09-05,0.0421098192738855,0.0300130810460671,0.8939358220234136,4.440471426632902,0.8568092962330622,False,0.1557679843412396,0.1432153779836887,0.9560755716043072,0.911719666833106,-4.2618250688735735,0.5632952955118838,0.9066987606532304
2023-09-08,0.0446562552040518,0.0296519682392089,0.8667312727448497,4.392329880514216,0.8770966085716309,False,0.1468790460102646,0.1341303052041303,0.9489280276955508,0.908949822172188,-4.272265453804825,0.4924651238193042,0.8735600697065163
2023-09-13,0.0197586946339736,0.0142756018782359,0.9404485013635469,4.981743914548331,0.8349267932187718,False,0.1367094179001614,0.1245419289380588,0.9482496655889906,0.9030279798559148,-4.329023730664305,0.9471810016985633,0.9177326289017445
2023-09-18,0.0196498436374819,0.0137773051540236,0.9393208014927288,4.9975932596695225,0.8779694299002297,False,0.127344651959147,0.1156807590353359,0.9475353564612896,0.9010232958594602,-4.3825092929847225,0.7525854161107604,0.9045208518784658
2023-09-21,0.0944011826741065,0.0810652087946948,0.9517205534030936,4.611969930817123,0.9093654727821704,False,0.1247091744163438,0.1129115150160847,0.9500464746263722,0.9060286020130864,-4.400866144011316,1.0,0.9618083407513863
2023-09-26,0.1331992182780694,0.1184853222934998,0.9539453867920702,4.588804320944873,0.9172128595564248,False,0.1298032007333792,0.1162557993825338,0.952385821925791,0.9127391565390894,-4.415901198166,0.8826967587197864,0.9554794141888584
2023-09-29,0.0273765987378592,0.0211948762369365,0.9438083874771632,4.650766468761414,0.934639808484219,False,0.1216090725737376,0.108650925530886,0.9516996271699008,0.9258795477061672,-4.434690419813633,1.0,0.9821917656755433
2023-10-04,0.0240951414991966,0.021035003267223,0.967706573755863,4.704485157345825,0.9214607015649836,False,0.1138079580877743,0.1016416517497929,0.9613037951214782,0.9255260400148726,-4.456273998816209,1.0,0.9928767062702173
2023-10-09,0.040826623091415,0.0354995363094702,0.9520935714574696,4.38366530590466,0.9197602222925874,False,0.1079694512880656,0.0963502825145671,0.9605669772283576,0.9250647745970898,-4.41270878306928,1.0,0.9971506825080869
2023-10-12,0.0388514203849827,0.033771640291686,0.9521045655920553,4.380951259177826,0.9192528330612302,False,0.1024400088158189,0.0913439911367366,0.9598899842974536,0.9245998192742212,-4.393654268734408,1.0,0.9988602730032348
2023-10-17,0.0542514016355781,0.0478230278182665,0.9484375931215524,4.275941323666098,0.9159559691904204,False,0.0985849202413997,0.087862314071259,0.9589737930033816,0.923908311267517,-4.3230265016934215,1.0,0.9995441092012939
2023-10-20,0.0587704497628279,0.0517308949473714,0.9429042793571396,4.183249433615215,0.9164877830564996,False,0.0953997626031139,0.084971800541348,0.9576882319116822,0.9233146690106356,-4.239160260846497,1.0,0.9998176436805175
2023-10-25,0.0988978829280726,0.0946691345807849,0.9771265046982488,4.104557027292559,0.9043857227570814,False,0.0974986347980891,0.0907902009650101,0.9693511955836224,0.9218003533103512,-4.158398320714134,1.0,0.999927057472207
2023-10-30,0.3821277060487001,0.3774209842382734,0.9909370777503024,3.7340560049140215,0.9568624873142978,False,0.2682760775484557,0.2627686709289681,0.9823027248836304,0.9428376337127192,-3.903792931234067,1.0,0.9999708229888828
2023-11-02,0.2959186436960594,0.28640341799042,0.9730185692208289,3.693218164087353,0.942404854349382,False,0.2848616172370179,0.2769495191658392,0.9815599924306064,0.9428030113636524,-3.7774480709460394,0.9098736861866105,0.992763052044701
2023-11-07,0.0313840870797636,0.0276297775769196,0.9449160073736156,4.2262310200289015,0.9055389260851252,False,0.2645834148244376,0.2570039398387256,0.9786284736260472,0.9398218845413702,-3.813350706872668,0.7787034322874978,0.9756382824641248
2023-11-10,0.0181867981241389,0.0157561181504103,0.9519023371789403,4.472433586291788,0.8836601666914867,False,0.2448716854884137,0.2377041141036604,0.9764903827102788,0.9353289471133795,-3.866077337226198,0.7787034322874978,0.9598834944499947
2023-11-15,0.017622467295449,0.0149164155029213,0.95365297614482,4.532508182205535,0.8836008752425109,False,0.2266917480329766,0.2198810982156013,0.974663390185042,0.9311907013637102,-3.919391804824545,0.9474942861647816,0.9588923577871777
2023-11-20,0.0076981713836715,0.0060927427692868,0.9616260297428882,4.805045613939659,0.8453924165655937,False,0.2091722619010322,0.2027780297798961,0.9736204013496698,0.9243268385798608,-3.990244109553754,0.8253366482639716,0.9482079010253213
2023-11-23,0.00453705552323,0.0034024925270439,0.967781414727144,5.023546221654105,0.838350311450745,False,0.192801445390808,0.186827986799668,0.9731532824198678,0.9174487164095316,-4.072908278521783,0.9901925065884823,0.973398664363218
2023-11-28,0.010616407497248,0.0089189597685947,0.9649372116186514,4.763365969324077,0.8691787324634954,False,0.1782266423593232,0.1725952646371821,0.9724959967557704,0.9135871176938488,-4.128144893785966,0.9160667774125151,0.9688121134071618
2023-12-01,0.0084374430756808,0.0066706727930484,0.9644071400511816,4.904532814537305,0.8698964657873034,False,0.1646435064166318,0.1593212972896514,0.9718488882194034,0.9100918655413252,-4.190255927446073,0.9977408807681875,0.9861693738237771
2023-12-06,0.0133224367646342,0.0091615452395228,0.936628103808256,5.0623840229198604,0.7866273597367537,False,0.152537820844472,0.1473085171256411,0.9690312254665115,0.9002147050769594,-4.2600261750839765,0.8480278827854979,0.9751180545407148
2023-12-11,0.0170124355509742,0.0118868865638505,0.956453249410752,5.073629941982501,0.8417929620578022,False,0.1416957900209922,0.1364747866806979,0.9680249873820508,0.895540965635427,-4.325114476435859,0.8566915169145053,0.965643931530618
2023-12-14,0.003551143825879,0.0012060817048917,0.9419524123383154,5.242251962802368,0.7644734239984652,False,0.1306442183253832,0.1256532902826334,0.965939181378552,0.8850555623044701,-4.39848547534518,0.9888465651431595,0.9795655116981429
2023-12-19,0.0067329612058452,0.0027028181183972,0.8860281815674058,4.86170826667956,0.862155733340785,False,0.1207313177558201,0.1158172525094945,0.9595463013936604,0.8832235759873753,-4.435543298651931,0.7850581632040716,0.9640049238186172
2023-12-22,0.0057182755278052,0.0024883150738932,0.9009786776107988,4.948408192918498,0.8351875505284128,False,0.1115302743775789,0.1067509375146464,0.9548608914910316,0.8793806939506583,-4.476572490193256,0.773979830360413,0.948802916341961
2023-12-27,0.0062149619536536,0.0028065089813641,0.8999566657891094,4.93260339490866,0.8219669530692589,False,0.1031050493836649,0.0984353832319838,0.9504685534348776,0.8747875946801463,-4.5130549625704885,0.7590456495001234,0.933622334994614
2024-01-01,0.0068646783013739,0.0033559337943553,0.8890646892377384,4.624591566437534,0.8281143144740852,False,0.0954058196970816,0.0908290272769735,0.9455562442991066,0.8710537322636615,-4.521977890879852,0.6563924837850792,0.9114439468978512
2024-01-04,0.0284919703738045,0.0209780537863199,0.910983079153155,4.316954062176817,0.7936800964207047,False,0.0900527117512195,0.0852409493977213,0.9427903910874303,0.8648638413962249,-4.398963593658031,0.6450491295280709,0.8901323615082688
2024-01-09,0.0319563011764176,0.024094347703771,0.9116932782864992,4.404113124915792,0.7720181229564173,False,0.0854049989052353,0.0803492212622052,0.940302622063356,0.8574361839210403,-4.399375556158652,0.8447345150409246,0.8865005337908813
2024-01-12,0.0170336000768784,0.0117894821293134,0.9062944814711772,4.576397917555995,0.7991021298763343,False,0.0799352869989668,0.0748644421315739,0.9375819708159816,0.8527694595974639,-4.41353734507044,0.8571157173927771,0.884149748479033
2024-01-17,0.0192078001265768,0.0118374302519041,0.8932590606960521,4.404620103715303,0.7696468383954543,False,0.0750770880491756,0.0698222811812003,0.9340361380063872,0.8461196499013032,-4.408187000257358,0.6544892138069737,0.8657769057052683
2024-01-22,0.0457858489757944,0.0372703020011548,0.9330090144489394,4.269767070697604,0.7962801525375817,False,0.0727337889233051,0.0672181228467967,0.9339539681217914,0.8421324901122055,-4.325135042521506,0.6926197501905997,0.8519243332640949
2024-01-25,0.0624903540743004,0.0536541169140819,0.9362790872754158,4.348542507731488,0.7823998568936547,False,0.0719143141353847,0.0661330023721795,0.935349039613966,0.8373538794547215,-4.327007639738304,0.7684223937395308,0.8452441781021298
2024-01-30,0.0187355928759513,0.0160361339582962,0.951926362247171,4.482053920933199,0.7622041598939827,False,0.06766001643463,0.0621252528990688,0.945295433193889,0.8313419018898625,-4.3394113422338965,0.791966808935883,0.8409819885688301
2024-02-02,0.0443281766154535,0.0365265894132249,0.9358433895640004,4.645012941771277,0.8001950583917233,False,0.0657934692490959,0.0600773598202013,0.944539269703498,0.8288501544100113,-4.363859470196887,0.834319857163509,0.8404490180564044
2024-02-07,0.0113830023254454,0.0094306777779007,0.912860131203602,4.512197178658733,0.8428255881530416,False,0.0614406318952039,0.0560256252568173,0.9420049386235064,0.8372354146558295,-4.375726486873835,0.691683589851744,0.8285477838000316
2024-02-12,0.0248424526034064,0.0192831312606596,0.904077023456318,4.721793083596005,0.8293146493338629,False,0.0585127775518601,0.0530862257371247,0.9389707054101314,0.8366017534300723,-4.403411814611609,0.5843496578207309,0.8090119337216876
2024-02-16,0.0134927940875964,0.009162986191888,0.9059101339996284,4.6787369753083645,0.8567599666157825,False,0.054911178874719,0.0495723665735057,0.9363258596972912,0.8486966813414984,-4.425437827467349,0.73801422280725,0.8033321168485326
2024-02-21,0.0085842468710389,0.0050086561145572,0.8972991223795013,4.801589664473606,0.827206578287638,False,0.0512050243144246,0.0460072697367899,0.933203720711868,0.8469774730971896,-4.45552997442785,0.6580498907870801,0.7917095387636164
2024-02-26,0.016744779587155,0.0104647155326831,0.8932514573222002,4.671983977979596,0.8734052456567856,False,0.048448204736243,0.0431638654004613,0.9300075396406948,0.8628341366329472,-4.47284629471199,0.8479833630549343,0.8254738333384071
2024-02-29,0.0314135953694698,0.0221236192972661,0.8928984491543651,4.620849788396734,0.857778055607503,False,0.0470854359869012,0.0414806457122057,0.9270388124017884,0.8624296501509117,-4.484686574206769,0.7181388823931496,0.8168870372627866
2024-03-05,0.0152586359971567,0.0113233770644332,0.9423820414824003,5.005548302875125,0.8595174251159677,False,0.0445392919877216,0.0390680642203839,0.9362447498501556,0.8621966721481161,-4.526355512500238,0.8049651956393633,0.8159332899329127
2024-03-08,0.0099386820112996,0.0070510839127499,0.9545072268845664,5.232000052527255,0.8389523733318294,False,0.0417712431896079,0.0365067057957732,0.947202236070802,0.8603371282428132,-4.5828070757024,1.0,0.9263733159731651
2024-03-13,0.043917816784972,0.0399948483703499,0.97500529943731,4.929982433906705,0.8780567583320067,False,0.0430591873468263,0.0385995913405192,0.9638840740907068,0.8709689062963293,-4.610581104358745,1.0,0.970549326389266
2024-03-18,0.1242392581670214,0.1220005931949112,0.993142263627085,4.619199875116154,0.8747417820624014,False,0.0917672298389434,0.0886401924531544,0.9814389878125338,0.8732326317559725,-4.611270606019337,1.0,0.9882197305557064
2024-03-21,0.0743444148703054,0.0606407801854858,0.9319105639679456,4.665260396926646,0.8242612745809328,False,0.0903734046414523,0.0864002394717409,0.9774767139049668,0.8693149231819693,-4.615589789291922,0.8055831716353964,0.9736088058420816
2024-03-26,0.1166030187953484,0.0921859118857525,0.9050985510237366,4.456073280106146,0.8341427361590907,False,0.1061111731337899,0.0898716429201478,0.9716864608744684,0.8665011482201391,-4.519879883780456,1.0,0.9894435223368326
2024-03-29,0.0695770680528945,0.0540751969692826,0.9181957907918492,4.5871560138986975,0.8599763007907044,False,0.1031884447273183,0.0870079272440786,0.9674072072678588,0.8659791604257844,-4.525261974189916,0.5169152717875697,0.9516412622928917
2024-04-03,0.1233674190269775,0.1115493916543168,0.9589197854318532,4.156788306552771,0.9068854407335118,False,0.1152958293071138,0.1017328058902215,0.9667282135209784,0.8905229286104208,-4.304177773607629,0.9125016988074959,0.94851009721406
2024-04-08,0.113011326220157,0.0859875284528412,0.9149055303360216,4.332827345137456,0.925251334326528,False,0.1151130690601573,0.1004731836952311,0.962582398866182,0.9113599720400852,-4.306469739330015,0.9502342558009979,0.9495445923662227
2024-04-11,0.0849565176628342,0.0696945445017931,0.9426171304030894,4.664708206711286,0.9236100357608202,False,0.1127005449483714,0.0980108925597561,0.9609851773891348,0.918710010272526,-4.335128816720517,0.9473822806997447,0.9493716074329045
2024-04-16,0.0926829562195497,0.0771169833403251,0.9453044832375628,4.6191459624896485,0.9092931237201684,False,0.1110991378500657,0.0963393798222016,0.959730721857009,0.9179566593483376,-4.357850188382048,1.0,0.9797486429731618
2024-04-19,0.0634533510578924,0.0541813162767701,0.954260188157656,4.625114025150666,0.9180703772949173,False,0.1072874749066919,0.0929667347385671,0.9592930791610608,0.9180248901162852,-4.379231295323537,1.0,0.9918994571892648
2024-04-24,0.0781136275199834,0.0721892803254095,0.9710518622953672,4.427125691850773,0.935669126645726,False,0.1049535671157552,0.0913045383855145,0.9663483490416448,0.9286114320339498,-4.383062847045716,1.0,0.9967597828757059
2024-04-29,0.0834236778171378,0.0767955709932101,0.9698152075131836,4.388698585429298,0.9398356102437058,False,0.1032311759718658,0.0901438209941301,0.968428464124568,0.9353459389598032,-4.3835137061164025,1.0,0.9987039131502824
2024-05-02,0.1792874116854745,0.160543252784105,0.9393973243954216,4.043874243840132,0.9644156032892708,False,0.148864917400031,0.132383480068115,0.9661059729462363,0.952787737557484,-4.17973002875064,0.9168339330214668,0.9921543147399772
2024-05-07,0.2258346818510616,0.2135912829436692,0.9652766943064944,3.9091773207258553,0.9670632798776916,False,0.1950467760706494,0.1811081617934475,0.966039630655057,0.9613530629496084,-4.017398403935769,1.0,0.9968617258959909
2024-05-10,0.2852318677990752,0.2673120343228385,0.9553969369267163,3.862363339168212,0.973629984410075,False,0.2491578311077049,0.2328304853110821,0.96518821515679,0.9687192158258884,-3.9243773650752343,1.0,0.9987446903583963
2024-05-15,0.199706932353339,0.1862026345547437,0.9582196680893176,4.0768841619055705,0.9714715726046156,False,0.2452017592073556,0.2291002572505751,0.964630731391392,0.9703706298931248,-3.9365779088216617,1.0,0.9994978761433585
2024-05-20,0.1160792165540056,0.1034869368544059,0.9458871915903206,4.337839591380949,0.9428442625062824,False,0.2348719557950876,0.2190511916188815,0.9631312482073064,0.9681685205021774,-3.968678843426405,0.688364683995594,0.9746072207715374
2024-05-23,0.0652704329286953,0.0583653640650127,0.9488597889689158,4.463097492200025,0.9164069714084492,False,0.2213038339657762,0.206196325414572,0.9619895314682352,0.9640275965746792,-4.008232335328295,0.7805170658696412,0.9590800083793858
2024-05-28,0.0508922744848725,0.0461480978756162,0.9667796922294324,4.6895534979248845,0.9095765862345648,False,0.207670909207304,0.1933924672114556,0.9648636279249536,0.95967151574747,-4.062738028336022,0.9462485802184847,0.9580534941265137
2024-05-31,0.1555250477908758,0.1463704719851566,0.9603956613852572,4.069087957812023,0.9423207821041056,False,0.2034992402939897,0.1896307075933517,0.964506190601778,0.9582834570560008,-4.063246022694102,1.0,0.9832213976506055
2024-06-05,0.1335392535281365,0.1157077470997172,0.9244978352144196,4.186816321503862,0.9419877249091684,False,0.1979024413527215,0.1837168707538609,0.9613055221707894,0.9569797984842544,-4.073131646598883,0.8049953985426206,0.9689633177219668
2024-06-10,0.0826533545544314,0.0766763163171114,0.9615145985269524,4.337381281447981,0.920813976005768,False,0.1886825144088583,0.175153626398921,0.9614309679844872,0.9540865326859757,-4.094271617386811,0.8224330964866109,0.9572409000231383
2024-06-13,0.0864716529459319,0.077887438841682,0.94890941739519,4.29622671837655,0.9261874702013536,False,0.1805056454918241,0.1673723313943419,0.9604292439373436,0.9518546076872058,-4.110428025465991,1.0,0.9828963600092553
2024-06-18,0.0969824168392772,0.089533905447684,0.9589063953313,4.206647682176115,0.940744666207588,False,0.1738237871996204,0.1611452573186093,0.9603074160488602,0.9509658123688364,-4.118125598002801,1.0,0.9931585440037021
2024-06-21,0.0899029289995181,0.0850496814720362,0.970949053030776,4.21030599085504,0.9445259204289568,False,0.1671101185436122,0.1550576112508834,0.9666923982380098,0.950450621013646,-4.125500029430981,1.0,0.9972634176014809
2024-06-26,0.1836497484308651,0.1836497484308651,1.0,4.231679068552888,0.9423509087105892,False,0.177033896475964,0.1722128935588724,0.986676959295204,0.9498026440294016,-4.133994352560734,1.0,0.9989053670405923
2024-07-01,0.1383007295612846,0.1352153122903601,0.9882708023066678,4.318147772837136,0.9557014966953084,False,0.1739352431227896,0.1692530870573915,0.9876332651020824,0.9533419556289456,-4.148726626182846,1.0,0.9995621468162369
2024-07-04,0.1595940441071098,0.1433402251799128,0.9479697026062668,4.3038167225049335,0.9615636918763328,False,0.1727879472015352,0.1671800581071932,0.984460180102417,0.958274997377378,-4.161133833888614,0.8835521951712616,0.9902813506846389
2024-07-09,0.141905478741416,0.1290409642621292,0.94894780227274,4.294144373072003,0.9637962944823284,False,0.1703173497247257,0.1641289305995881,0.9816191898760428,0.9615877756403484,-4.171774677023285,0.7877190612134076,0.9740763675269404
2024-07-12,0.020332826926077,0.0135179346401812,0.9437261559509172,5.250746049973052,0.9334983987219928,False,0.1583185879008338,0.1520800509228355,0.9785877471620328,0.95934062548688,-4.258092386859266,0.8490652566873984,0.964075478659777
2024-07-17,0.0091788847097021,0.0045056173326765,0.9506716468293566,5.48359574059436,0.8976563504392002,True,0.1463874116455432,0.1402740962356228,0.9763544591354189,0.9544058834830657,-4.356132655158074,0.7947994877331699,0.9505333993856485
2024-07-22,0.0123997098888002,0.0074898445664993,0.9312657748117013,5.210438612165341,0.926231182276731,True,0.1356683955050038,0.1296513561020929,0.9727473643895216,0.9521519073865587,-4.424477131718655,0.9071792159842457,0.9470650647135364
2024-07-25,0.0898112550265419,0.0681725933031217,0.9205903757417724,4.709532585953438,0.9485856923475208,True,0.1319998242667268,0.1247330550781752,0.9685748052977016,0.951866610183436,-4.447281568057438,0.7886936025759043,0.9343953477425259
2024-07-30,0.084896478912997,0.0752630259211611,0.9648371803760322,4.684019717580569,0.9433799694211218,True,0.1282315566384285,0.1207754527456141,0.968275795303968,0.9511876789224508,-4.466220620019288,0.860138101190114,0.9284547680183329
2024-08-02,0.6337628275443545,0.6139156311680783,0.9629745318382726,3.0136526273938653,0.9792408240062204,True,0.4315503191819841,0.4166595597990926,0.9678516942267126,0.9680195659727128,-3.594679824444034,0.8483143245697835,0.922043532542449
2024-08-07,1.244478843347571,1.2190803192943336,0.972688603139705,2.6994801325982123,0.9972092981556364,True,0.9193074336813364,0.8981120154962372,0.970753839574508,0.9855334052824668,-3.057560009336541,0.7857532915345888,0.9111403132618201
2024-08-12,1.3553965419503458,1.3160999856284894,0.9618671541170934,2.5769321224467108,0.9977169291307314,True,1.180960898642742,1.1489047975755886,0.9700429047379148,0.9928435195914256,-2.769183277202643,0.7392266046050655,0.8973872165692798
2024-08-15,1.2716250705849077,1.237380938847173,0.964461616179518,2.5330889730485264,0.9976299541502008,True,1.2353594018080414,1.2019904823385392,0.9695964016532432,0.9957153803266908,-2.627526694710173,0.7195610821937964,0.8831611258192412
2024-08-20,1.2729793510211167,1.2455837573028998,0.9717478545838736,2.6138524546784243,0.9976174237957708,True,1.2579313713358866,1.2281464473171555,0.9708872734116214,0.9968566064081388,-2.619322150691124,1.0,0.9532644503276965
2024-08-23,1.2950476441298209,1.2808106583705008,0.9857223120885404,2.6081206256350637,0.9975995348676042,True,1.280201135012247,1.2597449739491626,0.9797882966177728,0.997302363483818,-2.6126012356574875,1.0,0.9813057801310786
2024-08-28,1.4415896221926237,1.4415896221926237,1.0,2.488902285617763,0.9979520589132168,True,1.3770342273204732,1.3688517628952392,0.9919153186471092,0.9976921807414572,-2.538381865633653,1.0,0.9925223120524315
2024-09-02,0.3801254423177027,0.3583062208058825,0.9522913101162498,3.549126188599662,0.9961462593220968,True,1.2972815245202516,1.2880081195280908,0.9887453979646404,0.9975685070279084,-2.619241411470933,0.7877190612134077,0.9761380519853096
2024-09-05,0.1517821812313541,0.1424391764824241,0.9597747204451246,3.893514666638539,0.9875246878671002,True,1.20564157705714,1.1963626040844375,0.9864277437630792,0.9967650014950438,-2.7211832718843425,1.0,0.9904552207941238
2024-09-10,0.146090983953763,0.1405895054556754,0.9751212792858164,4.028272460427782,0.9820865914080388,True,1.12087752960887,1.1119007561941368,0.9855232266048984,0.9955907286880834,-2.825750406967818,1.0,0.9961820883176495
2024-09-13,0.1355388405485182,0.1182874388134129,0.9385574406744652,4.40810009764309,0.9742989461910312,True,1.042050434484042,1.032411690803679,0.9817659637304638,0.9938873860883192,-2.95233838222184,1.0,0.9984728353270598
2024-09-18,0.1499015390928009,0.1307731689793486,0.9312822389843596,4.214029942256607,0.973180931156506,True,0.9706785228527428,0.9602806090577326,0.9777272657507756,0.9922308696937744,-3.053273707024622,0.9278939456938204,0.9928265241564007
2024-09-23,0.2909015228633805,0.2909015228633805,1.0,3.913666917074464,0.94619649540251,True,0.9162963628535936,0.9067302821621844,0.9910909063003102,0.9885481197504732,-3.1221051638286093,1.0,0.9971306096625603
2024-09-26,0.2301037871498933,0.2301037871498933,1.0,4.077767390568218,0.943106681624494,True,0.8614009567972978,0.8526001625612013,0.996436362520124,0.984912804700395,-3.198558141967778,1.0,0.9988522438650241
2024-10-01,0.0799743662442901,0.0781007525640653,0.989270099178876,4.38752236415375,0.9420858179816518,False,0.7988868295530571,0.7906402097614305,0.9958630614528242,0.9814866457628956,-3.293675279742656,1.0,0.9995408975460096
2024-10-04,0.0445500033755147,0.0379257956120313,0.960180003060981,4.575671118376233,0.921671510991517,False,0.7385398834588538,0.7304230566294786,0.9930084167814768,0.9767014349811852,-3.3962349468333426,0.8943931649551448,0.9911290789387405
2024-10-09,0.0941220837429051,0.088508514174726,0.9716451260751028,4.519913620817854,0.9415219146914688,False,0.6869864594815779,0.6790698932330984,0.9912993535249668,0.973887073358008,-3.486129240752104,1.0,0.9964516315754962
2024-10-14,0.0763242533224919,0.0732023327357332,0.9823344775770484,4.65890259032811,0.9371602018939356,False,0.6381334829888511,0.6306004883933093,0.9905821634491336,0.9709489236408824,-3.579951108718185,1.0,0.9985806526301985
2024-10-17,0.0427366588143029,0.0379558670493799,0.9655998475015388,4.99633385392502,0.9385167377633036,False,0.5905017370548873,0.583188918685795,0.988583578173326,0.968354348770676,-3.693261728334732,1.0,0.9994322610520794
2024-10-22,0.0473534455068993,0.0429229520985227,0.9637468150856298,4.677644986113424,0.9495968718730396,False,0.5470498737310483,0.5399676413588133,0.9865966371263104,0.9668537506188652,-3.772012388957027,1.0,0.9997729044208318
2024-10-25,0.0708992109848833,0.0656666382429837,0.96957667759928,4.459915997086118,0.9554654903063922,False,0.5089578207113551,0.5020235611095469,0.985235040364148,0.9659426897938674,-3.8270446776073546,1.0,0.9999091617683327
2024-10-30,0.0798652731194527,0.0728255621768531,0.9617189317481942,4.362770495488658,0.9905877900935056,False,0.4746304169040029,0.4676877211949314,0.9833537516748716,0.9807297499736504,-3.869902743037859,0.9246054407024115,0.993884864083059
2024-11-04,0.0836147163437519,0.0817827705617279,0.989813689044251,4.390031773363643,0.990426940182042,False,0.4433491608591828,0.4368153251442752,0.9872297140964994,0.9865480640986852,-3.911513065463922,1.0,0.9975539456332236
2024-11-07,0.1233685563115274,0.1204433905929722,0.9864741566934776,4.015177846127258,0.987140692224473,False,0.4177507124953704,0.411505570380171,0.9871692695042577,0.9869036409741578,-3.9198062479169895,1.0,0.9990215782532894
2024-11-12,0.1170349438883797,0.1136813226069822,0.9847885628909652,4.063255853535274,0.9869134997110978,False,0.3936934510068112,0.3876796305583159,0.9869788129751944,0.9869095562163216,-3.9312822163664527,1.0,0.9996086313013157
2024-11-15,0.0913896437732246,0.088718776582516,0.988128617984196,4.373710048307513,0.9832343592023566,False,0.3695091464281242,0.3637627622402519,0.9876686959805954,0.9866155404552044,-3.9666764429217376,1.0,0.9998434525205263
2024-11-20,0.0780100241051391,0.0769599600754463,0.994005261537916,4.367689010330329,0.9825896054914643,False,0.3461892166422854,0.3408185380670674,0.9914706353149878,0.9862934656581052,-3.998757448314425,1.0,0.9999373810082105
2024-11-25,0.1155232168070638,0.11134323721642,0.9859564839856906,4.651191263967967,0.9643564742045488,False,0.3277359366554677,0.3224605139990157,0.991029503208644,0.9845385063418208,-4.050952153566708,1.0,0.9999749524032842
2024-11-28,0.1581192892709943,0.148455776800352,0.9669137592326692,4.082622199524596,0.9088882779900542,False,0.3141666048647099,0.3085401350231226,0.989100243690566,0.9784864880736796,-4.053485757243339,1.0,0.9999899809613136
2024-12-03,0.1259507944202437,0.1205451028708291,0.9767420216180176,4.179224731166909,0.9274663302980432,False,0.2991093400291526,0.2935005324509391,0.9881115859247622,0.9744048754516288,-4.063544875157225,1.0,0.9999959923845254
2024-12-06,0.0950188942645044,0.0910392338612235,0.9773077068486354,4.291659970266336,0.9197965861387356,False,0.2827821043679808,0.2773036285637619,0.9872472755986722,0.9700362123065972,-4.0817940827659545,1.0,0.9999983969538102
2024-12-11,0.0919150167492612,0.0876481100553607,0.976728405161566,4.375869212551885,0.9117528688914148,False,0.2675127373584832,0.2621311870830898,0.9864057659637038,0.9653735448333828,-4.105320093148829,1.0,0.9999993587815241
2024-12-16,0.1323115227241618,0.1323115227241618,1.0,4.370278101502549,0.9194517323506156,False,0.2566966401877375,0.2517456139343755,0.9945623063854816,0.9616997998347612,-4.126516733817127,1.0,0.9999997435126097
2024-12-19,0.0223482099202982,0.0137684442239168,0.9167012960334686,4.895372666877081,0.9632224600126524,False,0.2379487657663423,0.2327074403575388,0.9883334255573204,0.962613395941496,-4.188025208461923,0.8551879236659099,0.9884147979248736
2024-12-24,0.048660634501576,0.0343232039322457,0.8799287611782857,4.468987768186551,0.9834385582260956,False,0.222805715265161,0.2168367014435154,0.9796610524069976,0.9751084933122558,-4.210502213239893,0.594328378999795,0.9568878844108674
2024-12-27,0.0465748215434779,0.0323662613354647,0.8487338958304207,4.3041393419400125,0.983937407619546,False,0.2087072437674264,0.2020790662348714,0.9691868798808716,0.98040584189663,-4.217993183535903,0.5855742961701986,0.9271827973516138
2025-01-01,0.0744672888059656,0.0573316157325135,0.8777822687160565,4.10240955101923,0.9845816659252454,False,0.1979680473705095,0.1904992701946828,0.9618745109876864,0.9829113363137992,-4.1486430040259,0.8278237420229498,0.9192340729253207
2025-01-06,0.0700167844667747,0.0562441050511802,0.8887999378168449,4.142335896287306,0.9837966209025564,False,0.1877319463382108,0.1797588569832026,0.9560285451340192,0.9834425070670536,-4.144858739382744,0.6732422641604643,0.8995547282241322
2025-01-09,0.0612171365586143,0.0507184674054838,0.8950637586865258,4.097922395739479,0.985087451136264,False,0.1776107615558431,0.1694356258169851,0.9511513622182198,0.98442947350858,-4.116696933196785,0.6060695798060373,0.8760759163506846
2025-01-14,0.0555498877390497,0.0435816615052861,0.8915930960846308,4.2305790434510655,0.9856800435567344,False,0.1678458916504996,0.1593673086720491,0.9463867009275329,0.9851798155374724,-4.125807502017127,0.6129810897045461,0.8550283302189936
2025-01-17,0.0650535720993478,0.053351863150306,0.9483458463212712,4.699964036153384,0.9604955436561968,False,0.1596225060864075,0.1508860730303097,0.947562188163776,0.9832050737869704,-4.171740024748028,1.0,0.9420113320875975
2025-01-22,0.083719417221553,0.0649066023398478,0.9305391185771952,4.559083542785965,0.9482778649824314,False,0.1535502589772191,0.1440077153750728,0.9462003425968496,0.9804108970826072,-4.202727506191064,0.8978970805874922,0.9384821919675891
2025-01-27,0.2620982723133269,0.2489286704784318,0.9671602993143285,3.9575328482046217,0.9702227308051736,False,0.2186790669788838,0.2069602884370882,0.9587763166273368,0.9795958437804126,-4.055610711399199,1.0,0.9753928767870357
2025-01-30,0.2198791979379196,0.2031093426345874,0.9568354351125412,4.024853191355515,0.9578441102663182,False,0.2193991455543052,0.2066522127728881,0.9586210461061532,0.9778557050992852,-4.037156199372989,1.0,0.9901571507148142
2025-02-04,0.3124121337888307,0.297985261823213,0.9654027086930792,3.6287262047766182,0.9798615230541504,False,0.2752069384950205,0.261452042203083,0.9626900436583088,0.9790591958722044,-3.792098202615167,1.0,0.9960628602859257
2025-02-07,0.3878563635568306,0.3658942658417305,0.951772816444332,3.6194549246083327,0.9805680162849107,False,0.3427965935321065,0.3241173763862716,0.9618166654811908,0.9799644881198282,-3.688512235811066,1.0,0.9984251441143703
2025-02-12,0.1129606342245624,0.1067790000511757,0.9768429627890234,4.100524135529872,0.945556773706412,False,0.3244097167875031,0.3067303062794639,0.9708324438658904,0.9772118709667548,-3.7214731877885705,1.0,0.9993700576457482
2025-02-17,0.0998966043347096,0.096850515382526,0.9863642771287204,4.170866363303968,0.9438958157990128,False,0.3064486677912796,0.2899399230077089,0.9801515438235884,0.9745465865533356,-3.757424641829802,1.0,0.9997480230582992
2025-02-20,0.0772119526773303,0.0735491987821484,0.9804093573380084,4.2138184477209615,0.9426332214664443,False,0.2881097305821637,0.272628665069664,0.9803062319322404,0.9719935173463844,-3.793936146301095,1.0,0.9998992092233197
2025-02-25,0.0646510706569417,0.0568094504471189,0.95892217683341,4.444315899435106,0.9242750539985856,False,0.2702330377881459,0.2553631278998605,0.978595507524334,0.9681760402785604,-3.8459665265518166,1.0,0.9999596836893279
2025-02-28,0.0459619535285742,0.0431175787000657,0.9783104027172222,4.545981143851622,0.9199254454680246,False,0.2522913510473802,0.2383834839638769,0.9785726991397652,0.9643159926937176,-3.9019676959358014,1.0,0.9999838734757311
2025-03-05,0.010526287503881,0.0088965435337101,0.9769167386379528,5.085113321722416,0.8606207195282483,False,0.2329501459639003,0.2200245287294636,0.9784402222996202,0.9560203708404802,-3.996619345998731,1.0,0.9999935493902925
2025-03-10,0.1164469636785284,0.1047351509280455,0.9570072220769726,4.408403251206403,0.9291744085604728,False,0.2236298913810705,0.2108013785053501,0.9767255822818084,0.9538726938580796,-4.029562058415345,1.0,0.999997419756117
2025-03-13,0.1688263935484615,0.1638267327285753,0.9860196925407658,4.3220505561256,0.9444769554729808,False,0.2192456115544618,0.2070434068432081,0.9823020484371828,0.9531210347872718,-4.052961138232165,1.0,0.9999989679024468
2025-03-18,0.17275669848664,0.1607839575707049,0.9625712400973596,4.214155431641057,0.9577390057752644,False,0.2155264985090361,0.2033426509014079,0.9807235837699972,0.9558918173800676,-4.065856681704877,1.0,0.9999995871609787
2025-03-21,0.1779141699195775,0.1639126629300714,0.9572668491797232,4.221177508034362,0.9592355124797174,False,0.2125175122218794,0.2001882518637009,0.9788470450027752,0.9578980344398572,-4.078282347811236,1.0,0.9999998348643915
2025-03-26,0.1422207317827475,0.1301253784533454,0.9559884973387104,4.218949019593134,0.9579115822344744,False,0.2068937697867488,0.1945832219908725,0.97701836118965,0.9579061631166276,-4.089535681553787,1.0,0.9999999339457566
2025-03-31,0.2568979913068938,0.2431084388388959,0.9630505065482844,3.852709379279308,0.9715417949410724,False,0.2368963026988358,0.2236983520996865,0.975900932818341,0.9660875422112944,-3.9474399001891,1.0,0.9999999735783026
2025-04-03,1.0709198449843802,1.0709198449843802,1.0,2.63326585662052,0.9878511981211076,False,0.7373104280701624,0.7320312478305028,0.9903603731273364,0.9791457357571824,-3.158935474047952,1.0,0.9999999894313211
2025-04-08,0.5986754655324981,0.591132234553153,0.9865108084090256,2.962183053564251,0.995258863178316,False,0.7262196310671494,0.7207593267683148,0.9900524079498716,0.9888136122098624,-3.040884021757732,1.0,0.9999999957725284
2025-04-11,0.5465934376492925,0.5203995084605508,0.9534864729346992,3.300925204424418,0.9963019181453177,False,0.7118495355937209,0.7047305413036937,0.987127133148658,0.9933065957711356,-3.061687316371067,0.9315663633352342,0.9945253051775449
2025-04-16,0.5611562268726326,0.5460622085236454,0.9726499898523616,3.4216346045891157,0.9954082154155234,False,0.6997940708960338,0.6920370746812899,0.9859689616849542,0.9945675675577684,-3.090483099428511,0.9315663633352342,0.9894885898301601
2025-04-21,0.5893771259911956,0.5747600463461949,0.9734844666538778,3.4316237519737456,0.9952998159802418,False,0.6909607153036469,0.6826549124144824,0.984970202082468,0.9950069166112524,-3.11777435163213,0.8717937148631705,0.9800729998328009
2025-04-24,0.4251707434251664,0.415366132506507,0.9756137837226788,3.472181420880583,0.9942307333944732,False,0.6696975175533685,0.6612718100218444,0.984221688613685,0.99494482195391,-3.146126917172006,0.9264026983380736,0.9757793757132228
2025-04-29,0.407180801635147,0.3986219721143003,0.9787519788503104,3.534062390312714,0.9940420776022988,False,0.6486961802799108,0.640259822989241,0.983784111832615,0.9948726024057812,-3.177161755023263,0.8587995358844066,0.9664209885269176
2025-05-02,0.1276448038412818,0.1138348871410123,0.931134099046112,4.049386944453303,0.992747375135315,False,0.6070120701648205,0.5981458281213827,0.9795721108096948,0.994702584224144,-3.2469397701776663,0.6845379040433676,0.9438703417682337
2025-05-07,0.0665846559351083,0.0559434682456591,0.94078653128726,4.7701160538802485,0.981476772579408,False,0.5637778770264436,0.5547696393313248,0.9764692644479002,0.9936445192925653,-3.368793872873873,1.0,0.9775481367072935
2025-05-12,0.3310701469292064,0.3189383268766713,0.9685248350893934,3.72531238445406,0.966937510980652,False,0.5451612586186646,0.5359031343349525,0.9758337100992196,0.991507958627612,-3.397315353800288,1.0,0.9910192546829174
2025-05-15,0.3243458218187847,0.3118553846587376,0.9690430871475384,3.753888507484701,0.9538548055758078,False,0.5274960236746742,0.5179793143608553,0.9752904602630852,0.9884957063834676,-3.4258412060950416,1.0,0.996407701873167
2025-05-20,0.4146791501186917,0.398794422950404,0.9668347805399412,3.719679753293293,0.9482985271300926,False,0.5184706737901956,0.5084445230480192,0.9746140058852336,0.9852799320431976,-3.449348289870902,0.7739328791574379,0.9786097160559086
2025-05-23,0.4345684651628078,0.432385645899808,0.9952869656458088,3.5897918948579943,0.9569315318783446,False,0.5117584971000047,0.5023598128761624,0.9870177817415786,0.9830120600300096,-3.4605837782698696,1.0,0.9914438864223635
2025-05-28,0.4397149228915279,0.4276075762039767,0.9763749027842518,3.5600424834897075,0.9636672139680208,False,0.5059950111633266,0.4963796339423875,0.9861663514249924,0.9814644723450506,-3.468540474687457,1.0,0.9965775545689454
2025-06-02,0.510749002393436,0.510749002393436,1.0,3.470921541339897,0.970131545047702,False,0.5088474059013922,0.5050012550130166,0.9944665405699972,0.9805578381612629,-3.468730960019652,1.0,0.9986310218275781
2025-06-05,0.4538064258540658,0.4538064258540658,1.0,3.6851724066458176,0.9633213914957724,False,0.5044441274976061,0.5009056686803006,0.9977866162279988,0.9791789224280236,-3.4860462757497457,1.0,0.9994524087310312
2025-06-10,0.2060096959078638,0.2028066076378365,0.992430225043498,4.35314411390664,0.9564660497420394,False,0.4805693729704268,0.4770577437969035,0.9973581049332388,0.9773618926131448,-3.555414102802297,1.0,0.9997809634924125
2025-06-13,0.2612580851066948,0.2612580851066948,1.0,4.2829524535036985,0.9693492251301712,False,0.4630244699413283,0.4597937711016868,0.9989432419732956,0.976720879214507,-3.613617170858409,1.0,0.999912385396965
2025-06-18,0.2544292421612134,0.2480984742460549,0.9845834967440744,4.242329902955812,0.9715772177947396,False,0.4463368517189191,0.4428581473532363,0.997794462354958,0.9763093863009256,-3.6639141894262015,1.0,0.9999649541587861
2025-06-23,0.1665054171941338,0.1587465033906917,0.9752627791828304,4.439179981270566,0.9715159758382492,False,0.4239503369569363,0.4201292158362327,0.9959919277011876,0.9759259134639116,-3.725935452773751,1.0,0.9999859816635144
2025-06-26,0.2192659572962671,0.2051390080336301,0.9461954353130944,3.8765040396507633,0.979071380281026,False,0.4075755865840827,0.4029299992120245,0.9920082083101404,0.97781319355418,-3.737980939723912,1.0,0.9999943926654058
2025-07-01,0.2868613484996353,0.2720057821630744,0.9590076390205644,3.8084706924812086,0.9779737713512944,False,0.397918447537327,0.3924560618481086,0.9893681627669744,0.9779095402324488,-3.743620119944496,1.0,0.9999977570661623
2025-07-04,0.3776624359660657,0.3704213067204769,0.983487608234346,3.8340545354291113,0.9744992519239638,False,0.3962979666116261,0.390693281437898,0.988897718404364,0.97763671716777,-3.7508548731832647,1.0,0.999999102826465
2025-07-09,0.2448302087797566,0.2436298749480882,0.99651287431036,4.077175054112038,0.9722731493978504,False,0.3841805459850766,0.3789282089187133,0.9934668119479616,0.9772076317461764,-3.776960487657567,1.0,0.999999641130586
2025-07-14,0.1348192466132786,0.1348192466132786,1.0,4.390549516532736,0.9623503342309746,False,0.3642316420353328,0.3593994919342786,0.9973867247791848,0.9760190479449604,-3.826047609967581,1.0,0.9999998564522344
2025-07-17,0.1112116194838968,0.1041237005007415,0.9614136467488248,4.2062933868955765,0.9660858634068712,False,0.3439900402312179,0.3389774286195957,0.994508878536756,0.9752243931819132,-3.85646727212182,0.9283677705125973,0.9942692895770635
2025-07-22,0.0327811873660351,0.0300707815979491,0.9714213784045056,4.603804676286653,0.9528469143249664,False,0.3190933320020033,0.3142648968578639,0.992661878526176,0.9734341948733576,-3.916254264455007,0.9024612726573742,0.9869246482234885
2025-07-25,0.081350800345524,0.0753831147023942,0.9684217231078665,4.2796973813093375,0.952992392143956,False,0.3000739294694849,0.2951543542854264,0.9907226660927112,0.9717988506550054,-3.945329713803354,0.896651835893207,0.979702823237066
2025-07-30,0.0890607203364215,0.0811693931263091,0.9583016536422408,4.079805467201901,0.9484564976610192,False,0.2831928727388399,0.278035557392697,0.9881289850966736,0.9699314624154866,-3.956087774075238,0.896651835893207,0.9730587442495574
2025-08-04,0.4809688298666266,0.4565882303561633,0.9531621845413938,3.304289047424391,0.9579720042093198,False,0.4018584470155119,0.3851671611707768,0.9853316410522514,0.9689747057589932,-3.5650085380847294,1.0,0.989223497699823
2025-08-07,0.636117509178729,0.6018776432695937,0.9452613286720756,3.131137296758867,0.9604317478796884,False,0.5424138843134422,0.515193450430067,0.9821260160618374,0.9682912691286488,-3.304685793289212,1.0,0.9956893990799291
2025-08-12,0.8235363096871906,0.7939968782161745,0.9609572990550784,2.96278986591975,0.9653588155077308,False,0.7110873395376912,0.6824755071017314,0.9804325187012968,0.9680566728389756,-3.099548236867535,1.0,0.9982757596319717
2025-08-15,0.7497588967343016,0.7202281075595786,0.9588050478702592,3.129589063519606,0.964078109910116,False,0.7342902738556575,0.7051270673764397,0.9787023210348138,0.9677383878046668,-3.1019515029997007,1.0,0.9993103038527886
2025-08-20,0.7665269616464265,0.7399177843664362,0.9658818959769332,3.2527198339473244,0.9723217694772368,False,0.7536322865301189,0.7260014975704376,0.9776766870301834,0.9704884168082089,-3.1140129694755108,1.0,0.9997241215411155
2025-08-25,0.5201442290741806,0.4944251879694557,0.9525480442699272,3.3369112772501643,0.9702059672879122,False,0.7349532419336439,0.7074753928023592,0.975666395609363,0.9704658208465852,-3.131844834097483,1.0,0.9998896486164461
2025-08-28,0.6610965075240977,0.6469273853632737,0.978564458177582,3.258753127268025,0.9753291304480942,False,0.7290447031808802,0.7026315522072323,0.9774052331502944,0.9733838066074906,-3.141997497551127,1.0,0.9999558594465785
2025-09-02,0.0917602651015602,0.0850417147795564,0.9657780093423328,4.517627360292277,0.9475027229405384,False,0.6780619481345347,0.6532243652130182,0.9764750552456576,0.9713133199141344,-3.252047886570419,0.9846210808497394,0.9987290771588315
2025-09-05,0.1527257767964628,0.141835764542415,0.96547960208692,4.569532251989127,0.931375223699188,False,0.636035054427489,0.61231327715937,0.9755954189929584,0.9681182722169388,-3.357446635803916,1.0,0.9994916308635327
2025-09-10,0.1060147516559794,0.0922327795177987,0.9445008888555464,4.663944724806318,0.8984558511492902,False,0.5936334302057682,0.5707068373480444,0.9731078565819656,0.9625452785315268,-3.461966482924108,0.8325556763697212,0.9861367545040278
2025-09-15,0.1135837381029183,0.0973092455521728,0.936824000421972,4.527859020885696,0.9041230584248506,False,0.5552294548375402,0.5328350300043747,0.9702051480891662,0.9578715009229928,-3.547237885961035,1.0,0.9944547018016111
2025-09-18,0.0724153953905925,0.0584025467918014,0.9243730921419028,4.576586389828563,0.9173562797916488,False,0.5166043300817844,0.4948804313473688,0.9665385836133852,0.9546302832324854,-3.629585766270437,0.7911318884596757,0.9781888767342564
2025-09-23,0.0471702851415819,0.0343822034721049,0.926896785402874,4.848947197678057,0.9218108711906804,False,0.4790496064865682,0.4580405731173477,0.9633672397565444,0.952004730269141,-3.727134680783047,1.0,0.9912755506937025
2025-09-26,0.0387808867531348,0.0283309070056476,0.9322437246526608,5.021762783017048,0.8875289601647801,False,0.4438281089078935,0.4236637998284117,0.9608773585482338,0.946846668660792,-3.830704928961767,0.9197728733051594,0.9855553365026192
2025-10-01,0.021927933059414,0.0157427996174538,0.9455037542385076,5.169213836336147,0.8659616422222162,False,0.4100760948400151,0.3910301198115351,0.9596474702034558,0.940375866545706,-3.937785641551717,1.0,0.9942221346010477
2025-10-06,0.0427316164376557,0.0291221643895612,0.9095666389397769,4.737037825246248,0.9159826220568218,False,0.3806885365678264,0.3620774833777772,0.9556410037023616,0.9384244069865952,-4.00172581624728,1.0,0.997688853840419
2025-10-09,0.0235163675016781,0.0148336290133904,0.9098360557659968,4.857831215266508,0.8923436277584373,False,0.3521147630425346,0.3342979750286263,0.9519766078674524,0.9347379446483428,-4.070214248168819,0.8358837946746097,0.9847444491071543
2025-10-14,0.2889855636792929,0.2583534608233963,0.921635347360319,3.90540270997828,0.9427764178170158,False,0.3470644270934752,0.3282224138922079,0.9495493070268818,0.9395610285495466,-3.971327325254496,0.7937897497612819,0.9694680731594846
2025-10-17,0.2295104223296446,0.2063247705870571,0.9329930411376532,4.119637050811048,0.955313426809413,False,0.3376601067123688,0.3184706024277959,0.9482248057557436,0.9490124675054664,-3.98319210329902,0.8063736492999254,0.9564205192507199
2025-10-22,0.304842349247399,0.2915339457102485,0.9644935069001864,3.916435310483792,0.9782324938871012,False,0.3350346861151712,0.3163156698903921,0.9579860264424092,0.9665444833344472,-3.943138027609884,1.0,0.982568207700288
2025-10-27,0.292151753807173,0.2844254189917798,0.9783108407664566,3.956225069427597,0.9783179573459372,False,0.3316040515305314,0.3137644498185031,0.9701809150368376,0.9736085677413412,-3.944184990955301,1.0,0.9930272830801152
2025-10-30,0.2182189130691497,0.2102869895225118,0.9766420065382232,4.106582389392307,0.9730223955060712,False,0.3225332404536209,0.3054862529948238,0.9740575699376688,0.9735616739625196,-3.9571767828302615,1.0,0.9972109132320461
2025-11-04,0.1840709488029519,0.1805982103393569,0.9873587333678832,4.003437868374477,0.969434736570917,False,0.3114562571215674,0.2954952095823865,0.9820382679957976,0.9732315189711912,-3.960877669673799,1.0,0.9988843652928184
2025-11-07,0.0746810755866441,0.0720689278088609,0.9866762756743428,4.708110703441003,0.968886567913632,False,0.2925142425987735,0.2776211070405044,0.9848210726029248,0.9728839228865866,-4.020656312375175,1.0,0.9995537461171273
2025-11-12,0.0703225240211459,0.0677730474892301,0.9853210829911946,4.621350003103763,0.9728153479976706,False,0.2747389051125633,0.2608332622764025,0.9851210788358866,0.9728784368954734,-4.068711807633462,1.0,0.999821498446851
2025-11-17,0.0418572894997157,0.0362470446671639,0.9427871917164464,4.437205531523623,0.9471138818249816,False,0.2561083758635355,0.2428663648676634,0.9817343678663314,0.970817272489834,-4.098191305544675,1.0,0.9999285993787403
2025-11-20,0.0235377505649819,0.0161806005924664,0.926668110882882,4.919142182752157,0.9521853035214276,False,0.2375027258396512,0.2247315037256477,0.9773290673076556,0.9693267149723616,-4.163867375721273,0.7673922482874765,0.9813256912914393
2025-11-25,0.0078279808472957,0.006166882723082,0.9507331996348756,4.934604410770824,0.9506222999493406,False,0.2191287462402628,0.2072463340454424,0.9752013978938332,0.96783036177052,-4.2255263385252375,0.8814849398306132,0.9733384311745733
2025-11-28,0.0202799568829285,0.0180375345562386,0.964670892094358,4.707927516975364,0.9599696685485478,False,0.2032208430916761,0.1921096300863061,0.9743589574298752,0.9672015063127622,-4.264118432801248,1.0,0.9893353724698293
2025-12-03,0.0277463631516703,0.0241818156564585,0.9562911209873076,4.639866100352337,0.9575246325011344,False,0.1891828846964756,0.1786754049319183,0.9729135305144698,0.966427356407832,-4.294178246205336,1.0,0.9957341489879317
2025-12-08,0.0280076043168877,0.0233105254344634,0.9477552583498484,4.758072473370512,0.9558570539932888,False,0.1762888622661085,0.1662462145721219,0.9709008687413002,0.9655817322146688,-4.331289784378551,0.9822305006210018,0.9946538571185773
2025-12-11,0.0243287628000939,0.020181606533325,0.9420340934970762,4.661466811701523,0.9530662308173375,False,0.1641320543088273,0.1545610459290182,0.9685915267217624,0.9645804921028822,-4.3577039465643885,1.0,0.9978615428474309
2025-12-16,0.0694197323045899,0.0694197323045899,1.0,4.696641817775663,0.9547182791175978,False,0.1565550685484883,0.1477497408390639,0.9874366106887048,0.9637915150640596,-4.384818976261291,1.0,0.9991446171389724
2025-12-19,0.202284925807721,0.2011220705743119,0.9968218798642948,4.319142092591809,0.9340718210679126,False,0.183992982904028,0.1797731386802127,0.993067772194059,0.9614139395443676,-4.345412846059602,1.0,0.999657846855589
2025-12-24,0.0662869289700454,0.057432492190689,0.9582714712774912,4.909554477688615,0.905934325739947,False,0.1745764985893094,0.1699858869610508,0.9902840681207336,0.956975570440014,-4.390544176589923,1.0,0.9998631387422356
2025-12-29,0.0539714146942799,0.0468339854348297,0.957533475668379,5.001426515499323,0.9038837329382974,False,0.164928091877707,0.1601337348389531,0.9876640207245452,0.9527282234398768,-4.439414763702676,1.0,0.9999452554968943
2026-01-01,0.0370867632172997,0.0340193031378811,0.9756322465397158,5.025324813906778,0.9091057761813216,False,0.1547007855848744,0.1500445803028674,0.9867014787897588,0.9492384276591924,-4.486287567719003,1.0,0.9999781021987577
2026-01-06,0.0197956416314214,0.0171279962819137,0.9705630565137554,5.265386075634107,0.901890129667534,False,0.1439083740685982,0.1394112535811911,0.9854104050076786,0.94545056381986,-4.548615448352211,1.0,0.9999912408795031
2026-01-09,0.03339429986581,0.0296821274451729,0.9690382302904176,4.869538712368554,0.9343619335572986,False,0.1350672481323752,0.1306329234903097,0.9841006310302978,0.944563473398855,-4.574289309473519,1.0,0.9999964963518012
2026-01-14,0.0238157477606285,0.0173211605144201,0.935941910362457,5.212865483491518,0.9512447383737178,False,0.1261671281026354,0.1215679824522385,0.9802479333768706,0.9485722323837726,-4.625375403394959,0.6562414129396278,0.9724960896788274
2026-01-19,0.0290672915506704,0.0204462009654312,0.9480066932786988,5.475280664617977,0.9610362805757028,False,0.1183991411784782,0.1134782399332939,0.9776686341690168,0.9560506612989306,-4.6933678242928005,0.7136090632960373,0.9517851275682042
2026-01-22,0.1227697403962527,0.1023111283912278,0.929259536369486,4.689342188793178,0.9795811136717076,False,0.1210215007091429,0.1125848710099286,0.9737959063450544,0.9701689327225969,-4.690952442993027,0.7194562339606305,0.9331988160795983
2026-01-27,0.095807021883936,0.0789867319381411,0.9345875435234132,4.8349200755665445,0.981236152223506,False,0.1190043424031263,0.1098970198841856,0.9706592373193232,0.9768092644231424,-4.702469853598909,0.820591903480745,0.9241902630716902
2026-01-30,0.1102637868756273,0.0953293361145573,0.9372938145484854,4.603982953625378,0.9770865069991655,False,0.1183050979609264,0.1087316051826154,0.9679900034976562,0.9769756099687564,-4.643377713614791,0.7318388492010155,0.9088021499620362
2026-02-04,0.054521961363566,0.0412048306814757,0.9075931129142588,4.478345714899329,0.9707618804834196,False,0.1132024470331376,0.1033294632225242,0.9631582522509844,0.9764785116099296,-4.544358514385514,0.7518303171282772,0.8962444033353355
2026-02-09,0.1074341206541927,0.0948635802196062,0.9418710168135724,4.294978956324639,0.971470365135918,False,0.112740980922822,0.1026521925822908,0.9614552734159916,0.9760778598920086,-4.394730779548989,0.7983440511989693,0.8884123751644263
2026-02-12,0.121462243238343,0.1128481256040124,0.9602581429815846,4.3578196970432215,0.9670733555296458,False,0.1179737383121346,0.1087697523953238,0.9613595029812392,0.9753574995430196,-4.372584130045529,1.0,0.9553649500657705
2026-02-17,0.0976232656377122,0.0874702980165617,0.9421977978089552,4.345532314112472,0.9590434394169124,False,0.1163457004981808,0.1070657960450228,0.9598265665674564,0.974052374732931,-4.356353040485695,0.8201160719971489,0.9445450398202808
2026-02-20,0.1505820616283384,0.1384709398926517,0.95247301119908,4.3240984367364605,0.9507748390954353,False,0.1368875171762754,0.1259088823536001,0.9592382821379865,0.9721901718819314,-4.337000278236154,1.0,0.9778180159281123
2026-02-25,0.2551085983518386,0.2481872156710499,0.9806595323812748,4.062855826879584,0.9660424524490246,False,0.2078201658816133,0.19927588234407,0.9720910322839594,0.9716983543272988,-4.1725136074222124,1.0,0.991127206371245
2026-03-02,0.210255603595903,0.2007092834345546,0.9690478105064256,4.158050271729339,0.97996368361686,False,0.2092814285101871,0.2001359229983607,0.9718475745417569,0.9766575519010356,-4.163835606006488,1.0,0.996450882548498
2026-03-05,0.0494071106124186,0.0370199930123723,0.9186602207510683,4.727803410950805,0.9883800258390406,False,0.1964914830783657,0.1870866485994817,0.9675925862385018,0.9836910362638386,-4.208953030402034,1.0,0.9985803530193992
2026-03-10,0.2245364229968033,0.2046380365951964,0.946971494700241,4.122799291464993,0.9956941136868356,False,0.2133184470294282,0.1976174813969105,0.9659428989154408,0.9908928827176368,-4.157260787039809,0.7828658459907193,0.9813231924571049
2026-03-13,0.199507076516841,0.1853431902239435,0.9581272642072308,4.156235246889237,0.9957646963702022,False,0.2122135373884212,0.1966355381030731,0.9653176481387842,0.993815970909176,-4.156645462949466,0.8564838599844848,0.9713360458592952
2026-03-18,0.1347755743734648,0.122657247927597,0.9575540538635124,4.245753702903367,0.9950566677100092,False,0.2060185003472247,0.1907172748890351,0.9646965605967626,0.994560388989676,-4.163774122145778,0.8388175584892563,0.9607345668696922
2026-03-23,0.1217309482832465,0.110577252983411,0.9564138953054004,4.295226154687537,0.994039053501702,False,0.1992754961821065,0.1843060731365851,0.9640339473734536,0.994518682150638,-4.17429028474912,0.8388175584892563,0.9509812061992573
2026-03-26,0.1164296480584186,0.1047306234652815,0.9553014454949104,4.409955259130645,0.9934292742292083,False,0.1926478283322115,0.1779400371628809,0.9633353472231704,0.9944315295169238,-4.193143482699642,1.0,0.9803924824797029
2026-03-31,0.1522482545125074,0.1447895464143132,0.9754821905121094,4.290920443536414,0.9939815773065256,False,0.1894158624266352,0.1752879979029954,0.9706234531965338,0.994395533340092,-4.200965639566584,1.0,0.9921569929918812
2026-04-03,0.250941592349497,0.2463482087012555,0.9875471700781768,3.841350803169792,0.9938623144038028,False,0.2263313003803522,0.2179241243819515,0.9807776833255196,0.9943528758251888,-3.9851967377285087,1.0,0.9968627971967525
2026-04-08,0.2984530767886124,0.2961512996644057,0.9936308790681672,3.652716047787945,0.9911279947293224,False,0.2696043662253083,0.264860429551424,0.988489600771108,0.9940948853375196,-3.78570832376417,1.0,0.998745118878701
2026-04-13,0.3309465734978053,0.3261539294666371,0.9871738113716578,3.636485256532172,0.992060869907138,False,0.3064096905888065,0.3016365295005518,0.9883843376191522,0.9939321641030892,-3.6961744834249712,1.0,0.9994980475514804
2026-04-16,0.4589847733278443,0.4448877931011068,0.9718984671867948,3.552899367982308,0.9930704196326792,False,0.3979547402322292,0.3875872876608848,0.9870654679845636,0.9938632245454564,-3.610209414159373,1.0,0.9997992190205922
2026-04-21,0.4716995862830798,0.4590911816657386,0.9756600141160976,3.4397566217873314,0.9938459967684918,False,0.4422016478627396,0.4304896240637971,0.9861530316750864,0.9938618463232992,-3.507937738736148,1.0,0.9999196876082369
2026-04-24,0.689749869665599,0.6747863534216563,0.9756268770051036,3.1264496713147443,0.9936680349703426,False,0.5907305809444553,0.5770676616785126,0.985310939301488,0.9938463414150628,-3.279044898283306,1.0,0.9999678750432948
2026-04-29,0.4543228233751816,0.439029495505811,0.966288262479796,3.3404724497067413,0.9900027822354268,False,0.5798179603389134,0.5660246083846965,0.9837891251557528,0.993538856680692,-3.283959102397181,1.0,0.9999871500173179
2026-05-04,0.483033983206995,0.4775028641460347,0.9902906669050248,3.4070661468508976,0.987907696739904,False,0.5720752421683599,0.5589428688456035,0.987690050205316,0.9930883638854288,-3.2938076659534783,1.0,0.9999948600069272
2026-05-07,0.0221855907678103,0.0155898449001003,0.932609474177233,4.980035591556234,0.9792911922693464,False,0.528084070056316,0.5154746269299633,0.9832836041230693,0.9919845901561424,-3.4287059000016997,0.8295663469789011,0.9863605789646851
2026-05-12,0.0055619467157073,0.002383620538305,0.9194641472949816,5.254748231931114,0.979913052925638,False,0.4862823001890673,0.4744273464186306,0.9781780475768224,0.991018867177702,-3.5747892865560527,0.5999524635401655,0.9554479297307236
2026-05-15,0.0191446719225915,0.0122841300259217,0.9098362341282004,4.96627074713614,0.9801175828232214,False,0.4489112899277492,0.4374558891072139,0.9727107025009326,0.9901467644293436,-3.68610780340246,0.8566287324675775,0.947542393949672
2026-05-20,0.0151610063963559,0.0104403052952131,0.9238054217008688,4.874131294571731,0.9749287608247432,False,0.4142112672452378,0.4032946424022539,0.9687982800369276,0.9889293241409756,-3.7811496826960016,0.7932903060112423,0.9352022269145976
2026-05-25,0.0306386818354182,0.023096223648738,0.9275065751384636,4.774940964870281,0.9754788267046868,False,0.3835254604124523,0.3728787689019726,0.9654949436450504,0.9878532843460726,-3.860652985269944,0.8995919789926626,0.9323534070808429
2026-05-28,0.0287677277576062,0.0238809100918072,0.9409922947247508,4.767075047039568,0.9766453088508494,False,0.3551448418000646,0.3449589401971594,0.9635347317314265,0.9869566463064549,-3.933166750211514,0.8988203199054717,0.9296707601068133
2026-06-02,0.1065702425486325,0.0889638298989099,0.920527685480608,4.3209839165826445,0.9780376530867964,False,0.3352588738599501,0.3244793313732995,0.960094168031361,0.9862431268488822,-3.964192123521205,0.8540041910885757,0.9236174345853543
2026-06-05,0.0860145932638891,0.0722165033123366,0.9357923694782928,4.602663949332742,0.9789351245309535,False,0.3153193314122652,0.3042983051284225,0.9581500241471156,0.985658486663448,-4.015269869586128,0.7833123290497629,0.912393026142507
2026-06-10,0.1270785429110202,0.1203379137744896,0.9712693799284424,4.384406701162656,0.9784831747446964,False,0.3002600683321657,0.2895814738201078,0.9660216376159118,0.9850844617099478,-4.04480081611225,1.0,0.9649572104570028
2026-06-15,0.1865360006381182,0.1830758171187007,0.9855080291853228,4.0934460354387925,0.9755818078012284,False,0.2911621429166419,0.2810610212839952,0.9777134725575584,0.9843242493972504,-4.048692433658374,1.0,0.9859828841828011
2026-06-18,0.178908350778552,0.1703216919028813,0.9702642392725982,4.112763514469045,0.976522237881116,False,0.2821818395455946,0.2722018749335061,0.9771175338947616,0.9837000884759596,-4.053818120123228,1.0,0.9943931536731204
2026-06-23,0.2638831749429934,0.2587878114563932,0.9861936563769464,3.877100546103936,0.9766837850354888,False,0.2807179463773866,0.2711287498553371,0.9825632073840724,0.983138784200722,-3.947787575711653,1.0,0.9977572614692481
2026-06-26,0.166924541037323,0.1599623336321017,0.9733185923613568,4.059961566476772,0.9784335486420828,False,0.2716144739501815,0.2622354365574783,0.9818236381822552,0.9827623653560308,-3.956761494972862,1.0,0.9991029045876992
2026-07-01,0.1380663007213243,0.133191754022319,0.9782499386893708,4.147711021208558,0.9770535175135674,False,0.2609306200918729,0.2519119419546655,0.9815377422228244,0.9823056575286336,-3.9720374570717176,1.0,0.9996411618350797
2026-07-06,0.1007730278325866,0.0930772982210775,0.9589315400292344,4.216877045870798,0.9788443191246144,False,0.24811801271113,0.2392051704559785,0.9797292460473374,0.9820287504563122,-3.991624624175644,1.0,0.9998564647340319
2026-07-09,0.1174397700883882,0.1139822190980565,0.9811763615187216,4.1533271879671085,0.9885817780924246,False,0.2376637533013107,0.2291873343473447,0.980597515330168,0.9859605670379796,-4.004560829278962,1.0,0.9999425858936127
2026-07-14,0.0356955847927755,0.0324629982592958,0.9727053177484174,4.819188914007127,0.9880447294845556,False,0.2215062998206279,0.2134493874603008,0.979966139523628,0.9872110645059252,-4.069731076057215,1.0,0.9999770343574451
