empresa,presentado,a_fecha,tipo,n_clientes,pct,periodo,sumandos,base,fichero,frase
AVGO,2018-06-14,,top_n,5,38.0,2018-05-06,,ingresos netos,AVGO_2018-06-14_avgo-05062018x10q.htm,"nded April 30, 2017 , respectively. No customer accounted for 10% or more of our net revenue for the fiscal quarter ended May 6, 2018 . We believe aggregate sales to our top five end customers, through all channels, accounted for approximately 38% and 43% of our net revenue for the fiscal quarter and two fiscal quarters ended May 6, 2018 , respectively, and approximately 39% of our net revenue dur"
AVGO,2018-06-14,,umbral,,10.0,2018-05-06,,ingresos netos,AVGO_2018-06-14_avgo-05062018x10q.htm,"le balance at May 6, 2018 and October 29, 2017 , respectively. During the two fiscal quarters ended May 6, 2018 , one direct customer represented 12% of our net revenue. No customer accounted for 10% or more of our net revenue for the fiscal quarter ended May 6, 2018 . During the fiscal quarter and two fiscal quarters ended April 30, 2017 , one direct customer repres"
AVGO,2018-09-13,,top_n,5,38.0,2018-08-05,,ingresos netos,AVGO_2018-09-13_avgo-08052018x10q.htm,"ed July 30, 2017 , respectively. No customer accounted for 10% or more of our net revenue for the fiscal quarter ended August 5, 2018 . We believe aggregate sales to our top five end customers, through all channels, accounted for approximately 38% and 42% of our net revenue for the fiscal quarter and three fiscal quarters ended August 5, 2018 , respectively, and approximately 40% and 39% of our ne"
AVGO,2018-09-13,,top_n,5,42.0,2018-08-05,,ingresos netos,AVGO_2018-09-13_avgo-08052018x10q.htm,"our net revenue. Direct sales to Foxconn accounted for 11% of our net revenue for the three fiscal quarters ended August 5, 2018 . We believe our aggregate sales to our top five end customers, through all channels, accounted for approximately 42% of our net revenue for the three fiscal quarters ended August 5, 2018 . We believe aggregate sales to Apple Inc., through all channels, accounted for mor"
AVGO,2018-09-13,,umbral,,10.0,2018-08-05,,cuentas por cobrar,AVGO_2018-09-13_avgo-08052018x10q.htm,"12% of our net accounts receivable balance at August 5, 2018 compared to one customer who accounted for 17% of our net accounts receivable balance at October 29, 2017 . No customer accounted for 10% or more of our net revenue for the fiscal quarter ended August 5, 2018 . During the three fiscal quarters ended August 5, 2018 , one direct customer represented 11% of o"
AVGO,2018-12-21,,top_n,5,40.0,2018-12-31,,ingresos netos,AVGO_2018-12-21_avgo-11042018x10k.htm,"tries), together referred to as Foxconn, accounted for 9% and 14% of our net revenue for fiscal years 2018 and 2017 , respectively. We believe our aggregate sales to our top five end customers, through all channels, accounted for more than 40% of our net revenue for each of fiscal years 2018 and 2017 . We believe aggregate sales to Apple, Inc., through all channels, accounted for approximately 25%"
AVGO,2018-12-21,,top_n,5,40.0,,,ingresos netos,AVGO_2018-12-21_avgo-11042018x10k.htm,", respectively. Direct sales to Foxconn accounted for 9% and 14% of our net revenue for fiscal year s 2018 and 2017 , respectively. We believe our aggregate sales to our top five end customers, through all channels, accounted for more than 40% of our net revenue for each of fiscal years 2018 and 2017 . We believe aggregate sales to Apple Inc., through all channels, accounted for approximately 25% "
AVGO,2019-03-15,,top_n,5,40.0,2019-02-03,,ingresos netos,AVGO_2019-03-15_avgo-02032019x10q.htm,"Hai Precision Industries), contract manufacturers, accounted for 18% of our net revenue for the fiscal quarter ended February 4, 2018 . We believe aggregate sales to our top five end customers, through all channels, accounted for approximately 40% and 48% of our net revenue for the fiscal quarter s ended February 3, 2019 and February 4, 2018 , respectively. We believe aggregate sales to Apple Inc."
AVGO,2019-06-14,,top_n,5,32.0,2019-05-05,,ingresos netos,AVGO_2019-06-14_avgo-05052019x10q.htm,"Hai Precision Industries), contract manufacturers, accounted for 12% of our net revenue for the two fiscal quarters ended May 6, 2018 . We believe aggregate sales to our top five end customers, through all channels, accounted for approximately 32% and 36% of our net revenue for the fiscal quarter and two fiscal quarters ended May 5, 2019 , respectively, and approximately 38% and 43% of our net rev"
AVGO,2019-06-14,,umbral,,10.0,2018-05-06,,ingresos netos,AVGO_2019-06-14_avgo-05052019x10q.htm,"the fiscal quarter and two fiscal quarters ended May 5, 2019, respectively. Net revenue from this customer was primarily included in our infrastructure software segment. No customer accounted for 10% or more of our net revenue for the fiscal quarter ended May 6, 2018 . During the two fiscal quarters ended May 6, 2018 , one customer accounted for 12 % of our net reven"
AVGO,2019-09-13,,top_n,5,33.0,2019-08-04,,ingresos netos,AVGO_2019-09-13_avgo-08042019x10q.htm,"recision Industries), contract manufacturers, accounted for 11% of our net revenue for the three fiscal quarters ended August 5, 2018 . We believe aggregate sales to our top five end customers, through all channels, accounted for approximately 33% and 34% of our net revenue for the fiscal quarter and three fiscal quarters ended August 4, 2019 , respectively, and approximately 38% and 42% of our ne"
AVGO,2019-09-13,,umbral,,10.0,2018-08-05,,ingresos netos,AVGO_2019-09-13_avgo-08042019x10q.htm,"for the fiscal quarter and three fiscal quarters ended August 4, 2019 , respectively. Net revenue from this customer was included in our semiconductor solutions segment. No customer accounted for 10% or more of our net revenue for the fiscal quarter ended August 5, 2018 . One customer accounted for 11 % of our net revenue during the three fiscal quarters ended August"
AVGO,2019-12-20,,top_n,5,30.0,,,ingresos netos,AVGO_2019-12-20_avgo-11032019x10k.htm,"s 2019 and 2018 , respectively. Direct sales to WT Microelectronics accounted for 17% of our net revenue for the fiscal year 2019 . We believe our aggregate sales to our top five end customers, through all channels, accounted for more than 30% and more than 40% of our net revenue for fiscal years 2019 and 2018 , respectively. We believe aggregate sales to Apple Inc., through all channels, accounte"
AVGO,2020-03-13,,top_n,5,30.0,2020-02-02,,ingresos netos,AVGO_2020-03-13_avgo-02022020x10q.htm,"butor, accounted for 14% and 15% of our net revenue for the fiscal quarters ended February 2, 2020 and February 3, 2019 , respectively. We believe aggregate sales to our top five end customers, through all channels, accounted for more than 30% and approximately 40% of our net revenue for the fiscal quarters ended February 2, 2020 and February 3, 2019 , respectively. We believe aggregate sales to A"
AVGO,2020-03-13,,umbral,,10.0,,,cuentas por cobrar,AVGO_2020-03-13_avgo-02022020x10q.htm,"come $ 714 $ 555 Significant Customer Information We sell our products through our direct sales force and a select network of distributors and channel partners globally. No customers accounted for 10% or more of our net accounts receivable balance at February 2, 2020 , compared with one customer who accounted for 24 % of our net accounts receivable balance at November"
AVGO,2020-06-12,2020-05-03,top_n,5,30.0,2020-05-03,,ingresos netos,AVGO_2020-06-12_avgo-20200503.htm,"stributor, accounted for 11% and 10% of our net revenue for the fiscal quarter and two fiscal quarters ended May 5, 2019, respectively. We believe aggregate sales to our top five end customers, through all channels, accounted for approximately 30% of our net revenue for each of the fiscal quarter and two fiscal quarters ended May 3, 2020 and approximately 30% and less than 40% of our net revenue f"
AVGO,2020-09-11,2020-08-02,top_n,5,25.0,2020-08-02,,ingresos netos,AVGO_2020-09-11_avgo-20200802.htm,"August 2, 2020, and 16% and 15% of our net revenue for the fiscal quarter and three fiscal quarters ended August 4, 2019, respectively. We believe aggregate sales to our top five end customers, through all channels, accounted for approximately 25% and 30% of our net revenue for the fiscal quarter and three fiscal quarters ended August 2, 2020, respectively, and approximately 35% of our net revenue"
AVGO,2020-09-11,2020-08-02,top_n,5,30.0,2020-08-02,,ingresos netos,AVGO_2020-09-11_avgo-20200802.htm,"t revenue. Direct sales to WT Microelectronics accounted for 12% of our net revenue for the three fiscal quarters ended August 2, 2020. We believe aggregate sales to our top five end customers, through all channels, accounted for approximately 30% for the three fiscal quarters ended August 2, 2020. We believe aggregate sales to Apple Inc., through all channels, accounted for approximately 15% of o"
AVGO,2020-09-11,2020-08-02,umbral,,10.0,2020-08-02,,cuentas por cobrar,AVGO_2020-09-11_avgo-20200802.htm,"$ 2,488 $ 2,390 Significant Customer Information We sell our products through our direct sales force and a select network of distributors and channel partners globally. No customer accounted for 10% or more of our net accounts receivable balance as of August 2, 2020, while one customer accounted for 24 % of our net accounts receivable balance as of November 3, 2019."
AVGO,2020-12-18,2020-11-01,top_n,5,30.0,,,ingresos netos,AVGO_2020-12-18_avgo-20201101.htm,"f our net revenue. Sales to distributors accounted for 42% and 46% of our net revenue for fiscal years 2020 and 2019, respectively. We believe our aggregate sales to our top five end customers, through all channels, accounted for more than 30% of our net revenue for each of our fiscal years 2020 and 2019. We believe aggregate sales to Apple Inc., through all channels, accounted for approximately 1"
AVGO,2020-12-18,2020-11-01,top_n,5,15.0,2020-12-31,,ingresos netos,AVGO_2020-12-18_avgo-20201101.htm,"sults of operations. For fiscal year 2020, sales to distributors accounted for 42% of our net revenue. We believe aggregate sales, through all channels, to Apple and our top five end customers, accounted for approximately 15% and more than 30% of our net revenue for fiscal year 2020, respectively. This customer concentration increases the risk of quarterly fluctuations in our operating result"
AVGO,2020-12-18,2020-11-01,umbral,,10.0,,,cuentas por cobrar,AVGO_2020-12-18_avgo-20201101.htm,"$ 2,509 $ 2,565 Significant Customer Information We sell our products through our direct sales force and a select network of distributors and channel partners globally. No customer accounted for 10% or more of our net accounts receivable balance at November 1, 2020 compared with one customer which accounted for 24 % of our net accounts receivable balance at November"
AVGO,2020-12-18,2020-11-01,umbral,,10.0,2020-11-01,,ingresos netos,AVGO_2020-12-18_avgo-20201101.htm,"er accounted for 13 % and 17 % of our net revenue, respectively. Revenue from this customer was included in our semiconductor solutions segment. During fiscal year 2018, no customer accounted for 10% or more of our net revenue. 14. Commitments and Contingencies Commitments The following table summarizes contractual obligations and commitments as of November 1, 2020:"
AVGO,2021-03-12,2021-01-31,top_n,5,35.0,2021-01-31,,ingresos netos,AVGO_2021-03-12_avgo-20210131.htm,"ibutor, accounted for 19% and 14% of our net revenue for the fiscal quarters ended January 31, 2021 and February 2, 2020, respectively. We believe aggregate sales to our top five end customers, through all channels, accounted for more than 35% and 30% of our net revenue for the fiscal quarters ended January 31, 2021 and February 2, 2020, respectively. We believe aggregate sales to Apple Inc., thro"
AVGO,2021-03-12,2021-01-31,top_n,5,25.0,2021-01-31,,ingresos netos,AVGO_2021-03-12_avgo-20210131.htm,"the fiscal quarter ended January 31, 2021, sales to distributors accounted for 55% of our net revenue. We believe aggregate sales, through all channels, to Apple and our top five end customers, accounted for approximately 25% and more than 35% of our net revenue for the fiscal quarter ended January 31, 2021, respectively. This customer concentration increases the risk of quarterly fluctuation"
AVGO,2021-03-12,2021-01-31,umbral,,10.0,2021-01-31,,cuentas por cobrar,AVGO_2021-03-12_avgo-20210131.htm,"me $ 1,837 $ 714 Significant Customer Information We sell our products through our direct sales force and a select network of distributors and channel partners globally. No customer accounted for 10% or more of our net accounts receivable balance as of January 31, 2021 or November 1, 2020. One customer accounted for 19 % and 14 % of our net revenue for the fiscal qua"
AVGO,2021-06-11,2021-05-02,top_n,5,35.0,2021-05-02,,ingresos netos,AVGO_2021-06-11_avgo-20210502.htm,"s ended May 2, 2021, respectively, and 14% of our net revenue for each of the fiscal quarter and two fiscal quarters ended May 3, 2020. We believe aggregate sales to our top five end customers, through all channels, accounted for approximately 35% of our net revenue for each of the fiscal quarter and two fiscal quarters ended May 2, 2021 and approximately 30% of our net revenue for each of the fis"
AVGO,2021-06-11,2021-05-02,top_n,5,25.0,2021-05-02,,ingresos netos,AVGO_2021-06-11_avgo-20210502.htm,"the two fiscal quarters ended May 2, 2021, sales to distributors accounted for 53% of our net revenue. We believe aggregate sales, through all channels, to Apple and our top five end customers, accounted for less than 25% and approximately 35% of our net revenue for the two fiscal quarters ended May 2, 2021, respectively. This customer concentration increases the risk of quarterly fluctua"
AVGO,2021-06-11,2021-05-02,umbral,,10.0,2021-05-02,,cuentas por cobrar,AVGO_2021-06-11_avgo-20210502.htm,"$ 3,812 $ 1,480 Significant Customer Information We sell our products through our direct sales force and a select network of distributors and channel partners globally. No customer accounted for 10% or more of our net accounts receivable balance as of May 2, 2021 or November 1, 2020. One customer accounted for 17 % and 18 % of our net revenue for the fiscal quarter"
AVGO,2021-09-09,2021-08-01,top_n,5,35.0,2021-08-01,,ingresos netos,AVGO_2021-09-09_avgo-20210801.htm,"quarters ended August 2, 2020. No customer accounted for more than 10% of our net revenue for the fiscal quarter ended August 2, 2020. We believe aggregate sales to our top five end customers, through all channels, accounted for approximately 35% of our net revenue for each of the fiscal quarter and three fiscal quarters ended August 1, 2021 and approximately 25% and 30% of our net revenue for the"
AVGO,2021-09-09,2021-08-01,top_n,5,20.0,2021-08-01,,ingresos netos,AVGO_2021-09-09_avgo-20210801.htm,"hree fiscal quarters ended August 1, 2021, sales to distributors accounted for 53% of our net revenue. We believe aggregate sales, through all channels, to Apple and our top five end customers, accounted for approximately 20% and approximately 35% of our net revenue for the three fiscal quarters ended August 1, 2021, respectively. This customer concentration increases the risk of quarterly fl"
AVGO,2021-09-09,2021-08-01,umbral,,10.0,2020-11-01,,cuentas por cobrar,AVGO_2021-09-09_avgo-20210801.htm,"ce and a select network of distributors and channel partners globally. One customer accounted for 12 % of our net accounts receivable balance as of August 1, 2021, while no customer accounted for more than 10% of our net accounts receivable balance as of November 1, 2020. One customer accounted for 16 % and 17 % of our net revenue for the fiscal quarter and three fiscal quarte"
AVGO,2021-09-09,2021-08-01,umbral,,10.0,2020-08-02,,ingresos netos,AVGO_2021-09-09_avgo-20210801.htm,"or the fiscal quarter and three fiscal quarters ended August 1, 2021, respectively, and 12 % of our net revenue for the three fiscal quarters ended August 2, 2020, while no customer accounted for more than 10% of our net revenue for the fiscal quarter ended August 2, 2020. Net revenue from this customer was included in our semiconductor solutions segment. 21 Table of Contents"
AVGO,2026-06-09,2026-05-03,top_n,5,45.0,2026-05-03,,ingresos netos,AVGO_2026-06-09_avgo-20260503.htm,"fiscal quarters ended May 3, 2026, and 29% of our net revenue for each of the fiscal quarter and two fiscal quarters ended May 4, 2025. We believe aggregate sales to our top five end customers, through all channels, accounted for approximately 45% of our net revenue for each of the fiscal quarter and two fiscal quarters ended May 3, 2026 and 40% of our net revenue for each of the fiscal quarter an"
AVGO,2026-09-10,2026-08-02,top_n,5,55.0,2026-08-02,,ingresos netos,AVGO_2026-09-10_avgo-20260802.htm,", respectively, and 32% and 30% of our net revenue for the fiscal quarter and three fiscal quarters ended August 3, 2025, respectively. We believe aggregate sales to our top five end customers, through all channels, accounted for approximately 55% and 50% of our net revenue for the fiscal quarter and three fiscal quarters ended August 2, 2026, respectively, and approximately 40% of our net revenue"
AVGO,2026-09-10,2026-08-02,top_n,5,50.0,2026-08-02,,ingresos netos,AVGO_2026-09-10_avgo-20260802.htm,"For the three fiscal quarters ended August 2, 2026, sales to distributors accounted for 56% of our net revenue. We believe aggregate sales, through all channels, to our top five end customers accounted for approximately 50% of our net revenue for the three fiscal quarters ended August 2, 2026. This customer concentration increases the risk of quarterly fluctuations in our operating results"
CRWV,2025-05-15,2025-03-31,top_n,3,83.0,2024-03-31,,ingresos,CRWV_2025-05-15_crwv-20250331.htm,"results, financial condition, and prospects. A substantial portion of our revenue is driven by a limited number of customers. We recognized an aggregate of approximately 83% of our revenue from our top three customers for the three months ended March 31, 2024. We recognized an aggregate of approximately 72% and 33% of our revenue for the three months ended March 31, 2025 and 2024, fro"
CRWV,2025-08-13,2025-06-30,top_n,2,79.0,2024-06-30,,ingresos,CRWV_2025-08-13_crwv-20250630.htm,"results, financial condition, and prospects. A substantial portion of our revenue is driven by a limited number of customers. We recognized an aggregate of approximately 79% of our revenue from our top two customers for the three months ended June 30, 2024. We recognized an aggregate of approximately 71% and 59% of our revenue for the three months ended June 30, 2025 and 2024, from"
CRWV,2025-11-13,2025-09-30,top_n,2,77.0,2024-09-30,,ingresos,CRWV_2025-11-13_crwv-20250930.htm,"results, financial condition, and prospects. A substantial portion of our revenue is driven by a limited number of customers. We recognized an aggregate of approximately 77% of our revenue from our top two customers for the three months ended September 30, 2024. We recognized an aggregate of approximately 67% and 65% of our revenue for the three months ended September 30, 2025 and 2"
CRWV,2026-03-02,2025-12-31,mayor_cliente,1,67.0,2025-12-31,,ingresos,CRWV_2026-03-02_crwv-20251231.htm,"results, financial condition, and prospects. A substantial portion of our revenue is driven by a limited number of customers. We recognized an aggregate of approximately 67% of our revenue from our top customer, Microsoft, for the year ended December 31, 2025. We recognized an aggregate of approximately 77% of our revenue from our top two customers for the year ended December 3"
CRWV,2026-03-02,2025-12-31,top_n,2,77.0,2024-12-31,,ingresos,CRWV_2026-03-02_crwv-20251231.htm,"ized an aggregate of approximately 67% of our revenue from our top customer, Microsoft, for the year ended December 31, 2025. We recognized an aggregate of approximately 77% of our revenue from our top two customers for the year ended December 31, 2024. We recognized an aggregate of approximately 73% of our revenue for the year ended December 31, 2023, from our top three customers."
CRWV,2026-05-08,2026-03-31,mayor_cliente,1,72.0,2025-03-31,,ingresos,CRWV_2026-05-08_crwv-20260331.htm,"rs for the three months ended March 31, 2026, with no other customer representing 10% or more of our revenue for that period. We recognized an aggregate of approximately 72% of our revenue from our top customer for the three months ended March 31, 2025, with no other customer representing 10% or more of our revenue for that period. In May 2025, we entered into a master services"
CRWV,2026-05-08,2026-03-31,top_n,2,10.0,2025-03-31,,ingresos,CRWV_2026-05-08_crwv-20260331.htm,", and prospects. A substantial portion of our revenue is driven by a limited number of customers. We recognized an aggregate of approximately 65% of our revenue from our top two customers for the three months ended March 31, 2026, with no other customer representing 10% or more of our revenue for that period. We recognized an aggregate of approximately 72% of our revenue from our top customer for "
CRWV,2026-05-08,2026-03-31,top_n,2,65.0,2026-03-31,,ingresos,CRWV_2026-05-08_crwv-20260331.htm,"results, financial condition, and prospects. A substantial portion of our revenue is driven by a limited number of customers. We recognized an aggregate of approximately 65% of our revenue from our top two customers for the three months ended March 31, 2026, with no other customer representing 10% or more of our revenue for that period. We recognized an aggregate of approximately 72"
CRWV,2026-08-12,2026-06-30,mayor_cliente,1,71.0,2025-06-30,,ingresos,CRWV_2026-08-12_crwv-20260630.htm,"ers for the three months ended June 30, 2026, with no other customer representing 10% or more of our revenue for that period. We recognized an aggregate of approximately 71% of our revenue from our top customer for the three months ended June 30, 2025, with no other customer representing 10% or more of our revenue for that period. In May 2025, we entered into a master services"
CRWV,2026-08-12,2026-06-30,top_n,3,72.0,2025-06-30,36 + 26 + 10,ingresos,CRWV_2026-08-12_crwv-20260630.htm,"s. A substantial portion of our revenue is driven by a limited number of customers. We recognized an aggregate of approximately 36%, 26%, and 10% of our revenue from our top three customers for the three months ended June 30, 2026, with no other customer representing 10% or more of our revenue for that period. We recognized an aggregate of approximately 71% of our revenue from our top customer for"
CRWV,2026-08-12,2026-06-30,top_n,3,72.0,2026-06-30,36 + 26 + 10,ingresos,CRWV_2026-08-12_crwv-20260630.htm,"cial condition, and prospects. A substantial portion of our revenue is driven by a limited number of customers. We recognized an aggregate of approximately 36%, 26%, and 10% of our revenue from our top three customers for the three months ended June 30, 2026, with no other customer representing 10% or more of our revenue for that period. We recognized an aggregate of approximately 71%"
DLR,2018-03-01,,mayor_cliente,1,6.5,2017-12-31,,sin identificar,DLR_2018-03-01_dlr12311710k.htm,"turing, energy, gaming, life sciences and consumer products. Our customers are increasingly launching multi-regional deployments and growing with us internationally. Our largest customer, IBM, accounted for approximately 6.5% of the aggregate annualized rent as of December 31, 2017 and no other single customer accounted for more than approximately 6.2% of the aggregate annualized rent of our"
DLR,2018-03-01,,umbral,,6.5,2017-12-31,,sin identificar,DLR_2018-03-01_dlr12311710k.htm,"e provider. • Global and Diverse Customer Base. Our portfolio has attracted a high-quality, diversified mix of customers. We have more than 2,300 customers in total, and no single customer represented more than approximately 6.5% of the aggregate annualized rent of our portfolio as of December 31, 2017. • Global Customer Base across a Wide Variety of Industry Sectors . We use our in-depth knowled"
DLR,2019-02-25,,mayor_cliente,1,6.8,2018-12-31,,sin identificar,DLR_2019-02-25_dlrq412311810kss.htm,"centers to meet these customers’ specific technology needs. Our customers are increasingly launching multi-regional deployments and growing with us internationally. Our largest customer, Facebook, accounted for approximately 6.8% of the aggregate annualized rent as of December 31, 2018 and no other single customer accounted for more than approximately 6.4% of the aggregate annualized rent of our"
DLR,2019-02-25,,umbral,,6.8,2018-12-31,,sin identificar,DLR_2019-02-25_dlrq412311810kss.htm,"id cloud architecture requirements. Our Global Customers Our portfolio has attracted a high-quality, diversified mix of customers. We have more than 2,300 customers, and no single customer represented more than approximately 6.8% of the aggregate annualized rent of our portfolio as of December 31, 2018. We provide each customer access to a choice of highly customized solutions based on their scal"
DLR,2020-03-02,2019-12-31,mayor_cliente,1,8.0,2019-12-31,,sin identificar,DLR_2020-03-02_dlr-20191231x10kabe894.htm,"centers to meet these customers’ specific technology needs. Our customers are increasingly launching multi-regional deployments and growing with us internationally. Our largest customer, accounted for approximately 8.0% of the aggregate annualized rent as of December 31, 2019 and no other single customer accounted for more than approximately 6.7% of the aggregate annualized rent of our"
DLR,2020-03-02,2019-12-31,umbral,,8.0,2019-12-31,,sin identificar,DLR_2020-03-02_dlr-20191231x10kabe894.htm,"id cloud architecture requirements. Our Global Customers Our portfolio has attracted a high-quality, diversified mix of customers. We have more than 2,000 customers, and no single customer represented more than approximately 8.0% of the aggregate annualized rent of our portfolio as of December 31, 2019. We provide each customer access to a choice of highly customized solutions based on their scal"
DLR,2021-03-01,2020-12-31,mayor_cliente,1,9.5,2020-12-31,,sin identificar,DLR_2021-03-01_dlr-20201231x10k.htm,"ur data centers to meet these customers’ specific technology needs. Our customers are increasingly launching multi-regional deployments and growing with us globally. Our largest customer, accounted for approximately 9.5% of the aggregate annualized rent as of December 31, 2020 and no other single customer accounted for more than approximately 4.7% of the aggregate annualized rent of our"
DLR,2021-03-01,2020-12-31,umbral,,9.5,2020-12-31,,sin identificar,DLR_2021-03-01_dlr-20201231x10k.htm,"id cloud architecture requirements. Our Global Customers Our portfolio has attracted a high-quality, diversified mix of customers. We have more than 4,000 customers, and no single customer represented more than approximately 9.5% of the aggregate annualized rent of our portfolio as of December 31, 2020. We provide each customer access to a choice of highly customized solutions based on their scal"
DLR,2022-02-25,2021-12-31,mayor_cliente,1,10.0,2021-12-31,,ingresos recurrentes anualizados,DLR_2022-02-25_dlr-20211231x10k.htm,"ur data centers to meet these customers’ specific technology needs. Our customers are increasingly launching multi-regional deployments and growing with us globally. Our largest customer, accounted for approximately 10.0% of our aggregate annualized recurring revenue as of December 31, 2021. No other single customer accounted for more than approximately 4.1% of the aggregate annualized re"
DLR,2022-02-25,2021-12-31,top_n,3,17.5,2021-12-31,,ingresos recurrentes anualizados,DLR_2022-02-25_dlr-20211231x10k.htm,"f December 31, 2021, the 20 largest customers in our portfolio represented approximately 49.2% of the total annualized recurring revenue generated by our properties. Our top three customers represented approximately 17.5% of the total annualized recurring revenue generated by our properties as of December 31, 2021. In addition, 45 of our 287 data centers are occupied by single customers,"
DLR,2022-02-25,2021-12-31,umbral,,10.0,2021-12-31,,ingresos recurrentes anualizados,DLR_2022-02-25_dlr-20211231x10k.htm,"id cloud architecture requirements. Our Global Customers Our portfolio has attracted a high-quality, diversified mix of customers. We have more than 4,000 customers, and no single customer represented more than approximately 10.0% of the aggregate annualized recurring revenue of our 6 Table of Contents ​ Index to Financial Statements ​ portfolio as of December 31, 2021. We provide each customer ac"
DLR,2023-02-27,2022-12-31,mayor_cliente,1,10.2,2022-12-31,,ingresos recurrentes anualizados,DLR_2023-02-27_dlr-20221231x10k.htm,"ur data centers to meet these customers’ specific technology needs. Our customers are increasingly launching multi-regional deployments and growing with us globally. Our largest customer, accounted for approximately 10.2% of our aggregate annualized recurring revenue as of December 31, 2022. No other single customer accounted for more than approximately 3.6% of the aggregate annualized re"
DLR,2023-02-27,2022-12-31,top_n,3,17.0,2022-12-31,,ingresos recurrentes anualizados,DLR_2023-02-27_dlr-20221231x10k.htm,"of December 31, 2022, the 20 largest customers in our portfolio represented approximately 50% of the total annualized recurring revenue generated by our properties. Our top three customers represented approximately 17% of the total annualized recurring revenue generated by our properties as of December 31, 2022. In addition, 33 of our 316 data centers are occupied by single customers,"
DLR,2023-02-27,2022-12-31,umbral,,10.2,2022-12-31,,ingresos recurrentes anualizados,DLR_2023-02-27_dlr-20221231x10k.htm,"id cloud architecture requirements. Our Global Customers Our portfolio has attracted a high-quality, diversified mix of customers. We have more than 4,000 customers, and no single customer represented more than approximately 10.2% of the aggregate annualized recurring revenue of our portfolio as of December 31, 2022. We provide each customer access to a choice of highly customized solutions based"
DLR,2024-02-23,2023-12-31,mayor_cliente,1,10.9,2023-12-31,,ingresos recurrentes anualizados,DLR_2024-02-23_dlr-20231231x10k.htm,"ur data centers to meet these customers’ specific technology needs. Our customers are increasingly launching multi-regional deployments and growing with us globally. Our largest customer accounted for approximately 10.9% of our aggregate annualized recurring revenue as of December 31, 2023. No other single customer accounted for more than approximately 5.5% of the aggregate annualized re"
DLR,2024-02-23,2023-12-31,mayor_cliente,1,10.0,,,ingresos totales,DLR_2024-02-23_dlr-20231231x10k.htm,ions in our financial statements is described in Note 2. “Summary of Significant Accounting Policies—Revenue Recognition” to these Consolidated Financial Statements. Our largest customer’s total revenue approximates 10 % of our total revenue base. No other individual customer makes up more than 6 % of our total revenue. ​ A summary of minimum lease payments due from our customers under o
DLR,2024-02-23,2023-12-31,top_n,3,21.0,2023-12-31,,ingresos recurrentes anualizados,DLR_2024-02-23_dlr-20231231x10k.htm,"of December 31, 2023, the 20 largest customers in our portfolio represented approximately 50% of the total annualized recurring revenue generated by our properties. Our top three customers represented approximately 21% of the total annualized recurring revenue generated by our properties as of December 31, 2023. In addition, 32 of our 309 data centers are occupied by single customers,"
DLR,2024-02-23,2023-12-31,umbral,,10.9,2023-12-31,,ingresos recurrentes anualizados,DLR_2024-02-23_dlr-20231231x10k.htm,"id cloud architecture requirements. Our Global Customers Our portfolio has attracted a high-quality, diversified mix of customers. We have more than 5,000 customers, and no single customer represented more than approximately 10.9% of the aggregate annualized recurring revenue of our portfolio as of December 31, 2023. Global Customer Base across a Wide Variety of Industry Sectors . We use our in-de"
DLR,2024-02-23,2023-12-31,umbral,,6.0,,,ingresos totales,DLR_2024-02-23_dlr-20231231x10k.htm,"nt Accounting Policies—Revenue Recognition” to these Consolidated Financial Statements. Our largest customer’s total revenue approximates 10 % of our total revenue base. No other individual customer makes up more than 6 % of our total revenue. ​ A summary of minimum lease payments due from our customers under operating leases of land, prestabilized development properties, and operating pr"
DLR,2024-05-03,2024-03-31,mayor_cliente,1,12.0,,,ingresos totales,DLR_2024-05-03_dlr-20240331x10q.htm,statements as we are the primary obligor with respect to purchasing and selecting goods and services from third-party vendors and bearing the associated credit risk. Our largest customer’s total revenue approximates 12 % of our total revenue base. No other individual customer makes up more than 6 % of our total revenue. Lessee Accounting ​ We lease space at certain of our data centers fr
DLR,2024-05-03,2024-03-31,umbral,,6.0,,,ingresos totales,DLR_2024-05-03_dlr-20240331x10q.htm,ing goods and services from third-party vendors and bearing the associated credit risk. Our largest customer’s total revenue approximates 12 % of our total revenue base. No other individual customer makes up more than 6 % of our total revenue. Lessee Accounting ​ We lease space at certain of our data centers from third parties and certain equipment under noncancelable lease agreements. Le
DLR,2024-08-02,2024-06-30,mayor_cliente,1,11.0,,,ingresos totales,DLR_2024-08-02_dlr-20240630x10q.htm,statements as we are the primary obligor with respect to purchasing and selecting goods and services from third-party vendors and bearing the associated credit risk. Our largest customer’s total revenue approximates 11 % of our total revenue base. No other individual customer makes up more than 6 % of our total revenue. Lessee Accounting ​ We lease space at certain of our data centers fr
DLR,2024-08-02,2024-06-30,umbral,,6.0,,,ingresos totales,DLR_2024-08-02_dlr-20240630x10q.htm,ing goods and services from third-party vendors and bearing the associated credit risk. Our largest customer’s total revenue approximates 11 % of our total revenue base. No other individual customer makes up more than 6 % of our total revenue. Lessee Accounting ​ We lease space at certain of our data centers from third parties and certain equipment under noncancelable lease agreements. Le
DLR,2024-11-01,2024-09-30,mayor_cliente,1,11.0,,,ingresos totales,DLR_2024-11-01_dlr-20240930x10q.htm,statements as we are the primary obligor with respect to purchasing and selecting goods and services from third-party vendors and bearing the associated credit risk. Our largest customer’s total revenue approximates 11 % of our total revenue base. No other individual customer makes up more than 6 % of our total revenue. Lessee Accounting ​ We lease space at certain of our data centers fr
DLR,2024-11-01,2024-09-30,umbral,,6.0,,,ingresos totales,DLR_2024-11-01_dlr-20240930x10q.htm,ing goods and services from third-party vendors and bearing the associated credit risk. Our largest customer’s total revenue approximates 11 % of our total revenue base. No other individual customer makes up more than 6 % of our total revenue. Lessee Accounting ​ We lease space at certain of our data centers from third parties and certain equipment under noncancelable lease agreements. Le
DLR,2025-02-25,2024-12-31,mayor_cliente,1,11.5,2024-12-31,,ingresos recurrentes anualizados,DLR_2025-02-25_dlr-20241231x10k.htm,"ur data centers to meet these customers’ specific technology needs. Our customers are increasingly launching multi-regional deployments and growing with us globally. Our largest customer accounted for approximately 11.5% of our aggregate annualized recurring revenue as of December 31, 2024. No other single customer accounted for more than approximately 6.4% of the aggregate annualized re"
DLR,2025-02-25,2024-12-31,mayor_cliente,1,12.0,,,ingresos totales,DLR_2025-02-25_dlr-20241231x10k.htm,ions in our financial statements is described in Note 2. “Summary of Significant Accounting Policies—Revenue Recognition” to these Consolidated Financial Statements. Our largest customer’s total revenue approximates 12 % of our total revenue base. No other individual customer makes up more than approximately 6 % of our total revenue. ​ A summary of minimum lease payments due from our cus
DLR,2025-02-25,2024-12-31,top_n,3,23.0,2024-12-31,,ingresos recurrentes anualizados,DLR_2025-02-25_dlr-20241231x10k.htm,"of December 31, 2024, the 20 largest customers in our portfolio represented approximately 51% of the total annualized recurring revenue generated by our properties. Our top three customers represented approximately 23% of the total annualized recurring revenue generated by our properties as of December 31, 2024. In addition, 31 of our 308 data centers are occupied by single customers,"
DLR,2025-02-25,2024-12-31,umbral,,11.5,2024-12-31,,ingresos recurrentes anualizados,DLR_2025-02-25_dlr-20241231x10k.htm,"id cloud architecture requirements. Our Global Customers Our portfolio has attracted a high-quality, diversified mix of customers. We have more than 5,000 customers, and no single customer represented more than approximately 11.5% of the aggregate annualized recurring revenue of our portfolio as of December 31, 2024. Global Customer Base across a Wide Variety of Industry Sectors . We use our in-de"
DLR,2025-02-25,2024-12-31,umbral,,6.0,,,ingresos totales,DLR_2025-02-25_dlr-20241231x10k.htm,"nt Accounting Policies—Revenue Recognition” to these Consolidated Financial Statements. Our largest customer’s total revenue approximates 12 % of our total revenue base. No other individual customer makes up more than approximately 6 % of our total revenue. ​ A summary of minimum lease payments due from our customers under operating leases of land, prestabilized development properties, and operati"
DLR,2025-05-01,2025-03-31,mayor_cliente,1,12.0,,,ingresos totales,DLR_2025-05-01_dlr-20250331x10q.htm,statements as we are the primary obligor with respect to purchasing and selecting goods and services from third-party vendors and bearing the associated credit risk. Our largest customer’s total revenue approximates 12 % of our total revenue base. No other individual customer makes up more than 7 % of our total revenue. Lessee Accounting ​ We lease space at certain of our data centers fr
DLR,2025-05-01,2025-03-31,umbral,,7.0,,,ingresos totales,DLR_2025-05-01_dlr-20250331x10q.htm,ing goods and services from third-party vendors and bearing the associated credit risk. Our largest customer’s total revenue approximates 12 % of our total revenue base. No other individual customer makes up more than 7 % of our total revenue. Lessee Accounting ​ We lease space at certain of our data centers from third parties and certain equipment under noncancelable lease agreements. Le
DLR,2025-08-01,2025-06-30,mayor_cliente,1,12.0,,,ingresos totales,DLR_2025-08-01_dlr-20250630x10q.htm,statements as we are the primary obligor with respect to purchasing and selecting goods and services from third-party vendors and bearing the associated credit risk. Our largest customer’s total revenue approximates 12 % of our total revenue base. No other individual customer makes up more than 10% of our total revenue. Lessee Accounting ​ We lease space at certain of our data centers fr
DLR,2025-08-01,2025-06-30,umbral,,10.0,,,ingresos totales,DLR_2025-08-01_dlr-20250630x10q.htm,ing goods and services from third-party vendors and bearing the associated credit risk. Our largest customer’s total revenue approximates 12 % of our total revenue base. No other individual customer makes up more than 10% of our total revenue. Lessee Accounting ​ We lease space at certain of our data centers from third parties and certain equipment under noncancelable lease agreements. Le
DLR,2025-10-31,2025-09-30,mayor_cliente,1,12.0,,,ingresos totales,DLR_2025-10-31_dlr-20250930x10q.htm,statements as we are the primary obligor with respect to purchasing and selecting goods and services from third-party vendors and bearing the associated credit risk. Our largest customer’s total revenue approximates 12 % of our total revenue base. No other individual customer makes up more than 10% of our total revenue. Lessee Accounting ​ We lease space at certain of our data centers fr
DLR,2025-10-31,2025-09-30,umbral,,10.0,,,ingresos totales,DLR_2025-10-31_dlr-20250930x10q.htm,ing goods and services from third-party vendors and bearing the associated credit risk. Our largest customer’s total revenue approximates 12 % of our total revenue base. No other individual customer makes up more than 10% of our total revenue. Lessee Accounting ​ We lease space at certain of our data centers from third parties and certain equipment under noncancelable lease agreements. Le
DLR,2026-02-13,2025-12-31,mayor_cliente,1,11.7,2025-12-31,,ingresos recurrentes anualizados,DLR_2026-02-13_dlr-20251231x10k.htm,"ur data centers to meet these customers’ specific technology needs. Our customers are increasingly launching multi-regional deployments and growing with us globally. Our largest customer accounted for approximately 11.7% of our aggregate annualized recurring revenue as of December 31, 2025. No other single customer accounted for more than approximately 9.0% of the aggregate annualized re"
DLR,2026-02-13,2025-12-31,mayor_cliente,1,12.0,,,ingresos totales,DLR_2026-02-13_dlr-20251231x10k.htm,ions in our financial statements is described in Note 2. “Summary of Significant Accounting Policies—Revenue Recognition” to these Consolidated Financial Statements. Our largest customer’s total revenue is approximately 12 % of our total revenue base. No other individual customer makes up more than approximately 10 % of our total revenue. ​ A summary of minimum lease payments due from our cu
DLR,2026-02-13,2025-12-31,top_n,3,26.0,2025-12-31,,ingresos recurrentes anualizados,DLR_2026-02-13_dlr-20251231x10k.htm,"of December 31, 2025, the 20 largest customers in our portfolio represented approximately 51% of the total annualized recurring revenue generated by our properties. Our top three customers represented approximately 26% of the total annualized recurring revenue generated by our properties as of December 31, 2025. In addition, 20 of our 310 data centers are occupied by single customers,"
DLR,2026-02-13,2025-12-31,umbral,,11.7,2025-12-31,,ingresos recurrentes anualizados,DLR_2026-02-13_dlr-20251231x10k.htm,"ect within or between facilities. ​ Our Global Customers Our portfolio has attracted a high-quality, diversified mix of customers. We have more than 5,000 customers, and no single customer represented more than approximately 11.7% of the aggregate annualized recurring revenue of our portfolio as of December 31, 2025. Global Customer Base across a Wide Variety of Industry Sectors . We use our in-de"
DLR,2026-02-13,2025-12-31,umbral,,10.0,,,ingresos totales,DLR_2026-02-13_dlr-20251231x10k.htm,"ccounting Policies—Revenue Recognition” to these Consolidated Financial Statements. Our largest customer’s total revenue is approximately 12 % of our total revenue base. No other individual customer makes up more than approximately 10 % of our total revenue. ​ A summary of minimum lease payments due from our customers under operating leases of land, prestabilized development properties, and operat"
DLR,2026-05-01,2026-03-31,mayor_cliente,1,11.0,,,ingresos totales,DLR_2026-05-01_dlr-20260331x10q.htm,statements as we are the primary obligor with respect to purchasing and selecting goods and services from third-party vendors and bearing the associated credit risk. Our largest customer’s total revenue approximates 11 % of our total revenue base. No other individual customer makes up more than 10 % of our total revenue. Lessee Accounting ​ We lease space at certain of our data centers f
DLR,2026-05-01,2026-03-31,umbral,,10.0,,,ingresos totales,DLR_2026-05-01_dlr-20260331x10q.htm,ing goods and services from third-party vendors and bearing the associated credit risk. Our largest customer’s total revenue approximates 11 % of our total revenue base. No other individual customer makes up more than 10 % of our total revenue. Lessee Accounting ​ We lease space at certain of our data centers from third parties and certain equipment under noncancelable lease agreements. Le
DLR,2026-07-31,2026-06-30,mayor_cliente,1,11.0,,,ingresos totales,DLR_2026-07-31_dlr-20260630x10q.htm,"primary obligor with respect to purchasing and selecting goods and services from third party vendors and bearing the associated credit risk. As of June 30, 2026, our two largest customers accounted for approximately 11 % and 10 %, respectively, of our total revenue. No other individual customer makes up more than 10 % of our total revenue. Lessee Accounting ​ We lease space at certain of"
DLR,2026-07-31,2026-06-30,umbral,,10.0,,,ingresos totales,DLR_2026-07-31_dlr-20260630x10q.htm,"ors and bearing the associated credit risk. As of June 30, 2026, our two largest customers accounted for approximately 11 % and 10 %, respectively, of our total revenue. No other individual customer makes up more than 10 % of our total revenue. Lessee Accounting ​ We lease space at certain of our data centers from third parties and certain equipment under noncancelable lease agreements. Le"
EQIX,2018-02-26,2017-12-31,mayor_cliente,1,3.0,2017-12-31,,ingresos recurrentes,EQIX_2018-02-26_eqix_20171231x10k.htm,"Communications Siemens Mobility Services Vodafone T-Systems TATA Communications Verizon Customers typically sign renewable contracts of one or more years in length. Our largest customer accounted for approximately 3% of our recurring revenues for the years ended December 31, 2017 , 2016 and 2015 . Our 50 largest customers accounted for approximately 37% , 36% and 34% of our recurring"
EQIX,2018-02-26,2017-12-31,umbral,,10.0,2017-12-31,,cuentas por cobrar,EQIX_2018-02-26_eqix_20171231x10k.htm,"es of the Company’s revenues by geographic region for the years ended December 31: 2017 2016 2015 Americas 50 % 47 % 55 % EMEA 31 % 32 % 26 % Asia-Pacific 19 % 21 % 19 % No single customer accounted for greater than 10% of accounts receivable or revenues as of or for the years ended December 31, 2017 , 2016 and 2015 . Property, Plant and Equipment Property, plant and equipment are state"
EQIX,2018-05-04,,mayor_cliente,1,3.0,2018-03-31,,ingresos recurrentes,EQIX_2018-05-04_eqix-33118x10q.htm,"f of our monthly recurring revenue bookings came from existing customers, contributing to our revenue growth. During the three months ended March 31, 2018 and 2017 , our largest customer accounted for approximately 3% of our recurring revenues. Our 50 largest customers accounted for approximately 38% and 36%, respectively, of our recurring revenues for the three months ended March 31,"
EQIX,2018-05-04,,umbral,,10.0,2018-03-31,,cuentas por cobrar,EQIX_2018-05-04_eqix-33118x10q.htm,"40 12,501 51,085 Total $ 436,447 $ 314,847 $ 198,231 $ 949,525 (1) Includes some leasing and hedging activities that are insignificant to the Company's total operations. No single customer accounted for 10% or greater of the Company's accounts receivable or revenues for the three months ended March 31, 2018 and 2017 . 12. Subsequent Events On April 2, 2018, the Company comp"
EQIX,2018-08-08,,mayor_cliente,1,3.0,2018-06-30,,ingresos recurrentes,EQIX_2018-08-08_eqix-63018x10q.htm,"r monthly recurring revenue bookings came from existing customers, contributing to our revenue growth. During the three and six months ended June 30, 2018 and 2017 , our largest customer accounted for approximately 3% of our recurring revenues. Our 50 largest customers accounted for approximately 39% and 36%, respectively, of our recurring revenues for the three months ended June 30,"
EQIX,2018-08-08,,umbral,,10.0,2018-06-30,,cuentas por cobrar,EQIX_2018-08-08_eqix-63018x10q.htm,"209,869 $ 1,066,421 $ 970,055 $ 637,791 $ 408,100 $ 2,015,946 (1) Includes some leasing and hedging activities that are insignificant to the Company's total operations. No single customer accounted for 10% or greater of the Company's accounts receivable or revenues for the three and six months ended June 30, 2018 and 2017 . 12. Subsequent Events On July 26, 2018, the Compa"
EQIX,2018-11-02,,mayor_cliente,1,3.0,2018-09-30,,ingresos recurrentes,EQIX_2018-11-02_eqix-93018x10q.htm,"our monthly recurring revenue bookings came from existing customers, contributing to our revenue growth. During the three months ended September 30, 2018 and 2017 , our largest customer accounted for approximately 3% and 4%, respectively, of our recurring revenues. During the nine months ended September 30, 2018 and 2017 , our largest customer accounted for approximately 3% of our re"
EQIX,2018-11-02,,umbral,,10.0,2018-09-30,,cuentas por cobrar,EQIX_2018-11-02_eqix-93018x10q.htm,"16,890 $ 1,152,261 $ 1,566,593 $ 976,624 $ 624,990 $ 3,168,207 (1) Includes some leasing and hedging activities that are insignificant to the Company's total operations. No single customer accounted for 10% or greater of the Company's accounts receivable or revenues for the three and nine months ended September 30, 2018 and 2017 . 12. Subsequent Events On November 1, 2018 ,"
EQIX,2019-02-22,2018-12-31,mayor_cliente,1,3.0,2018-12-31,,ingresos recurrentes,EQIX_2019-02-22_eqix_20181231x10kupgrade.htm,"Communications Siemens Mobility Services T-Systems TATA Communications Verizon Vodafone Customers typically sign renewable contracts of one or more years in length. Our largest customer accounted for approximately 3% of our recurring revenues for the years ended December 31, 2018 , 2017 and 2016 . Our 50 largest customers accounted for approximately 38% , 37% and 36% of our recurring"
EQIX,2019-02-22,2018-12-31,umbral,,10.0,2018-12-31,,cuentas por cobrar,EQIX_2019-02-22_eqix_20181231x10kupgrade.htm,"es of the Company's revenues by geographic region for the years ended December 31: 2018 2017 2016 Americas 49 % 50 % 47 % EMEA 31 % 31 % 32 % Asia-Pacific 20 % 19 % 21 % No single customer accounted for greater than 10% of accounts receivable or revenues as of or for the years ended December 31, 2018 , 2017 and 2016 . Property, Plant and Equipment Property, plant and equipment are state"
EQIX,2019-05-03,,mayor_cliente,1,3.0,2019-03-31,,ingresos recurrentes,EQIX_2019-05-03_eqix-33119x10q.htm,"our monthly recurring revenue bookings came from existing customers, contributing to our revenue growth. During both the three months ended March 31, 2019 and 2018 , our largest customer accounted for approximately 3% of our recurring revenues. Our 50 largest customers accounted for approximately 39% and 38%, respectively, of our recurring revenues for the three months ended March 31,"
EQIX,2019-05-03,,umbral,,10.0,2019-03-31,,cuentas por cobrar,EQIX_2019-05-03_eqix-33119x10q.htm,"90 219,147 1,150,629 Non-recurring revenues 26,635 24,140 14,473 65,248 Total $ 602,627 $ 379,630 $ 233,620 $ 1,215,877 (1) Includes some leasing and hedging activities. No single customer accounted for 10% or greater of the Company's accounts receivable or revenues for the three months ended March 31, 2019 and 2018 . 29 Table of Contents EQUINIX, INC. NOTES TO CONDENSED CO"
EQIX,2019-08-02,,mayor_cliente,1,3.0,2019-06-30,,ingresos recurrentes,EQIX_2019-08-02_eqix-63019x10q.htm,"r monthly recurring revenue bookings came from existing customers, contributing to our revenue growth. During the three and six months ended June 30, 2019 and 2018 , our largest customer accounted for approximately 3% of our recurring revenues. Our 50 largest customers accounted for approximately 39% of our recurring revenues for both the three months ended June 30, 2019 and 2018 . Ou"
EQIX,2019-08-02,,umbral,,10.0,2019-06-30,,cuentas por cobrar,EQIX_2019-08-02_eqix-63019x10q.htm,"6,023 47,726 35,693 139,442 Total $ 618,275 $ 383,168 $ 260,500 $ 1,261,943 $ 1,220,902 $ 762,798 $ 494,120 $ 2,477,820 (1) Includes some leasing and hedging activities. No single customer accounted for 10% or greater of the Company's accounts receivable or revenues for the three and six months ended June 30, 2019 and 2018 . 32 Table of Contents EQUINIX, INC. NOTES TO CONDE"
EQIX,2019-11-01,,mayor_cliente,1,3.0,2019-09-30,,ingresos recurrentes,EQIX_2019-11-01_eqix-93019x10q.htm,"hly recurring revenue bookings came from existing customers, contributing to our revenue growth. During the three and nine months ended September 30, 2019 and 2018 , our largest customer accounted for approximately 3% of our recurring revenues. Our 50 largest customers accounted for approximately 39% and 38%, respectively of our recurring revenues for the three months ended September"
EQIX,2019-11-01,,umbral,,10.0,2019-09-30,,cuentas por cobrar,EQIX_2019-11-01_eqix-93019x10q.htm,"861 73,830 51,696 215,387 Total $ 625,684 $ 396,755 $ 261,312 $ 1,283,751 $ 1,846,586 $ 1,159,553 $ 755,432 $ 3,761,571 (1) Includes some leasing and hedging activities. No single customer accounted for 10% or greater of the Company's accounts receivable or revenues for the three and nine months ended September 30, 2019 and 2018 . 34 Table of Contents EQUINIX, INC. NOTES TO"
EQIX,2020-02-21,2019-12-31,mayor_cliente,1,3.0,2019-12-31,,ingresos recurrentes,EQIX_2020-02-21_eqix2019123110k.htm,". In addition, during the past three years, more than 80% of our monthly recurring revenue bookings came from existing customers, contributing to our revenue growth. Our largest customer accounted for approximately 3% of our recurring revenues for the years ended December 31, 2019 , 2018 and 2017 . Our 50 largest customers accounted for approximately 39% , 38% and 37% , respectively,"
EQIX,2020-02-21,2019-12-31,umbral,,10.0,2019-12-31,,ingresos,EQIX_2020-02-21_eqix2019123110k.htm,"IT service needs, and delivered 99.9999% operational uptime across our global data centers in 2019. As of December 31, 2019, we had more than 9,700 customers worldwide. No one customer made up 10% or more of our total business revenues in the year ended December 31, 2019. The following companies represent some of our leading customers and partners: We serve our cu"
EQIX,2020-05-07,,mayor_cliente,1,3.0,2020-03-31,,ingresos recurrentes,EQIX_2020-05-07_eqix-33120x10q.htm,". In addition, during the past three years, more than 80% of our monthly recurring revenue bookings came from existing customers, contributing to our revenue growth. Our largest customer accounted for approximately 3% of our recurring revenues for both the three months ended March 31, 2020 and 2019 . Our 50 largest customers accounted for approximately 39% of our recurring revenues fo"
EQIX,2020-05-07,,umbral,,10.0,2020-03-31,,cuentas por cobrar,EQIX_2020-05-07_eqix-33120x10q.htm,"37 268,281 1,274,828 Non-recurring revenues 38,056 34,423 15,911 88,390 Total $ 644,366 $ 434,660 $ 284,192 $ 1,363,218 (1) Includes some leasing and hedging activities. No single customer accounted for 10% or greater of the Company's accounts receivable or revenues for the three months ended March 31, 2020 and 2019 . The Company defines adjusted EBITDA as income from opera"
EQIX,2020-07-31,,mayor_cliente,1,3.0,2020-06-30,,ingresos recurrentes,EQIX_2020-07-31_eqix-63020x10q.htm,". In addition, during the past three years, more than 80% of our monthly recurring revenue bookings came from existing customers, contributing to our revenue growth. Our largest customer accounted for approximately 3% of our recurring revenues for both the three and six months ended June 30, 2020 and 2019 . Our 50 largest customers accounted for approximately 39% of our recurring reve"
EQIX,2020-07-31,,umbral,,10.0,2020-06-30,,cuentas por cobrar,EQIX_2020-07-31_eqix-63020x10q.htm,"7,670 67,197 32,455 167,322 Total $ 644,420 $ 449,855 $ 290,702 $ 1,384,977 $ 1,288,786 $ 884,515 $ 574,894 $ 2,748,195 (1) Includes some leasing and hedging activities. No single customer accounted for 10% or greater of the Company's accounts receivable or revenues for the three and six months ended June 30, 2020 and 2019 . The Company defines adjusted EBITDA as income fro"
EQIX,2020-10-30,2020-09-30,mayor_cliente,1,3.0,2020-09-30,,ingresos recurrentes,EQIX_2020-10-30_eqix-20200930.htm,". In addition, during the past three years, more than 80% of our monthly recurring revenue bookings came from existing customers, contributing to our revenue growth. Our largest customer accounted for approximately 3% of our recurring revenues for both the three and nine months ended September 30, 2020 and 2019. Our 50 largest customers accounted for approximately 41% and 39%, respect"
EQIX,2020-10-30,2020-09-30,umbral,,10.0,2020-09-30,,cuentas por cobrar,EQIX_2020-10-30_eqix-20200930.htm,"663 97,635 49,498 244,796 Total $ 645,275 $ 458,140 $ 293,395 $ 1,396,810 $ 1,934,061 $ 1,342,655 $ 868,289 $ 4,145,005 (1) Includes some leasing and hedging activities. No single customer accounted for 10% or greater of the Company's accounts receivable or revenues for the three and nine months ended September 30, 2020 and 2019. 35 Table of Contents EQUINIX, INC. NOTES TO"
EQIX,2021-02-19,2020-12-31,mayor_cliente,1,3.0,2020-12-31,,ingresos recurrentes,EQIX_2021-02-19_eqix-20201231.htm,". In addition, during the past three years, more than 80% of our monthly recurring revenue bookings came from existing customers, contributing to our revenue growth. Our largest customer accounted for approximately 3% of our recurring revenues for the years ended December 31, 2020, 2019 and 2018. Our 50 largest customers accounted for approximately 39%, 39% and 38%, respectively, of o"
EQIX,2021-02-19,2020-12-31,umbral,,10.0,2020-12-31,,ingresos,EQIX_2021-02-19_eqix-20201231.htm,"aged IT service needs, and delivered 99.9999% operational uptime across our global data centers in 2020. As of December 31, 2020, we had over 10,000 customers worldwide. No one customer made up 10% or more of our total business revenues for the year ended December 31, 2020. The following companies represent some of our leading customers and partners: We serve our c"
EQIX,2021-04-30,2021-03-31,mayor_cliente,1,3.0,2021-03-31,,ingresos recurrentes,EQIX_2021-04-30_eqix-20210331.htm,". In addition, during the past three years, more than 80% of our monthly recurring revenue bookings came from existing customers, contributing to our revenue growth. Our largest customer accounted for approximately 3% of our recurring revenues for both the three months ended March 31, 2021 and 2020. Our 50 largest customers accounted for approximately 39% of our recurring revenues for"
EQIX,2021-07-30,2021-06-30,mayor_cliente,1,3.0,2021-06-30,,ingresos recurrentes,EQIX_2021-07-30_eqix-20210630.htm,". In addition, during the past three years, more than 80% of our monthly recurring revenue bookings came from existing customers, contributing to our revenue growth. Our largest customer accounted for approximately 3% of our recurring revenues for both the three and six months ended June 30, 2021 and 2020. Our 50 largest customers accounted for approximately 40% of our recurring reven"
EQIX,2021-07-30,2021-06-30,umbral,,10.0,2021-06-30,,cuentas por cobrar,EQIX_2021-07-30_eqix-20210630.htm,"4,663 (1) Includes some leasing and hedging activities. 35 Table of Contents EQUINIX, INC. NOTES TO CONDENSED CONSOLIDATED FINANCIAL STATEMENTS - (Continued) (Unaudited) No single customer accounted for 10% or greater of our accounts receivable or revenues for the three and six months ended June 30, 2021 and 2020. There is no country outside of the U.S. from which we derive"
EQIX,2021-11-04,2021-09-30,mayor_cliente,1,3.0,2021-09-30,,ingresos recurrentes,EQIX_2021-11-04_eqix-20210930.htm,". In addition, during the past three years, more than 80% of our monthly recurring revenue bookings came from existing customers, contributing to our revenue growth. Our largest customer accounted for approximately 3% of our recurring revenues for both the three and nine months ended September 30, 2021 and 2020. Our 50 largest customers accounted for approximately 39% of our recurring"
EQIX,2021-11-04,2021-09-30,umbral,,10.0,2021-09-30,,cuentas por cobrar,EQIX_2021-11-04_eqix-20210930.htm,"4,430 (1) Includes some leasing and hedging activities. 40 Table of Contents EQUINIX, INC. NOTES TO CONDENSED CONSOLIDATED FINANCIAL STATEMENTS - (Continued) (Unaudited) No single customer accounted for 10% or greater of our accounts receivable or revenues for the three and nine months ended September 30, 2021 and 2020. There is no country outside of the U.S. from which we"
EQIX,2022-02-18,2021-12-31,mayor_cliente,1,3.0,2021-12-31,,ingresos recurrentes,EQIX_2022-02-18_eqix-20211231.htm,". In addition, during the past three years, more than 80% of our monthly recurring revenue bookings came from existing customers, contributing to our revenue growth. Our largest customer accounted for approximately 3% of our recurring revenues for the years ended December 31, 2021, 2020 and 2019. Our 50 largest customers accounted for approximately 39% of our recurring revenues for th"
EQIX,2022-02-18,2021-12-31,umbral,,10.0,2021-12-31,,ingresos,EQIX_2022-02-18_eqix-20211231.htm,"naged IT service needs, and delivered 99.999% operational uptime across our global data centers in 2021. As of December 31, 2021, we had over 10,000 customers worldwide. No one customer made up 10% or more of our total business revenues for the year ended December 31, 2021. 10 Table of Contents The following companies represent some of our leading customers and par"
EQIX,2022-04-29,2022-03-31,mayor_cliente,1,3.0,2022-03-31,,ingresos recurrentes,EQIX_2022-04-29_eqix-20220331.htm,". In addition, during the past three years, more than 80% of our monthly recurring revenue bookings came from existing customers, contributing to our revenue growth. Our largest customer accounted for approximately 3% of our recurring revenues for both the three months ended March 31, 2022 and 2021. Our 50 largest customers accounted for approximately 38% and 39% of our recurring reve"
EQIX,2022-04-29,2022-03-31,umbral,,10.0,2022-03-31,,cuentas por cobrar,EQIX_2022-04-29_eqix-20220331.htm,"82 330,982 1,510,933 Non-recurring revenues 33,071 31,635 20,425 85,131 Total $ 725,940 $ 518,717 $ 351,407 $ 1,596,064 (1) Includes some leasing and hedging activities. No single customer accounted for 10% or greater of our accounts receivable or revenues for the three months ended March 31, 2022 and 2021. There is no country outside of the U.S. from which we derived reven"
EQIX,2022-07-29,2022-06-30,mayor_cliente,1,3.0,2022-06-30,,ingresos recurrentes,EQIX_2022-07-29_eqix-20220630.htm,". In addition, during the past three years, more than 80% of our monthly recurring revenue bookings came from existing customers, contributing to our revenue growth. Our largest customer accounted for approximately 3% of our recurring revenues for both the three and six months ended June 30, 2022 and 2021. Our 50 largest customers accounted for approximately 36% and 37%, respectively,"
EQIX,2022-07-29,2022-06-30,umbral,,10.0,2022-06-30,,cuentas por cobrar,EQIX_2022-07-29_eqix-20220630.htm,"3,983 (1) Includes some leasing and hedging activities. 37 Table of Contents EQUINIX, INC. NOTES TO CONDENSED CONSOLIDATED FINANCIAL STATEMENTS - (Continued) (Unaudited) No single customer accounted for 10% or greater of our accounts receivable or revenues for the three and six months ended June 30, 2022 and 2021. There is no country outside of the U.S. from which we derive"
EQIX,2022-11-04,2022-09-30,mayor_cliente,1,3.0,2022-09-30,,ingresos recurrentes,EQIX_2022-11-04_eqix-20220930.htm,". In addition, during the past three years, more than 80% of our monthly recurring revenue bookings came from existing customers, contributing to our revenue growth. Our largest customer accounted for approximately 3% of our recurring revenues for both the three and nine months ended September 30, 2022 and 2021. Our 50 largest customers accounted for approximately 36% and 37%, respect"
EQIX,2022-11-04,2022-09-30,umbral,,10.0,2022-09-30,,cuentas por cobrar,EQIX_2022-11-04_eqix-20220930.htm,"9,159 (1) Includes some leasing and hedging activities. 40 Table of Contents EQUINIX, INC. NOTES TO CONDENSED CONSOLIDATED FINANCIAL STATEMENTS - (Continued) (Unaudited) No single customer accounted for 10% or greater of our accounts receivable or revenues for the three and nine months ended September 30, 2022 and 2021. There is no country outside of the U.S. from which we"
EQIX,2023-02-17,2022-12-31,mayor_cliente,1,3.0,2022-12-31,,ingresos recurrentes,EQIX_2023-02-17_eqix-20221231.htm,". In addition, during the past three years, more than 90% of our monthly recurring revenue bookings came from existing customers, contributing to our revenue growth. Our largest customer accounted for approximately 3% of our recurring revenues for the years ended December 31, 2022, 2021 and 2020. Our 50 largest customers accounted for approximately 36% of our recurring revenues for th"
EQIX,2023-02-17,2022-12-31,umbral,,10.0,2022-12-31,,ingresos,EQIX_2023-02-17_eqix-20221231.htm,"aged IT service needs, and delivered 99.9999% operational uptime across our global data centers in 2022. As of December 31, 2022, we had over 10,000 customers worldwide. No one customer made up 10% or more of our total business revenues for the year ended December 31, 2022. The following companies represent some of our leading customers and partners: We serve our c"
EQIX,2023-05-05,2023-03-31,mayor_cliente,1,3.0,2023-03-31,,ingresos recurrentes,EQIX_2023-05-05_eqix-20230331.htm,". In addition, during the past three years, more than 90% of our monthly recurring revenue bookings came from existing customers, contributing to our revenue growth. Our largest customer accounted for approximately 3% of our recurring revenues for both the three months ended March 31, 2023 and 2022. Our 50 largest customers accounted for approximately 37% and 38% of our recurring reve"
EQIX,2023-05-05,2023-03-31,umbral,,10.0,2023-03-31,,cuentas por cobrar,EQIX_2023-05-05_eqix-20230331.htm,"4,447 (1) Includes some leasing and hedging activities. 34 Table of Contents EQUINIX, INC. NOTES TO CONDENSED CONSOLIDATED FINANCIAL STATEMENTS - (Continued) (Unaudited) No single customer accounted for 10% or greater of our accounts receivable or revenues for the three months ended March 31, 2023 and 2022. There is no country outside of the U.S. from which we derived reven"
EQIX,2023-08-04,2023-06-30,mayor_cliente,1,3.0,2023-06-30,,ingresos recurrentes,EQIX_2023-08-04_eqix-20230630.htm,". In addition, during the past three years, more than 90% of our monthly recurring revenue bookings came from existing customers, contributing to our revenue growth. Our largest customer accounted for approximately 3% of our recurring revenues for both the three and six months ended June 30, 2023 and 2022. Our 50 largest customers accounted for approximately 37% of our recurring reven"
EQIX,2023-08-04,2023-06-30,umbral,,10.0,2023-06-30,,cuentas por cobrar,EQIX_2023-08-04_eqix-20230630.htm,"1,601 (1) Includes some leasing and hedging activities. 35 Table of Contents EQUINIX, INC. NOTES TO CONDENSED CONSOLIDATED FINANCIAL STATEMENTS - (Continued) (Unaudited) No single customer accounted for 10% or greater of our accounts receivable or revenues for the three and six months ended June 30, 2023 and 2022. There is no country outside of the U.S. from which we derive"
EQIX,2023-10-27,2023-09-30,mayor_cliente,1,3.0,2023-09-30,,ingresos recurrentes,EQIX_2023-10-27_eqix-20230930.htm,". In addition, during the past three years, more than 90% of our monthly recurring revenue bookings came from existing customers, contributing to our revenue growth. Our largest customer accounted for approximately 3% of our recurring revenues for both the three and nine months ended September 30, 2023 and 2022. Our 50 largest customers accounted for approximately 37% of our recurring"
EQIX,2023-10-27,2023-09-30,umbral,,10.0,2023-09-30,,cuentas por cobrar,EQIX_2023-10-27_eqix-20230930.htm,"se periods. There was no country outside of the U.S. from which we derived revenues that exceeded 10% of revenues for the three and nine months ended September 30, 2022. No single customer accounted for 10% or greater of our accounts receivable or revenues for the three and nine months ended September 30, 2023 and 2022. We define adjusted EBITDA as net income excluding inco"
EQIX,2024-02-16,2023-12-31,mayor_cliente,1,3.0,2023-12-31,,ingresos recurrentes,EQIX_2024-02-16_eqix-20231231.htm,". In addition, during the past three years, more than 90% of our monthly recurring revenue bookings came from existing customers, contributing to our revenue growth. Our largest customer accounted for approximately 3% of our recurring revenues for the years ended December 31, 2023, 2022 and 2021. Our 50 largest customers accounted for approximately 37%, 36% and 39% of our recurring re"
EQIX,2024-02-16,2023-12-31,umbral,,10.0,2023-12-31,,ingresos,EQIX_2024-02-16_eqix-20231231.htm,"aged IT service needs, and delivered 99.999%+ operational uptime across our global data centers in 2023. As of December 31, 2023, we had over 10,000 customers worldwide. No one customer made up 10% or more of our total business revenues for the year ended December 31, 2023. 10 Table of Contents The following companies represent some of our leading customers and par"
EQIX,2024-05-08,2024-03-31,mayor_cliente,1,3.0,2024-03-31,,ingresos recurrentes,EQIX_2024-05-08_eqix-20240331.htm,". In addition, during the past three years, more than 90% of our monthly recurring revenue bookings came from existing customers, contributing to our revenue growth. Our largest customer accounted for approximately 3% of our recurring revenues for both the three months ended March 31, 2024 and 2023. Our 50 largest customers accounted for approximately 37% of our recurring revenues for"
EQIX,2024-05-08,2024-03-31,umbral,,10.0,2024-03-31,,cuentas por cobrar,EQIX_2024-05-08_eqix-20240331.htm,"% of our total revenues. There was no country outside of the U.S. from which we derived revenues that exceeded 10% of revenues for the three months ended March 31, 2023. No single customer accounted for 10% or greater of our accounts receivable or revenues for the three months ended March 31, 2024 and 2023. We define adjusted EBITDA as net income excluding income tax expens"
EQIX,2024-08-07,2024-06-30,mayor_cliente,1,3.0,2024-06-30,,ingresos recurrentes,EQIX_2024-08-07_eqix-20240630.htm,". In addition, during the past three years, more than 90% of our monthly recurring revenue bookings came from existing customers, contributing to our revenue growth. Our largest customer accounted for approximately 3% of our recurring revenues for both the three and six months ended June 30, 2024 and 2023. Our 50 largest customers accounted for approximately 36% of our recurring reven"
EQIX,2024-08-07,2024-06-30,umbral,,10.0,2024-06-30,,cuentas por cobrar,EQIX_2024-08-07_eqix-20240630.htm,"ctively. There was no country outside of the U.S. from which we derived revenues that exceeded 10% of revenues for the three and six months ended June 30, 2024 and 2023. No single customer accounted for 10% or greater of our accounts receivable or revenues for the three and six months ended June 30, 2024 and 2023. We define adjusted EBITDA as net income excluding income tax"
EQIX,2024-10-30,2024-09-30,mayor_cliente,1,3.0,2024-09-30,,ingresos recurrentes,EQIX_2024-10-30_eqix-20240930.htm,". In addition, during the past three years, more than 90% of our monthly recurring revenue bookings came from existing customers, contributing to our revenue growth. Our largest customer accounted for approximately 3% of our recurring revenues for both the three and nine months ended September 30, 2024 and 2023. Our 50 largest customers accounted for approximately 36% of our recurring"
EQIX,2024-10-30,2024-09-30,umbral,,10.0,2024-09-30,,cuentas por cobrar,EQIX_2024-10-30_eqix-20240930.htm,"the United Kingdom, which is the only country outside of the U.S. from which we derived revenues that exceeded 10% of our total revenues during either of these periods. No single customer accounted for 10% or greater of our accounts receivable or revenues for the three and nine months ended September 30, 2024 and 2023. We define adjusted EBITDA as net income excluding inco"
EQIX,2025-02-12,2024-12-31,mayor_cliente,1,3.0,2024-12-31,,ingresos recurrentes,EQIX_2025-02-12_eqix-20241231.htm,". In addition, during the past three years, more than 90% of our monthly recurring revenue bookings came from existing customers, contributing to our revenue growth. Our largest customer accounted for approximately 3% of our recurring revenues for the years ended December 31, 2024, 2023 and 2022. Our 50 largest customers accounted for approximately 36%, 37% and 36% of our recurring re"
EQIX,2025-02-12,2024-12-31,umbral,,10.0,2024-12-31,,ingresos,EQIX_2025-02-12_eqix-20241231.htm,"and we delivered 99.999%+ operational uptime across our global data centers in the previous fiscal year. As of December 31, 2024, we had over 10,000 customers worldwide. No one customer made up 10% or more of our total business revenues for the year ended December 31, 2024. 10 Table of Contents The following companies represent some of our leading customers and par"
EQIX,2025-02-12,2024-12-31,umbral,,10.0,2023-12-31,,cuentas por cobrar,EQIX_2025-02-12_eqix-20241231.htm,"United Kingdom were $ 3.1 billion and $ 822 million, respectively. There was no other country from which we derived revenues that exceeded 10% of our total revenues and no single customer accounted for 10% or greater of our accounts receivable or revenues as at or for the year ended December 31, 2023. (3) Other segment items for each reportable segment are comprised of gen"
EQIX,2025-02-12,2024-12-31,umbral,,10.0,2022-12-31,,cuentas por cobrar,EQIX_2025-02-12_eqix-20241231.htm,"ties. (2) Total revenues attributed to the U.S. were $ 2.9 billion. There was no other country from which we derived revenues that exceeded 10% of our total revenues and no single customer accounted for 10% or greater of our accounts receivable or revenues as at or for the year ended December 31, 2022. (3) Other segment items for each reportable segment are comprised of gen"
EQIX,2025-04-30,2025-03-31,mayor_cliente,1,3.0,2025-03-31,,ingresos recurrentes,EQIX_2025-04-30_eqix-20250331.htm,". In addition, during the past three years, more than 90% of our monthly recurring revenue bookings came from existing customers, contributing to our revenue growth. Our largest customer accounted for approximately 3% of our recurring revenues for both the three months ended March 31, 2025 and 2024. Our 50 largest customers accounted for approximately 36% of our recurring revenues for"
EQIX,2025-04-30,2025-03-31,umbral,,10.0,2025-03-31,,cuentas por cobrar,EQIX_2025-04-30_eqix-20250331.htm,"ties. (2) Total revenues attributed to the U.S. were $ 873 million. There was no other country from which we derived revenues that exceeded 10% of our total revenues and no single customer accounted for 10% or greater of our accounts receivable or revenues as at or for the three months ended March 31, 2025. (3) Other segment items for each reportable segment are comprised o"
EQIX,2025-04-30,2025-03-31,umbral,,10.0,2024-03-31,,cuentas por cobrar,EQIX_2025-04-30_eqix-20250331.htm,"United Kingdom were $ 795 million and $ 218 million, respectively. There was no other country from which we derived revenues that exceeded 10% of our total revenues and no single customer accounted for 10% or greater of our accounts receivable or revenues as at or for the three months ended March 31, 2024. (3) Other segment items for each reportable segment are comprised o"
EQIX,2025-07-30,2025-06-30,mayor_cliente,1,3.0,2025-06-30,,ingresos recurrentes,EQIX_2025-07-30_eqix-20250630.htm,". In addition, during the past three years, more than 90% of our monthly recurring revenue bookings came from existing customers, contributing to our revenue growth. Our largest customer accounted for approximately 3% of our recurring revenues for both the three and six months ended June 30, 2025 and 2024. Our 50 largest customers accounted for approximately 36% of our recurring reven"
EQIX,2025-07-30,2025-06-30,umbral,,10.0,2025-06-30,,cuentas por cobrar,EQIX_2025-07-30_eqix-20250630.htm,"$ 1.7 billion during the three and six months ended June 30, 2025. There was no other country from which we derived revenues that exceeded 10% of our total revenues and no single customer accounted for 10% or greater of our accounts receivable or revenues as at or for the three and six months ended June 30, 2025. (3) Other segment items for each reportable segment are comp"
EQIX,2025-07-30,2025-06-30,umbral,,10.0,2024-06-30,,cuentas por cobrar,EQIX_2025-07-30_eqix-20250630.htm,"during the three and six months ended June 30, 2024, respectively. There was no other country from which we derived revenues that exceeded 10% of our total revenues and no single customer accounted for 10% or greater of our accounts receivable or revenues as at or for the three and six months ended June 30, 2024. (3) Other segment items for each reportable segment are comp"
EQIX,2025-10-29,2025-09-30,mayor_cliente,1,3.0,2025-09-30,,ingresos recurrentes,EQIX_2025-10-29_eqix-20250930.htm,". In addition, during the past three years, more than 90% of our monthly recurring revenue bookings came from existing customers, contributing to our revenue growth. Our largest customer accounted for approximately 3% of our recurring revenues for both the three and nine months ended September 30, 2025 and 2024. Our 50 largest customers accounted for approximately 36% of our recurring"
EQIX,2025-10-29,2025-09-30,umbral,,10.0,2025-09-30,,cuentas por cobrar,EQIX_2025-10-29_eqix-20250930.htm,"billion during the three and nine months ended September 30, 2025. There was no other country from which we derived revenues that exceeded 10% of our total revenues and no single customer accounted for 10% or greater of our accounts receivable or revenues as at or for the three and nine months ended September 30, 2025. (3) Other segment items for each reportable segment ar"
EQIX,2025-10-29,2025-09-30,umbral,,10.0,2024-09-30,,cuentas por cobrar,EQIX_2025-10-29_eqix-20250930.htm,"g the three and nine months ended September 30, 2024, respectively. There was no other country from which we derived revenues that exceeded 10% of our total revenues and no single customer accounted for 10% or greater of our accounts receivable or revenues as at or for the three and nine months ended September 30, 2024. (3) Other segment items for each reportable segment ar"
EQIX,2026-02-11,2025-12-31,mayor_cliente,1,3.0,2025-12-31,,ingresos recurrentes,EQIX_2026-02-11_eqix-20251231.htm,". In addition, during the past three years, more than 90% of our monthly recurring revenue bookings came from existing customers, contributing to our revenue growth. Our largest customer accounted for approximately 3% of our recurring revenues for the years ended December 31, 2025, 2024 and 2023. Our 50 largest customers accounted for approximately 36%, 36% and 37% of our recurring re"
EQIX,2026-02-11,2025-12-31,umbral,,10.0,2025-12-31,,ingresos,EQIX_2026-02-11_eqix-20251231.htm,"red 99.9999%+ operational uptime across our global data centers during the year ended December 31, 2025. As of December 31, 2025, we had over 10,500 customers worldwide. No one customer made up 10% or more of our total business revenues for the year ended December 31, 2025. The following companies represent some of our leading customers and partners: We serve our c"
EQIX,2026-02-11,2025-12-31,umbral,,10.0,2024-12-31,,cuentas por cobrar,EQIX_2026-02-11_eqix-20251231.htm,"ties. (2) Total revenues attributed to the U.S. were $ 3.3 billion. There was no other country from which we derived revenues that exceeded 10% of our total revenues and no single customer accounted for 10% or greater of our accounts receivable or revenues as at or for the year ended December 31, 2024. (3) Other segment items for each reportable segment are comprised of gen"
EQIX,2026-02-11,2025-12-31,umbral,,10.0,2023-12-31,,cuentas por cobrar,EQIX_2026-02-11_eqix-20251231.htm,"United Kingdom were $ 3.1 billion and $ 822 million, respectively. There was no other country from which we derived revenues that exceeded 10% of our total revenues and no single customer accounted for 10% or greater of our accounts receivable or revenues as at or for the year ended December 31, 2023. (3) Other segment items for each reportable segment are comprised of gen"
EQIX,2026-04-29,2026-03-31,mayor_cliente,1,2.0,2026-03-31,,ingresos recurrentes,EQIX_2026-04-29_eqix-20260331.htm,". In addition, during the past three years, more than 90% of our monthly recurring revenue bookings came from existing customers, contributing to our revenue growth. Our largest customer accounted for approximately 2% of our recurring revenues for the three months ended March 31, 2026 and 3% for the three months ended March 31, 2025. Our 50 largest customers accounted for approximatel"
EQIX,2026-04-29,2026-03-31,umbral,,10.0,2026-03-31,,cuentas por cobrar,EQIX_2026-04-29_eqix-20260331.htm,"S. were $ 935 million during the three months ended March 31, 2026. There was no other country from which we derived revenues that exceeded 10% of our total revenues and no single customer accounted for 10% or greater of our accounts receivable or revenues as at or for the three months ended March 31, 2026. (3) Other segment items for each reportable segment are comprised o"
EQIX,2026-04-29,2026-03-31,umbral,,10.0,2025-03-31,,cuentas por cobrar,EQIX_2026-04-29_eqix-20260331.htm,"S. were $ 873 million during the three months ended March 31, 2025. There was no other country from which we derived revenues that exceeded 10% of our total revenues and no single customer accounted for 10% or greater of our accounts receivable or revenues as at or for the three months ended March 31, 2025. (3) Other segment items for each reportable segment are comprised o"
EQIX,2026-07-29,2026-06-30,mayor_cliente,1,2.0,2026-06-30,,ingresos recurrentes,EQIX_2026-07-29_eqix-20260630.htm,". In addition, during the past three years, more than 90% of our monthly recurring revenue bookings came from existing customers, contributing to our revenue growth. Our largest customer accounted for approximately 2% of our recurring revenues for the three and six months ended June 30, 2026 and 3% for the three and six months ended June 30, 2025. Our 50 largest customers accounted fo"
EQIX,2026-07-29,2026-06-30,umbral,,10.0,2026-06-30,,cuentas por cobrar,EQIX_2026-07-29_eqix-20260630.htm,"$ 2.0 billion during the three and six months ended June 30, 2026. There was no other country from which we derived revenues that exceeded 10% of our total revenues and no single customer accounted for 10% or greater of our accounts receivable or revenues as at or for the three and six months ended June 30, 2026. (3) Other segment items for each reportable segment are comp"
EQIX,2026-07-29,2026-06-30,umbral,,10.0,2025-06-30,,cuentas por cobrar,EQIX_2026-07-29_eqix-20260630.htm,"$ 1.7 billion during the three and six months ended June 30, 2025. There was no other country from which we derived revenues that exceeded 10% of our total revenues and no single customer accounted for 10% or greater of our accounts receivable or revenues as at or for the three and six months ended June 30, 2025. (3) Other segment items for each reportable segment are comp"
ETN,2018-02-28,,umbral,,10.0,,,ventas netas,ETN_2018-02-28_etn12312017form10-k.htm,"nal equipment manufacturers and aftermarket customers of heavy-, medium-, and light-duty trucks, SUVs, CUVs, passenger cars and agricultural equipment. Other Information No single customer represented greater than 10% of net sales in 2017 , 2016 or 2015 , respectively. The accounting policies of the business segments are generally the same as the policies described in Note 1, except t"
ETN,2019-02-27,,umbral,,10.0,,,ventas netas,ETN_2019-02-27_etn12312018form10-k.htm,"nufacturers and aftermarket customers of passenger cars, commercial vehicles, and construction, agriculture, and mining equipment. 63 Table of Contents Other Information No single customer represented greater than 10% of net sales in 2018 , 2017 or 2016 , respectively. The accounting policies of the business segments are generally the same as the policies described in Note 1, except t"
ETN,2020-02-26,,umbral,,10.0,,,ventas netas,ETN_2020-02-26_etn12312019form10-k.htm,"nufacturers and aftermarket customers of passenger cars, commercial vehicles, and construction, agriculture, and mining equipment. 68 Table of Contents Other Information No single customer represented greater than 10 % of net sales in 2019 , 2018 or 2017 , respectively. The accounting policies of the business segments are generally the same as the policies described in Note 1, except t"
ETN,2021-02-24,2020-12-31,umbral,,10.0,,,ventas netas,ETN_2021-02-24_etn-20201231.htm,"nufacturers and aftermarket customers of passenger cars, commercial vehicles, and construction, agriculture, and mining equipment. 73 Table of Contents Other Information No single customer represented greater than 10% of net sales in 2020, 2019 or 2018, respectively. The accounting policies of the business segments are generally the same as the policies described in Note 1, except tha"
ETN,2022-02-23,2021-12-31,umbral,,10.0,,,ventas netas,ETN_2022-02-23_etn-20211231.htm,"original equipment manufacturers and aftermarket customers of passenger cars, commercial vehicles, and construction, agriculture, and mining equipment. Other Information No single customer represented greater than 10% of net sales in 2021, 2020 or 2019, respectively. The accounting policies of the business segments are generally the same as the policies described in Note 1, except tha"
ETN,2023-02-23,2022-12-31,umbral,,10.0,,,ventas netas,ETN_2023-02-23_etn-20221231.htm,"original equipment manufacturers and aftermarket customers of passenger cars, commercial vehicles, and construction, agriculture, and mining equipment. Other Information No single customer represented greater than 10% of net sales in 2022, 2021 or 2020, respectively. The accounting policies of the business segments are generally the same as the policies described in Note 1, except tha"
ETN,2024-02-29,2023-12-31,umbral,,10.0,,,ventas netas,ETN_2024-02-29_etn-20231231.htm,"ket customers of heavy-, medium-, and light-duty trucks, SUVs, CUVs, passenger cars, construction, agriculture, material handling and mining equipment. Other Information No single customer represented greater than 10% of net sales in 2023, 2022 or 2021, respectively. The accounting policies of the business segments are generally the same as the policies described in Note 1, except tha"
ETN,2025-02-27,2024-12-31,umbral,,10.0,,,ventas netas,ETN_2025-02-27_etn-20241231.htm,"ket customers of heavy-, medium-, and light-duty trucks, SUVs, CUVs, passenger cars, construction, agriculture, material handling and mining equipment. Other Information No single customer represented greater than 10% of net sales in 2024, 2023 or 2022, respectively. The accounting policies of the business segments are generally the same as the policies described in Note 1, except tha"
ETN,2026-02-26,2025-12-31,umbral,,10.0,,,ventas netas,ETN_2026-02-26_etn-20251231.htm,"ket customers of heavy-, medium-, and light-duty trucks, SUVs, CUVs, passenger cars, construction, agriculture, material handling and mining equipment. Other Information No single customer represented greater than 10% of net sales in 2025, 2024 or 2023, respectively. The accounting policies of the business segments are generally the same as the policies described in Note 1, except tha"
NVDA,2018-02-28,,umbral,,10.0,2018-12-31,,ingresos totales,NVDA_2018-02-28_nvda-2018x10k.htm,"d to individual countries based o n the location to which the products are initially billed even if the revenue is attributable to end customers in a different location. No single customer represented more than 10% of total revenue for fiscal year 2018. In fiscal years 2017 and 2016, we had one customer that represented 12% and 11% of our total revenue, respectively. Gross Profit a"
NVDA,2018-05-22,,umbral,,10.0,2018-12-31,,cuentas por cobrar,NVDA_2018-05-22_nvda2019q110q.htm,"nue, aggregated approximately 20% of our total revenue from two customers for the first quarter of fiscal year 2019 , and was attributable primarily to the GPU business. No single customer represented 10% or more of total revenue for the first quarter of fiscal year 2018 . Accounts receivable from significant customers, those representing more than 10% of total accounts r"
NVDA,2018-08-16,,umbral,,10.0,,,cuentas por cobrar,NVDA_2018-08-16_nvda2019q210q.htm,"Professional Visualization 281 235 532 440 Datacenter 760 416 1,461 825 Automotive 161 142 306 282 OEM & IP 116 251 503 407 Total revenue $ 3,123 $ 2,230 $ 6,330 $ 4,167 No customer represented 10% or more of total revenue for the second quarter and first half of fiscal years 2019 and 2018. Accounts receivable from significant customers, those representing more tha"
NVDA,2018-11-15,,umbral,,10.0,,,cuentas por cobrar,NVDA_2018-11-15_nvda2019q310q.htm,"ofessional Visualization 305 239 837 679 Datacenter 792 501 2,253 1,326 Automotive 172 144 478 426 OEM & IP 148 191 651 598 Total revenue $ 3,181 $ 2,636 $ 9,511 $ 6,803 No customer represented 10% or more of total revenue for the third quarter and first nine months of fiscal years 2019 and 2018. Accounts receivable from significant customers, those representing mo"
NVDA,2018-11-15,,umbral,,10.0,2019-12-31,,ingresos totales,NVDA_2018-11-15_nvda2019q310q.htm,ed to individual countries based on the location to which the products are initially billed even if the revenue is attributable to end customers in a different location. No customer represented 10% or more of total revenue for the third quarter and first nine months of fiscal years 2019 and 2018. Gross Margin Our overall gross margin increased to 60.4% for the thir
NVDA,2019-02-21,,umbral,,10.0,2017-12-31,,ingresos totales,NVDA_2019-02-21_nvda-2019x10k.htm,"d to individual countries based o n the location to which the products are initially billed even if the revenue is attributable to end customers in a different location. No single customer represented more than 10% of total revenue for fiscal years 2019 and 2018. In fiscal year 2017, we had one customer that represented 12% of our total revenue. Gross Profit and Gross Margin Gross"
NVDA,2019-08-15,,umbral,,10.0,2019-07-28,,cuentas por cobrar,NVDA_2019-08-15_nvda2020q210q.htm,"r represented approximately 11 % of our total revenue for the second quarter and the first half of fiscal year 2020 , and was attributable primarily to the GPU business. No customer represented 10% or more of total revenue for the second quarter and first half of fiscal year 2019 . One customer represented approximately 20 % of our accounts receivable balance as of"
NVDA,2019-08-15,,umbral,,10.0,2019-12-31,,ingresos totales,NVDA_2019-08-15_nvda2020q210q.htm,"er represented approximately 11% of our total revenue for the second quarter and the first half of fiscal year 2020 , and was attributable primarily to the GPU business. No customer represented 10% or more of total revenue for the second quarter and first half of fiscal year 2019 . Gross Margin Our overall gross margin decreased to 59.8% for the second quarter of f"
NVDA,2019-11-14,,umbral,,10.0,2019-12-31,,ingresos totales,NVDA_2019-11-14_nvda2020q310q.htm,"nue for the third quarter and approximately 11 % of our total revenue for the first nine months of fiscal year 2020 , and was attributable primarily to the GPU business. No customer represented 10% or more of total revenue for the third quarter and first nine months of fiscal year 2019 . 21 NVIDIA CORPORATION AND SUBSIDIARIES NOTES TO CONDENSED CONSOLIDATED FINANCI"
NVDA,2020-02-20,,umbral,,10.0,2019-12-31,,ingresos totales,NVDA_2020-02-20_nvda-2020x10k.htm,"ibutable to end customers in a different location. Dell represented approximately 11% of our total revenue for fiscal year 2020 and was attributable to the GPU business. No customer represented 10% or more of total revenue for fiscal year 2019 . Gross Profit and Gross Margin Gross profit consists of total revenue, net of allowances, less cost of revenue. Cost of re"
NVDA,2020-02-20,,umbral,,10.0,2020-01-26,,cuentas por cobrar,NVDA_2020-02-20_nvda-2020x10k.htm,"r countries 2 1 Total long-lived assets $ 1,791 $ 1,512 One customer represented 11 % of our total revenue for fiscal year 2020 and was attributable to the GPU business. No customer represented 10% or more of total revenue for fiscal years 2019 and 2018. One customer represented 21 % of our accounts receivable balance as of January 26, 2020, and one customer repres"
NVDA,2020-05-21,2020-04-26,umbral,,10.0,2021-12-31,,ingresos totales,NVDA_2020-05-21_nvda-20200426.htm,"millions) Revenue: Gaming $ 1,339 $ 1,055 Professional Visualization 307 266 Data Center 1,141 634 Automotive 155 166 OEM and Other 138 99 Total revenue $ 3,080 $ 2,220 No customer represented 10% or more of total revenue for the first quarter of fiscal year 2021. One customer represented 11 % of our total revenue for the first quarter of fiscal year 2020, and was"
NVDA,2020-08-19,2020-07-26,umbral,,10.0,2021-12-31,,ingresos totales,NVDA_2020-08-19_nvda-20200726.htm,"al Visualization 203 291 510 557 Data Center 1,752 655 2,893 1,289 Automotive 111 209 266 375 OEM and Other 146 111 284 210 Total revenue $ 3,866 $ 2,579 $ 6,946 $ 4,799 No customer represented 10% or more of total revenue for the second quarter and first half of fiscal year 2021. One customer represented 11 % of our total revenue for the second quarter and first h"
NVDA,2020-11-18,2020-10-25,umbral,,10.0,2021-12-31,,ingresos totales,NVDA_2020-11-18_nvda-20201025.htm,"78 353 Total revenue $ 4,726 $ 3,014 $ 11,672 $ 7,813 24 NVIDIA CORPORATION AND SUBSIDIARIES NOTES TO CONDENSED CONSOLIDATED FINANCIAL STATEMENTS (Continued) (Unaudited) No customer represented 10% or more of total revenue for the third quarter and first nine months of fiscal year 2021. One customer represented 10 % and 11 % of our total revenue for the third quart"
NVDA,2021-05-26,2021-05-02,umbral,,10.0,,,ingresos totales,NVDA_2021-05-26_nvda-20210502.htm,"llions) Revenue: Gaming $ 2,760 $ 1,339 Data Center 2,048 1,141 Professional Visualization 372 307 Automotive 154 155 OEM and Other 327 138 Total revenue $ 5,661 $ 3,080 No customer represented 10% or more of total revenue for the first quarter of fiscal years 2022 or 2021. 21 NVIDIA CORPORATION AND SUBSIDIARIES NOTES TO CONDENSED CONSOLIDATED FINANCIAL STATEMENTS"
NVDA,2021-05-26,2021-05-02,umbral,,10.0,2022-12-31,,ingresos totales,NVDA_2021-05-26_nvda-20210502.htm,to individual countries based on the location to which the products are initially billed even if the revenue is attributable to end customers in a different location. 27 No customer represented 10% or more of total revenue for the first quarter of fiscal years 2022 or 2021. Gross Margin Our overall gross margin decreased to 64.1% for the first quarter of fiscal yea
NVDA,2021-08-20,2021-08-01,umbral,,10.0,2021-08-01,,cuentas por cobrar,NVDA_2021-08-20_nvda-20210801.htm,",366 1,752 4,414 2,893 Professional Visualization 519 203 891 510 Automotive 152 111 306 266 OEM and Other 409 146 736 284 Total revenue $ 6,507 $ 3,866 $ 12,168 $ 6,946 No customer represented 10% or more of total revenue for the second quarter and first half of fiscal years 2022 or 2021. One customer represented 13 % and 16 % of our accounts receivable balance as"
NVDA,2021-08-20,2021-08-01,umbral,,10.0,,,ingresos totales,NVDA_2021-08-20_nvda-20210801.htm,ed to individual countries based on the location to which the products are initially billed even if the revenue is attributable to end customers in a different location. No customer represented 10% or more of total revenue for the second quarter and first half of fiscal years 2022 or 2021. Gross Margin Our overall gross margin increased to 64.8% and 64.5% for the s
NVDA,2021-11-22,2021-10-31,umbral,,10.0,2021-10-31,,cuentas por cobrar,NVDA_2021-11-22_nvda-20211031.htm,"6 1,900 7,350 4,793 Professional Visualization 577 236 1,468 746 Automotive 135 125 441 391 OEM and Other 234 194 970 478 Total revenue $ 7,103 $ 4,726 $ 19,271 $ 11,672 No customer represented 10% or more of total revenue for the third quarter and first nine months of fiscal years 2022 or 2021. One customer represented 14 % and 16 % of our accounts receivable bala"
NVDA,2021-11-22,2021-10-31,umbral,,10.0,,,ingresos totales,NVDA_2021-11-22_nvda-20211031.htm,ed to individual countries based on the location to which the products are initially billed even if the revenue is attributable to end customers in a different location. No customer represented 10% or more of total revenue for the third quarter and first nine months of fiscal years 2022 or 2021. Gross Margin Our overall gross margin increased to 65.2% and 64.7% for
NVDA,2022-03-18,2022-01-30,umbral,,10.0,,,ingresos totales,NVDA_2022-03-18_nvda-20220130.htm,"ed to individual countries based on the location to which the products are initially billed even if the revenue is attributable to end customers in a different location. No customer represented 10% or more of total revenue for fiscal years 2022 and 2021. Gross Profit and Gross Margin Gross profit consists of total revenue, net of allowances, less cost of revenue. C"
NVDA,2022-03-18,2022-01-30,umbral,,10.0,2020-12-31,,ingresos totales,NVDA_2022-03-18_nvda-20220130.htm,"44 $ 4,531 $ 3,025 China (including Hong Kong) 7,111 3,886 2,731 United States 4,349 3,214 886 Other countries 6,910 5,044 4,276 Total revenue $ 26,914 $ 16,675 $ 10,918 No customer represented 10% or more of total revenue for fiscal years 2022 and 2021. One customer represented 11 % of our total revenue for fiscal year 2020 and was attributable primarily to the Gr"
ORCL,2018-06-22,,umbral,,10.0,2018-12-31,,ingresos totales,ORCL_2018-06-22_d568983d10k.htm,"gs to businesses of many sizes and in many industries, government agencies and educational institutions. We also market and sell our offerings through indirect channels. No single customer accounted for 10% or more of our total revenues in fiscal 2018, 2017 or 2016. In the United States, our sales and services employees are based in our headquarters and in field offices thr"
ORCL,2019-06-21,2019-05-31,umbral,,10.0,2019-12-31,,ingresos totales,ORCL_2019-06-21_orcl-10k_20190531.htm,"gs to businesses of many sizes and in many industries, government agencies and educational institutions. We also market and sell our offerings through indirect channels. No single customer accounted for 10% or more of our total revenues in fiscal 2019, 2018 and 2017. In the United States (U.S.), our sales and services employees are based in our headquarters and in field off"
ORCL,2020-06-22,2020-05-31,umbral,,10.0,2020-12-31,,ingresos totales,ORCL_2020-06-22_orcl-10k_20200531.htm,"gs to businesses of many sizes and in many industries, government agencies and educational institutions. We also market and sell our offerings through indirect channels. No single customer accounted for 10% or more of our total revenues in fiscal 2020, 2019 or 2018. In the United States (U.S.), our sales and services employees are based in our headquarters and in field offi"
ORCL,2021-06-21,2021-05-31,umbral,,10.0,2021-12-31,,ingresos totales,ORCL_2021-06-21_orcl-10k_20210531.htm,"perform on our customers, the short duration of our payment terms for the significant majority of our customer contracts and by the diversification of our customer base. No single customer accounted for 10% or more of our total revenues in fiscal 2021, 2020 or 2019. 77 Table of Contents Index to Financial Statements ORACLE CORPORATION NOTES TO CONSOLIDATED FINANCIAL STATEME"
ORCL,2022-06-21,2022-05-31,umbral,,10.0,2022-12-31,,ingresos totales,ORCL_2022-06-21_orcl-10k_20220531.htm,"perform on our customers, the short duration of our payment terms for the significant majority of our customer contracts and by the diversification of our customer base. No single customer accounted for 10% or more of our total revenues in fiscal 2022, 2021 or 2020. We outsource the manufacturing, assembly and delivery of the substantial majority of our hardware products to"
ORCL,2023-06-20,2023-05-31,umbral,,10.0,2023-12-31,,ingresos totales,ORCL_2023-06-20_orcl-20230531.htm,"perform on our customers, the short duration of our payment terms for the significant majority of our customer contracts and by the diversification of our customer base. No single customer accounted for 10% or more of our total revenues in fiscal 2023, 2022 or 2021. We outsource the manufacturing, assembly and delivery of the substantial majority of our hardware products to"
ORCL,2024-06-20,2024-05-31,umbral,,10.0,2024-12-31,,ingresos totales,ORCL_2024-06-20_orcl-20240531.htm,"perform on our customers, the short duration of our payment terms for the significant majority of our customer contracts and by the diversification of our customer base. No single customer accounted for 10% or more of our total revenues in fiscal 2024, 2023 or 2022. Refer to “Marketable and Non-Marketable Investments” above for additional information on our non-marketable i"
ORCL,2025-06-18,2025-05-31,umbral,,10.0,2025-12-31,,ingresos totales,ORCL_2025-06-18_orcl-20250531.htm,"perform on our customers, the short duration of our payment terms for the significant majority of our customer contracts and by the diversification of our customer base. No single customer accounted for 10% or more of our total revenues in fiscal 2025, 2024 or 2023. Refer to “Marketable and Non-Marketable Investments” above for additional information on our non-marketable i"
ORCL,2026-06-22,2026-05-31,umbral,,10.0,2026-12-31,,ingresos totales,ORCL_2026-06-22_orcl-20260531.htm,"perform on our customers, the short duration of our payment terms for the significant majority of our customer contracts and by the diversification of our customer base. No single customer accounted for 10% or more of our total revenues in fiscal 2026, 2025 or 2024. We enter into certain large, long-term customer cloud arrangements that require us to make significant infras"
